municipality_code,municipality_name,taxa_crescimento_efetivo,taxa_bruta_natalidade,prop_pop_65_mais,prop_ensino_secundario,prop_nacionalidade_estrangeira,densidade_populacional,empresas_volume_negocios,percentagem_poder_compra,coeficiente_gini,disparidade_ganho_mensal,taxa_desemprego,prop_risco_pobreza,prop_agregados_unipessoais,prop_edificios_fora_urbano,prop_mais_20min_escola,prop_mais_30min_hospital,duracao_pendulares,acessos_internet_banda_larga,valor_mediano_vendas_m2,racio_vendas_estrangeiros,taxa_esforco_arrendamento,prop_alojamentos_arrendados,prop_alojamentos_sobrelotados,prop_habitacao_social,prop_alojamentos_locais,indice_envelhecimento_edificios,prop_necessidade_reparacao,prop_reabilitacao_edificado,prop_alojamentos_vagos,prop_vagos_bom_estado,prop_alojamentos_nao_classicos,certificacao_energetica_cf,consumo_energia_eletrica,emissoes_gee_edificios,prop_sem_aquecimento,prop_ar_condicionado,emissoes_gee_transportes,prop_modo_pedonal,prop_transporte_coletivo,risco_incendio_rural,risco_inundacao,risco_galgamentos_costeiros,risco_ondas_calor,risco_ondas_frio,risco_nevao,risco_seca,risco_sismo,risco_movimento_massa,risco_tsunami
0101,Águeda,36.111111111111114,46.875,40.86225596529284,61.99688681343116,13.6094674556213,98.1893931453726,78.33299133376057,95.922591327745,41.23711340206186,27.03412073490814,11.08490566037736,23.57257981658996,26.14800759013283,1.182033096926714,82.77699577719687,0,22.695346795434588,69.69186326432354,18.92545982575024,35.528596184381655,25.57567517185044,13.532896788275648,22.59828707152792,3.094532536175375,1.579332705783914,4.834210801575957,38.45478489903424,98.6,33.83084577114428,54.15128563404715,0.24213075060532688,53.67409215666855,15.836770132407205,4.289315335826964,81.85272097441056,19.886380340010575,6.956456904264837,97.35849056603772,84.82142857142857,62.525013643805714,0.8212019410227697,0,29.637333333333338,55.619907333439855,0.9067680789114028,0.011999940000304,21.741021324354655,19.489200922780693,1.5413230290097468
0102,Albergaria-a-Velha,28.47222222222222,52.083333333333336,32.99891540130151,61.21859017122525,9.615384615384617,97.89592285923906,70.81232580637095,97.88885439304563,23.71134020618558,27.03412073490814,13.14858490566038,24.21701614411748,24.32637571157495,3.0732860520094567,68.31892217977075,0,28.182616330114136,73.6880115551276,23.62052274927396,35.528596184381655,22.417869554165645,13.4081696289367,28.801925463967457,6.040048182863822,3.74437820311683,6.611519821484607,29.49956101843723,100,27.86069651741294,54.69532155298859,0,43.79866517806202,12.815281093987412,2.110099203122459,80.03128841211307,22.84616571099009,7.274935026202548,94.52830188679243,80.6547619047619,48.485537565945066,7.463605823068309,11.757902852737084,5.063999999999997,55.619907333439855,0,0,19.14001122334456,9.571124956858188,12.257050579618202
0103,Anadia,35.9375,58.33333333333333,51.03036876355747,62.66399822103623,10.798816568047338,98.33088774761556,87.63916765821274,97.77501811031772,42.268041237113415,19.94750656167979,9.66981132075472,31.578893612407445,35.40796963946869,2.955082742316785,83.02835310677659,0,28.48990342405618,69.09003370245546,13.746369796708615,35.528596184381655,21.027167195334375,7.9825381976925485,14.875370240017109,1.085426005116928,3.671164104173204,9.19772671803633,46.79543459174714,80,48.258706467661696,69.83113062222101,1.331719128329298,60.815082322658455,19.67440850879097,2.565457798015937,82.16560509554141,15.93183388260105,5.00191725959695,97.54716981132074,80.0595238095238,44.61979261415318,0,0,33.33333333333333,55.619907333439855,0.00118842474300314,0,32.08193041526375,8.828177508128826,0
0104,Arouca,62.15277777777778,58.33333333333333,35.65618221258134,77.14031576606627,2.0710059171597637,99.22571009328163,82.79591972830745,98.49943081858636,23.71134020618558,19.685039370078744,12.617924528301888,50.39002269169573,13.35863377609108,17.73049645390071,77.65936054695355,21,38.80597014925373,86.80789600385171,19.578896418199417,35.528596184381655,25.1059173259491,18.023074524477707,33.31457722688851,2.0587992718580854,6.12906599728062,3.845751542833234,39.27421714954638,74.1,21.39303482587065,69.64960490177062,0.48426150121065376,5.929535225375614,15.13783373127849,1.7319889412912668,81.6962789138451,19.742228394221225,2.16756848877338,91.1320754716981,67.85714285714285,87.95138257231217,0,0,33.33333333333333,55.619907333439855,17.518569136609425,0,6.471661054994388,53.633903108027106,0
0105,Aveiro,12.499999999999996,45.83333333333333,28.11822125813449,26.46208583500109,21.74556213017751,94.20920238968662,77.80238607944365,90.16868467349684,55.67010309278353,31.233595800524935,17.74764150943397,13.16286638306642,43.18785578747628,2.364066193853428,55.17796098934246,0,29.01668129938542,53.22580645161291,45.692158760890614,35.528596184381655,39.87111991040111,17.99189273464297,30.94950728523806,20.537031807976827,9.517832862671268,4.501237753216415,16.505706760316066,87.4,25.373134328358216,31.80909577074928,2.905569007263922,23.07556635352998,12.832645973518556,12.416653114327532,75.49446865571574,11.96854494093287,16.184866430914745,85.66037735849056,79.16666666666666,16.794387847917044,27.05300485255692,48.99323883518178,0,55.570644937956,0,0,38.45959595959596,0.1671177635283646,43.8909395005479
0106,Castelo de Paiva,60.59027777777778,64.58333333333334,27.7114967462039,80.47587280409161,2.514792899408284,98.30075463787864,90.7385632437061,98.96512470247336,10.309278350515465,18.635170603674545,25.766509433962263,57.19575037711755,6.148007590132825,29.31442080378251,100,41,56.84811237928007,86.80789600385171,16.408518877057116,35.528596184381655,17.183506124005934,11.28780792017462,33.18856767055197,5.117537824322077,1.6211693337516997,6.20707088316307,33.97717295873573,60,35.32338308457712,46.85996470051922,0,28.425191171970727,10.991968743216846,1.3416815742397137,78.66800759861437,36.38440417874536,1.8554812321588348,92.64150943396226,42.85714285714285,79.37283973076222,0,0,33.33333333333333,55.619907333439855,0.24125022282963937,0,6.471661054994388,50.776552651177994,0
0107,Espinho,36.45833333333333,71.87499999999999,47.7765726681128,52.41271959083832,6.508875739644969,79.69028403731265,91.51279330074658,96.86432784849428,49.48453608247424,22.309711286089243,43.51415094339624,24.741053752077725,38.44402277039848,2.4822695035460995,30.122662376834914,1,42.40561896400351,63.60134809821858,56.87318489835431,35.528596184381655,41.21298821461564,26.223885251013407,38.530595906774394,46.25076536829291,6.06631105532894,7.436979184826191,45.273631840796014,86,21.39303482587065,47.23038402196536,0.24213075060532688,21.68620210579248,13.91795094421532,2.630509025857863,62.10749804447424,7.090391935626461,6.352520131225768,72.26415094339622,62.20238095238094,17.20824995452065,0,33.217187592669475,0,55.619907333439855,0,0,35.61868686868687,0.05631142031934025,17.754772478228272
0108,Estarreja,30.729166666666668,50,37.28308026030368,65.1990215699355,7.840236686390532,96.72728225552876,52.70287319287091,97.76466935734246,31.443298969072178,32.28346456692914,20.93160377358491,29.303931762994168,22.732447817836807,8.983451536643026,78.34305248341042,0,32.791922739244946,76.04718343765046,20.885769603097778,35.528596184381655,21.44784287325395,22.5444340505145,28.250062392392135,3.5752791081677353,1.1086706411463236,4.9858791534465325,46.79543459174714,92.9,42.78606965174131,63.2768247158521,7.627118644067797,57.5449775119757,12.2161927501628,3.089933322491462,73.79595485529109,14.018266067700267,9.392441736611138,93.77358490566036,73.8095238095238,23.520784064034924,19.55953714072415,40.37275369195184,0,55.619907333439855,0,0,39.22979797979798,0.6248751158017111,30.359305611626976
0109,Santa Maria da Feira,45.65972222222222,48.958333333333336,27.955531453362248,59.8176562152546,3.2544378698224854,91.5247353526884,81.71814646289515,87.92300527786402,34.53608247422682,19.422572178477697,29.599056603773587,28.484033693979104,13.814041745730554,2.2458628841607564,75.97023929217775,0,32.96751536435469,71.49735194992778,27.081316553727007,35.528596184381655,25.434404559629524,17.056439039600875,35.170129513770895,12.12541791423171,0.7844367743959836,4.40012551863603,36.406204272753875,100,17.412935323383092,58.29549146818639,0.9685230024213076,50.95572099490702,13.696548730193184,4.630834281997073,71.78455693373562,25.908179150412145,28.699245877891872,95.84905660377358,75.89285714285714,38.14353283609241,0,0,20.701333333333334,55.619907333439855,0,0,8.618125701459036,6.715590997438739,0
0110,Ílhavo,10.763888888888893,52.083333333333336,29.50108459869848,44.05158994885478,12.27810650887574,92.35012053243894,52.80663024394136,96.44002897650834,47.42268041237116,35.95800524934384,21.521226415094343,20.13184979889746,35.104364326375716,4.255319148936171,54.6651920369998,1,26.33889376646181,58.281174771304755,36.25363020329139,35.528596184381655,36.899512577921875,10.508263174306206,27.41915406498343,1.9359305244785143,7.959418470871247,4.6773125065374295,28.621597892888506,89.6,19.900497512437816,50.98437153812189,9.927360774818402,28.13168468691365,13.77903190796614,4.704016913319239,74.93574701083921,9.382969689627142,6.347194410123132,95.84905660377358,86.3095238095238,14.147489539748952,15.87905935050392,83.36249332779786,0,55.61591308515737,0,0,37.81846240179574,0,48.61439529384624
0111,Mealhada,34.02777777777778,61.45833333333333,41.621475054229926,53.16877918612407,6.065088757396449,97.6849910910806,69.39738069762103,98.31315326503156,30.412371134020617,29.133858267716544,12.5,20.15312897285516,29.8292220113852,2.4822695035460995,93.34405791272872,0,34.15276558384548,69.3307655272027,18.78025169409487,35.528596184381655,14.49139323677328,13.844714686623014,12.18146766885401,3.4527531757102032,2.5311159920510407,5.6962797670931975,35.64530289727831,75,46.268656716417915,56.55693355097099,0.8474576271186443,46.39022808301387,12.650314738441509,1.8946170108960807,84.69102693038329,18.571223773734864,3.6236206382344176,93.77358490566036,70.23809523809523,42.31285246498091,0,0,33.33333333333333,55.619907333439855,0.02852219383207558,7.034964825175881,24.232603815937154,10.54295108172422,0
0112,Murtosa,4.513888888888886,47.916666666666664,38.01518438177874,75.56148543473427,4.733727810650888,98.01907556859868,95.44837666770576,99.25488978578082,43.81443298969073,19.685039370078744,13.974056603773583,53.607154477818575,36.20493358633776,6.382978723404256,62.15564045847577,2,41.35206321334503,74.31391429947038,21.999031945788964,35.528596184381655,27.96371288269826,34.923604614904896,28.476619059523,16.341473573707756,6.526513962974584,8.937972874028103,14.457126134035706,63,5.472636815920402,47.329361545215654,0.12106537530266344,55.98354231283567,22.88257000217061,0.7277606114815417,69.97429880433567,7.092374054877144,0.9298709045204724,92.64150943396226,72.91666666666666,15.150309259596144,35.53004852556924,100,0,55.619907333439855,0,0,26.203703703703702,0,80.70967183805294
0113,Oliveira de Azeméis,49.65277777777778,56.25,33.70390455531453,67.68957082499443,5.621301775147929,94.5681794361178,76.82394239670415,94.46341715823245,27.83505154639175,32.28346456692914,19.870283018867926,22.19594785836034,15.142314990512329,2.364066193853428,59.64206716267847,0,21.24670763827919,72.7491574386134,21.85382381413359,35.528596184381655,17.390568458296173,20.517617711256623,26.933588399048652,1.5861855119542545,0.5334170065892689,6.452006554862104,41.00087796312554,85,28.358208955223883,69.26837819156245,0,21.250103862336157,18.840894291295857,6.631159538136283,78.14280925243044,38.26608798277202,9.059051595586045,89.43396226415095,86.9047619047619,44.87334000363835,0,0,20.662666666666667,55.619907333439855,0.11646562481430864,0,10.044893378226718,15.345770285735046,0
0114,Oliveira do Bairro,5.20833333333333,45.83333333333333,35.00542299349241,54.65866132977539,13.75739644970414,96.18750655067603,75.62724464681672,97.98199316982304,26.80412371134022,28.346456692913392,11.202830188679249,25.378501367125,23.52941176470588,3.664302600472814,77.18680876734366,0,29.14837576821774,75.01203659123736,22.3136495643756,35.528596184381655,21.736802030101895,13.096351730589337,23.212316752096015,0.41734775647832417,1.140048112122163,5.004183954534361,42.75680421422299,92.7,33.333333333333336,69.19105036470135,9.685230024213077,37.963601538044536,14.009116561753851,1.7279232395511466,80.60118448988713,18.126016270573135,4.047548038004346,97.35849056603772,81.24999999999999,27.943651082408586,0,0,12.986666666666668,55.619907333439855,0,0,51.25000000000001,0.3669324807905397,1.440394486417902
0115,Ovar,26.041666666666668,47.916666666666664,29.36550976138828,51.12297086946852,5.621301775147929,94.93894769940258,68.90611282918873,95.10503984269896,38.659793814432994,24.146981627296594,26.12028301886793,22.506479768471245,21.821631878557877,4.609929078014185,65.66458877940879,1,38.0597014925373,63.81800674049109,31.631171345595355,35.528596184381655,29.260291187087713,20.985344558777676,33.06750446480243,8.810333151543261,8.105846668758499,5.6143439907953,25.31460345332162,99,10.945273631840797,56.600163106019096,0.6053268765133173,40.737118951467835,14.14369437812025,13.518458285900143,70.16426416359369,11.35862854152529,11.939201567892294,90.75471698113206,72.32142857142856,24.322357649627076,7.661440836132886,37.03813534191329,0.01333333333333541,55.607924588592425,0,0,39.2831088664422,0.06539390746762093,20.48272680085357
0116,São João da Madeira,26.90972222222222,61.45833333333333,31.236442516268976,47.58728040916165,14.05325443786982,60.04611675924954,68.52241231796305,97.4438580151092,45.36082474226807,21.522309711286095,35.61320754716982,22.514168904966944,31.8785578747628,0.23640661938534285,0,0,25.592625109745388,61.16995666827154,26.137463697967085,35.528596184381655,27.922170369324107,41.59650763953851,29.05793706792874,58.96271793335459,1.485200292856396,9.453993933265927,19.66637401229148,63.6,16.915422885572138,38.39081298625611,0,54.28958100932737,7.249837204254396,2.12229630834282,67.58297016426417,23.33597278702261,3.101699970175962,72.0754716981132,87.79761904761905,9.471075131890125,0,0,33.33333333333333,55.619907333439855,0,0,6.471661054994388,0.40144593195400624,0
0117,Sever do Vouga,42.18749999999999,41.66666666666667,51.03036876355747,68.71247498332221,10.798816568047338,98.94272088879572,82.65655509806315,99.17209976197869,23.195876288659793,29.133858267716544,4.3632075471698135,34.42052374028797,34.611005692599626,4.137115839243499,86.87914739593808,25,33.40649692712906,76.4082811747713,11.979670861568248,35.528596184381655,9.718871938986098,17.118802619270348,17.6044762863026,2.4935483874012494,3.828051459052401,5.543739758027963,27.45098039215686,61.9,53.7313432835821,52.53061380555744,0,45.85257651558568,21.111352289993487,0.8619287689055128,86.84769247960666,28.035073614336422,1.8767841165693837,96.79245283018868,70.23809523809523,73.59355102783334,0,0,33.33333333333333,55.619907333439855,1.495038326697962,0,6.613355780022445,42.59504822800676,0
0118,Vagos,4.687500000000001,41.66666666666667,36.41540130151843,63.95374694240603,11.68639053254438,98.05575935436536,77.06336781273541,98.1268757114768,32.98969072164948,22.572178477690297,13.67924528301887,38.38648968973191,30.43643263757116,3.309692671394799,83.91313090689725,0,34.416154521510094,70.96774193548387,28.82381413359148,35.528596184381655,28.236400088628947,15.777985656376677,21.909677824947597,3.017407116694313,4.110448697834955,1.6448171263205609,40.29850746268656,100,20.895522388059703,62.946544629888834,1.937046004842615,21.53186841907606,19.748209246798353,2.451618149292568,80.02011397921555,8.791924212344474,3.567167994546462,100,74.10714285714285,38.90644897216664,2.8219484882418815,18.774094063222822,0,55.619907333439855,0,0,51.506734006734,0.21979618898839257,10.619124516984831
0119,Vale de Cambra,55.729166666666664,52.083333333333336,47.55965292841648,67.6450967311541,7.100591715976331,98.16581071166544,79.56060757129163,98.2407119942047,28.865979381443307,29.39632545931759,8.962264150943398,24.893078952088786,25.426944971537,9.338061465721042,73.29579730544943,4,27.172958735733097,71.76215695714973,21.611810261374636,35.528596184381655,23.238698307252324,5.082631743062051,20.264088372019913,0.23739277358981023,2.332392009204058,5.934242181234964,33.30406789581504,86.3,31.343283582089555,62.78521947292418,0.24213075060532688,26.418748708877864,14.83828955936618,2.1060335013823384,85.68555145826349,46.51908224226902,2.6298410804822976,93.0188679245283,81.84523809523809,74.98067127524102,0,0,33.33333333333333,55.619907333439855,10.990552023293125,0,7.443883277216616,49.83560698261611,0
0201,Aljustrel,54.51388888888889,36.45833333333333,48.779826464208234,73.11541027351566,8.727810650887575,99.79954931348914,71.58348346867488,99.27558729173136,29.38144329896909,36.22047244094489,22.11084905660378,8.299698746889538,51.0056925996205,4.609929078014185,54.58475769153429,16,28.709394205443367,67.93452094366876,9.946757018393033,35.528596184381655,20.982356575832434,17.804801995634552,25.39490184550553,4.801799306403862,1.349231251961092,9.175063630975211,31.577407082235876,100,55.72139303482587,42.78147617058075,7.74818401937046,81.9659565108779,20.234425873670496,0.8944543828264756,86.32249413342274,62.88290840322831,2.9163648758041845,67.1698113207547,68.45238095238095,20.195106421684557,0,0,65.39999999999999,55.619907333439855,0,79.83860080699597,12.328843995510669,0.11080634320902435,0
0202,Almodôvar,65.625,60.416666666666664,59.625813449023866,76.62886368690238,12.8698224852071,99.94235405093804,95.74753802402095,99.49291110421194,42.7835051546392,14.960629921259846,19.929245283018872,35.85327844924338,58.36812144212524,35.815602836879435,60.53689925598231,99,30.0702370500439,74.45835339431873,9.922555663117134,35.528596184381655,23.77146276397309,8.917991892734642,26.532480221370175,1.671460393455633,3.5874908482376324,13.745162302569646,22.768510389230318,72.7,47.26368159203981,29.18937775106097,0.12106537530266344,54.71602433823547,28.265682656826563,0.5366726296958856,85.69672589116102,58.48204846572188,3.0260747305185123,54.1509433962264,63.69047619047619,42.09568855739494,0,0,45.76533333333333,21.588911966767853,0,100,37.88580246913581,5.700168934260957,0
0203,Alvito,36.45833333333333,22.916666666666675,52.60303687635574,70.38025350233488,7.100591715976331,99.94104391573212,91.30809667849508,99.85511745834629,39.69072164948456,33.59580052493439,26.768867924528312,26.595190864928703,52.106261859582546,23.64066193853428,100,69,33.01141352063213,64.0346653827636,13.45595353339787,35.528596184381655,23.46697341447818,53.13376987839102,18.361120002135586,16.0250200997901,7.823449429975944,25.93877479864719,55.6043312847527,50,97.51243781094529,63.14891691283011,12.227602905569007,65.65972673601911,32.3160408074669,0.09351114002276792,75.94144597161694,45.15672460438241,0.17148821950492096,54.52830188679245,52.08333333333333,19.58909405130071,0,0,66.66666666666666,55.619907333439855,0,99.21850390748044,7.4003928170594815,0.16530126609870846,0
0204,Barrancos,72.91666666666667,57.291666666666664,45.63449023861171,64.70980653769178,1.7751479289940828,99.94497432134996,91.60055109101644,99.9379074821484,39.69072164948456,7.086614173228346,39.09198113207548,26.595190864928703,53.66223908918407,11.465721040189123,100,100,30.81650570676031,86.51901781415503,11.616650532429816,35.528596184381655,23.46697341447818,5.893358278765201,16.342938809327993,5.8218885723136555,4.413764250601401,20.82650535197518,4.067895815042436,0,27.363184079602,13.563360193506387,0,92.85423196781356,15.042326893857174,0,84.288747346072185,71.31670407646328,0.11610072003749308,34.33962264150943,82.73809523809523,35.90481171548117,0,0,100,11.235820418597225,0,100,5.806677890011228,5.149770213075149,0
0205,Beja,48.78472222222223,30.208333333333332,34.97830802603036,41.27195908383366,28.254437869822485,99.66722565768788,81.85005818800342,96.69874780089,51.54639175257733,10.498687664041997,18.514150943396228,18.16702250500832,52.29601518026566,12.411347517730498,41.7956967625176,0,22.300263388937665,57.41454020221472,17.594385285575992,35.528596184381655,29.590893500068493,20.39289055191768,27.623605224156854,16.59649568961205,2.8762681727852737,28.18067710330881,27.041264266900782,93.3,45.27363184079603,29.56517457773925,9.80629539951574,73.24968775035148,19.38354677664424,3.439583672141812,86.08783104257458,69.01732955889585,3.617229772911253,66.79245283018868,77.38095238095238,19.96316172457704,0,0,66.76133333333333,42.84496990999628,0,100,8.427328843995507,0.32878603476776075,0
0206,Castro Verde,59.375,40.625,44.3058568329718,59.7509450744941,7.544378698224852,99.89518918352374,63.78848260776707,99.3169823036324,37.11340206185569,51.70603674540683,19.6933962264151,5.113397473036339,48.65275142314991,9.456264775413713,39.4631007440177,91,26.997366110623354,68.175252768416,14.78702807357212,35.528596184381655,17.187526122066437,25.63143124415341,19.152269801859376,9.43296156036667,2.9285639577450056,8.414106900038353,13.988879133743048,95.2,58.706467661691555,27.995728724415596,3.026634382566586,59.45407384750702,22.86086390275667,0.813140348024069,84.61280590010057,64.68341116056364,1.893826424097823,58.490566037735846,68.74999999999999,22.64644351464435,0,0,66.66666666666666,46.650157107099105,0,100,6.934624017957349,0.0690269023269332,0
0207,Cuba,55.38194444444444,36.45833333333333,43.573752711496745,63.75361352012452,12.57396449704142,99.7143905251022,95.43632858703576,99.69988616371728,42.268041237113415,11.023622047244096,23.938679245283023,26.35778548823335,43.56736242884251,10.992907801418442,100,3,30.0702370500439,64.22725084256139,10.52758954501452,35.528596184381655,23.989385947771584,55.534767695665735,19.847680893176285,18.96598159370806,6.641564689885995,19.92869844147694,12.730465320456542,84,67.16417910447761,19.68086601579066,7.506053268765134,86.37026567810639,22.131538962448445,0.2845991218084241,84.54575930271538,53.94138768219917,0.36853990030250094,68.49056603773585,66.66666666666666,20.980762233945793,0,0,66.66666666666666,55.619907333439855,0,100,8.075196408529742,0.0635774100379648,0
0208,Ferreira do Alentejo,56.94444444444444,44.79166666666667,50.135574837310195,75.6059595285746,42.603550295857985,99.89518918352374,76.14705626984298,99.4411673393356,35.0515463917526,12.598425196850396,28.53773584905661,41.83123221236702,57.22960151802656,17.375886524822697,56.27387894631008,11,32.83582089552239,70.94366875300915,8.010648596321394,35.528596184381655,23.17583238974911,2.5569067664483947,27.016187659713943,0,5.783913816546386,20.101286566019315,9.306409130816506,100,76.61691542288558,15.546402545026575,0.12106537530266344,97.02143522776052,21.05925765140004,0.7643519271426248,85.22739970946475,65.69256944844561,2.5073494951216397,63.20754716981132,51.19047619047619,18.70793159905403,0,0,62.83866666666667,55.619907333439855,0,68.99515502422487,20.17396184062851,0.10172385606074368,0.3705519349443452
0209,Mértola,74.82638888888889,77.08333333333333,70.93275488069412,83.01089615299088,6.065088757396449,99.99344932397022,96.28447589980362,99.60674738693989,12.37113402061855,2.0997375328083994,23.466981132075475,38.029032273280826,76.12903225806453,61.583924349881805,79.12728735169917,88,31.211589113257237,68.53635050553683,7.066795740561471,35.528596184381655,27.644481135990475,26.09915809167446,31.668560169540825,5.0879760497715925,4.403305093609456,14.343119138105369,22.914837576821775,63.6,78.60696517412936,35.72868600485059,0.6053268765133173,81.76724138329618,31.45213805079227,0.6261180679785331,81.86389540730808,60.782820985962736,0.5666567253206084,66.41509433962264,63.69047619047619,29.97771511733673,0,0,43.99066666666667,11.924162539276772,0,100,6.367845117845119,1.9799821983251895,0.28836726454812855
0210,Moura,53.29861111111111,30.208333333333332,42.27223427331887,74.64976651100731,3.4023668639053253,99.87291688502252,91.342188185157,99.03756597330022,26.28865979381444,7.874015748031497,81.4858490566038,40.6144909906209,50.77798861480076,13.829787234042554,50.92499497285341,40,24.49517120280948,74.38613384689457,7.913843175217812,35.528596184381655,19.85619408744402,13.87589647645775,34.187092715775606,4.2516832571344105,1.7362200606631104,26.18719709912486,25.226807140766756,42.9,42.78606965174131,35.546217475041296,24.33414043583535,93.8944708703322,26.93292815281094,1.024556838510327,89.63012627109174,88.4838811859597,1.219590132503941,47.73584905660377,78.86904761904762,26.908995815899583,0,0,100,11.238483250785531,0,100,11.757856341189674,1.9963306751920944,0
0211,Odemira,16.14583333333333,29.166666666666668,32.565075921908885,64.04269513008673,100,99.79692904307724,89.10548481694634,97.5369967918866,43.298969072164944,2.8871391076115493,14.268867924528305,74.47545924642809,58.10246679316889,64.77541371158392,84.9788859843153,99,34.02107111501317,84.76167549350023,28.33978702807357,46.8997283469194,48.66696072177555,6.516994075459931,64.61582666783102,0.6400011401994102,24.12927518042046,8.044524249503155,29.938542581211593,66.7,60.19900497512437,46.556781653907606,17.312348668280872,55.45824755884189,10.961580204037334,2.8500569198243615,65.16929265839758,9.504409092073391,2.120702143070172,70.56603773584905,41.9642857142857,38.2060669456067,0,0.7472866378032145,25.312,37.75230334984289,0,64.4996775016125,41.12934904601571,7.88541534213729,2.0762443047465253
0212,Ourique,70.65972222222223,64.58333333333334,64.4522776572668,77.22926395374692,16.86390532544379,99.9606959438214,93.77882529294898,99.6584911518162,30.927835051546392,6.824146981627297,26.179245283018872,28.295007934375832,72.0303605313093,43.02600472813239,67.4441986728333,100,28.050921861281825,69.54742416947519,9.511132623426912,35.528596184381655,25.82997831666206,25.97443093233552,24.388310764613117,9.123750221574348,1.903566572534254,22.45301767720791,21.18817676324261,66.7,18.90547263681592,46.53637157723101,0,67.5862068938055,28.89515953983069,0.4390957879329973,79.68488099228965,38.54191412000859,2.191001661624985,62.264150943396224,68.74999999999999,30.389303256321632,0,0,49.96133333333333,54.54412312936038,0,89.00655496722517,10.968013468013464,3.4204646600425064,0
0213,Serpa,61.979166666666664,54.16666666666667,47.83080260303688,74.00489215032242,12.72189349112426,99.89256891311184,90.98686372138904,99.01686846734968,29.38144329896909,10.498687664041997,47.99528301886794,42.4630909137978,48.50094876660342,21.394799054373525,67.39392720691735,1,29.938542581211593,77.51564756860857,11.350435624394969,35.528596184381655,27.968731111051937,4.396632366697848,27.65358650218639,0,2.3846877941637903,20.84306683867369,15.715539947322211,63.3,36.318407960199,18.644020153073814,3.2687651331719128,79.58784028482492,23.76817885825917,1.1302650837534556,83.41714158006481,68.15121986740711,1.2568701802224025,57.73584905660377,71.72619047619047,23.37752410405676,0,0,76.14266666666667,11.238483250785531,0,100,7.669753086419752,0.8010753664783564,0
0214,Vidigueira,44.09722222222223,61.45833333333333,46.80043383947938,69.42406048476761,9.763313609467456,99.8375432344618,93.80337090941416,99.63779364586568,23.195876288659793,22.309711286089243,33.37264150943397,27.21363746765274,54.307400379506646,16.548463356973997,100,0,31.079894644424925,62.10881078478575,8.906098741529526,35.528596184381655,24.73046229358542,21.920798253819772,17.95469262091201,0,0,36.46142045256442,34.65027802165642,44.4,66.16915422885573,37.1551391054101,23.849878934624694,83.46896551554583,27.775124810071627,0.2967962270287851,76.98066823108725,63.32901438730831,0.4558817263857527,71.32075471698113,64.88095238095238,29.05562124795343,0,0,78.20800000000001,37.18378867763754,0,100,16.168630751964084,4.365043323463698,0
0301,Amares,36.63194444444444,55.208333333333336,29.446854663774403,60.17344896597731,6.508875739644969,96.89235929147888,79.7734614686515,98.60291834833905,24.742268041237136,19.160104986876643,23.76179245283019,43.32066058973923,9.146110056925998,14.539007092198585,75.43736175346872,2,42.230026338893765,79.7303803562831,22.02323330106486,35.528596184381655,18.454171959743046,34.61178671655753,26.15955892581077,0,8.241815709653801,1.6631219274083886,22.241732513901084,80,15.422885572139307,44.26114562161953,0.36319612590799033,19.639245037534316,16.52702409377035,1.540900959505611,82.70197787462286,37.12745578257673,2.2091091133739513,91.1320754716981,57.738095238095234,50.78451882845189,0,0,66.66666666666666,100,3.5331867609483627,0,7.323232323232322,50.9545693992843,0
0302,Barcelos,55.38194444444444,45.83333333333333,24.593275488069413,66.66666666666666,6.36094674556213,96.01063829787236,80.89703219883772,90.68612232226016,23.71134020618558,15.223097112860897,15.44811320754717,31.46156024461666,5.047438330170779,6.264775413711584,74.92459280112608,0,30.46532045654083,79.58594126143475,27.565343659244917,35.528596184381655,25.18991249435505,30.838790146554413,34.46216473497765,3.5076585533172535,1.6630059617194854,1.9036993131341309,24.670763827919227,95.2,13.432835820895525,45.31463032357741,0.9685230024213076,3.313900391037687,17.252007814195792,11.55472434542202,68.91272767907029,28.362964971203557,18.360956073452343,88.86792452830188,62.79761904761904,37.87861560851374,0,0.00444813474882865,30.344000000000005,100,0,0,7.797418630751964,14.165046956458555,0.17878770401983968
0303,Braga,38.02083333333333,41.66666666666667,20.47180043383948,27.66288636869023,19.08284023668639,85.51645529818678,77.72330210226194,79.3438890613681,55.15463917525775,20.73490813648294,29.00943396226415,20.59349004181284,21.29032258064516,3.309692671394799,42.83128896038609,0,35.25021949078139,65.79200770341839,35.40658276863504,49.09054199952732,37.36356229960528,19.176800748362957,31.4123882679271,7.2869799798728385,4.2673360527141515,1.5070952895645202,20.134621012584137,86.6,14.925373134328366,20.635320816200547,0.12106537530266344,29.63721493883675,11.712611243759495,26.4799154334038,76.58956307967371,42.331088790865955,30.937113885220057,83.9622641509434,62.79761904761904,38.85528470074586,0,0,56.379999999999995,100,0.6548220333947353,0,7.225028058361389,21.114966122322937,0
0304,Cabeceiras de Basto,57.11805555555556,55.208333333333336,32.565075921908885,73.44896597731821,2.514792899408284,99.21260874122208,92.94208072379072,98.97547345544862,22.680412371134015,7.086614173228346,34.78773584905661,64.58118028488616,21.366223908918407,14.420803782505912,75.67866478986527,0,37.840210711150135,88.5652383245065,13.117134559535334,35.528596184381655,12.571939044944619,9.541627689429372,32.27541561280959,2.028381838058082,6.652023846877942,2.0292179491649525,34.240561896400344,62.1,16.915422885572138,58.73087733823269,0.12106537530266344,12.568283136433692,14.226177555893209,1.7767116604325908,90.36763884232874,11.826289609969807,1.682927868433386,84.52830188679245,57.14285714285714,83.39435146443515,0,0,66.66666666666666,100,38.819894230197875,0,6.471661054994388,62.11149661223229,0
0305,Celorico de Basto,56.423611111111114,72.91666666666666,35.95444685466377,80.32021347565042,1.0355029585798814,98.77895398805155,90.02079682530658,98.913380937597,23.71134020618558,9.448818897637794,26.415094339622648,68.84516234926396,28.88045540796964,26.95035460992908,90.82043032374824,2,46.31255487269535,96.07607125662012,11.1568247821878,35.528596184381655,17.301571907943476,7.545993140006237,22.792498266668648,0,6.055851898336994,3.078693211533768,49.22446590576529,100,36.318407960199,73.2026867273219,0.9685230024213076,11.694022982272784,10.631647492945522,1.8661570987152385,89.83126606324728,11.292833763104625,2.099399258659623,91.69811320754717,40.47619047619047,71.0057758777515,0,0,66.66666666666666,100,20.84734684176125,0,6.471661054994388,41.91204519445605,0
0306,Esposende,27.256944444444443,36.45833333333333,25.4880694143167,51.54547476095173,9.911242603550296,94.87475107431086,84.51221443608672,96.85397909551898,46.391752577319586,16.010498687664043,14.622641509433963,33.964777508807686,16.12903225806452,3.0732860520094567,83.55117635230243,0,34.32835820895522,62.879152623976886,43.03000968054211,28.202300288916916,42.25592146520326,16.089803554724043,26.39713921473552,2.9092449973278938,14.28720845099885,0.8751438234371187,13.930348258706468,95.5,4.47761194029851,36.600103743948345,0.24213075060532688,10.99334951881786,24.219665726069028,3.785168320052041,72.63381383394794,7.055887736668794,7.43364151506114,92.0754716981132,68.74999999999999,27.668501000545753,8.2829413960433,39.90866496649071,0,99.99866858390584,0,0,16.604938271604937,4.041706780984905,18.178672357114024
0307,Fafe,57.986111111111114,54.16666666666667,33.70390455531453,74.07160329108294,3.2544378698224854,97.15962687349334,86.48740200427602,96.39863396460728,30.412371134020617,9.448818897637794,33.313679245283026,49.21082962487005,20.759013282732443,12.411347517730498,72.49145385079429,0,27.963125548726943,75.4694270582571,21.055179090029043,35.528596184381655,16.3104057456482,20.42407234175242,25.573358822996145,7.775984304513282,0.721681832444305,1.999581604546564,23.792800702370496,93.1,22.388059701492544,48.3935663387727,0.24213075060532688,21.19094184688475,13.614065552420229,4.899170596845016,80.93641747681305,32.289150866221625,6.765796088790423,84.33962264150942,63.39285714285713,72.35310169183191,0,0,66.66666666666666,100,24.55879731416008,0,6.471661054994388,38.23000490454306,0
0308,Guimarães,57.8125,47.916666666666664,25.32537960954447,63.042028018679105,6.508875739644969,91.5470076511896,77.17368556697693,86.43278484942564,31.443298969072178,13.385826771653544,27.771226415094347,20.991391349598626,11.650853889943075,20.33096926713948,70.6917353710034,0,28.402107111501312,71.95474241694751,27.831558567279767,29.12847705412169,24.33644016485946,16.682257561584034,35.91269264344319,22.50257712439066,1.9872398284698256,2.548725637181409,20.163886450102428,86.8,9.950248756218906,35.04286203399248,0,23.828574132874287,15.098762752333403,16.470157749227514,73.91887361716392,44.2480455434189,25.918154318094672,85.28301886792453,66.96428571428571,44.586820083682014,0,0,64.22933333333333,100,0.954305068631529,0,6.471661054994388,28.626182993951065,0
0309,Póvoa de Lanhoso,30.03472222222222,46.875,31.86008676789588,75.80609295085611,5.473372781065089,97.82386542291164,84.56025917648672,98.43733830073477,18.041237113402065,6.561679790026248,28.53773584905661,50.260041123828614,14.952561669829228,22.10401891252955,73.65775186004423,1,32.704126426690074,76.96196437168994,19.09486931268151,35.528596184381655,18.09668854198372,18.490801371998753,23.28464587783214,2.950575847895889,1.7989750026147893,1.4338760852132073,39.39127889961955,98.4,15.422885572139307,64.44758442639565,0.6053268765133173,25.171787972546504,18.558714998914695,2.252398764026671,85.18270197787461,25.44760786767593,2.146265604362831,85.84905660377359,54.76190476190476,63.679052210296526,0,0,66.66666666666666,100,3.6603482084497,0,6.471661054994388,42.23538173693484,0
0310,Terras de Bouro,63.36805555555556,67.70833333333334,49.999999999999986,79.18612408272182,2.8106508875739644,99.75500471648674,95.41180309542696,99.60674738693989,19.072164948453626,40.68241469816273,43.3372641509434,58.22958430252952,33.13092979127135,16.430260047281326,86.0044238890006,89,55.355575065847226,67.30861819932595,13.431752178121975,35.528596184381655,48.23566312609825,61.70876208294356,25.40169847501555,4.463218488446703,43.82386779625562,4.885638576060807,54.78489903424055,100,29.850746268656724,71.03144915210883,0.36319612590799033,24.652488127221655,18.089863251573693,1.4229956090421203,86.6130293887585,15.00637951108982,0.5645264368795535,80.94339622641509,41.071428571428555,85.68651082408587,0,0,76.44,100,57.20957870342861,0,6.446408529741861,100,0
0311,Vieira do Minho,54.51388888888889,80.20833333333334,51.22017353579176,81.32088058705803,2.366863905325444,99.32397023372812,96.25624475131168,99.24454103280554,27.319587628866003,3.9370078740157486,36.79245283018869,65.99486980745858,29.8292220113852,28.368794326241137,80.18298813593405,37,47.49780509218613,74.57871930669235,11.1568247821878,35.528596184381655,21.819797273892128,74.86747739320238,24.732709242622345,11.835406693461351,0,3.5415431818974232,35.762364647351475,73.5,21.39303482587065,71.22978830612603,0.36319612590799033,26.98902117653002,16.726720208378552,0.82533745324443,89.50720750921892,7.623507875143745,1.1780495079033704,84.90566037735849,45.83333333333333,82.15503911224303,0,0,66.66666666666666,100,41.819478281537826,0,6.471661054994388,74.16940655028974,0
0312,Vila Nova de Famalicão,45.65972222222222,38.54166666666667,24.51193058568329,57.52724038247721,7.6923076923076925,91.170998847081,71.58343651067672,87.93335403083928,29.896907216494867,31.75853018372704,25.35377358490567,19.19838287888293,8.462998102466795,6.501182033096928,73.70802332596018,0,31.65057067603161,75.10832932113625,28.896418199419166,35.528596184381655,23.743891682648268,12.690988462737762,32.1655979986248,6.156029738816937,0,2.2349290471043544,21.744220076090137,84.1,16.417910447761194,41.69783902857114,0.24213075060532688,14.328910923838198,16.6789667896679,15.616360383802242,73.31545424069728,40.88218269321943,25.16509735418176,90.37735849056604,69.04761904761905,31.703656539930876,0,0,33.36933333333334,100,0,0,8.598484848484846,10.483006666545569,0
0313,Vila Verde,34.89583333333333,38.54166666666667,30.341648590021684,65.57705136757838,5.769230769230769,97.2644376899696,88.82344166344495,96.49177274138466,26.28865979381444,10.761154855643046,23.76179245283019,51.3632969733113,10.77798861480076,13.238770685579196,83.89302232053087,1,41.35206321334503,81.00625902744343,24.467570183930302,38.40152212471411,27.21854865296761,10.851262862488309,28.498768192928576,0.8995605512901903,0,1.3301488790488476,20.8955223880597,100,16.915422885572138,45.500084416356486,3.2687651331719128,9.250124033258096,14.990232255263727,4.212067002764678,79.68488099228965,31.15509548460431,5.500404754803801,92.26415094339625,62.20238095238094,55.15622157540477,0,0,62.412,100,5.981341731534851,0,7.767957351290683,41.84120179469946,0
0314,Vizela,43.40277777777778,35.416666666666664,18.627982646420826,72.82632866355347,3.4023668639053253,86.96022429514726,83.49694897450674,98.09582945255096,16.49484536082476,26.771653543307096,24.174528301886795,23.49046199030804,2.2770398481973424,6.73758865248227,56.324150412226025,0,27.524143985952588,79.03225806451613,21.321393998063893,35.528596184381655,20.53902012466432,6.142812597443093,43.312461960964455,1.7904654127871098,0,0.8995502248875563,16.76909569798068,80.8,9.950248756218906,41.62112228185006,0.12106537530266344,1.5622317535193413,10.631647492945522,2.488209464953651,67.31478377472342,47.027077313552624,3.5330833794895837,78.86792452830188,69.04761904761905,41.49877205748591,0,0,66.66666666666666,100,0,0,6.471661054994388,39.67048736626037,0
0401,Alfândega da Fé,72.91666666666667,95.83333333333331,73.86117136659436,79.475205692684,5.769230769230769,99.8847081018761,98.83881591329008,99.75162992859362,34.53608247422682,0.7874015748031498,41.273584905660385,70.42307573875549,50.20872865275143,3.546099290780142,62.99014679268048,25,23.397717295873573,86.66345690900337,5.058083252662149,35.528596184381655,10.550602528050025,44.808231992516376,9.288209598939744,9.096424040160692,3.3887668653906493,6.556605418221122,23.734269827333915,100,50.74626865671642,31.79734557262836,1.452784503631961,37.425567695306,26.503147384415023,1.0204911367702063,95.57492457257794,26.720356188860137,0.3866473520514678,66.79245283018868,81.24999999999999,70.33268146261598,0,0,87.78533333333333,100,23.751856913660944,50.00074999625003,8.118686868686867,27.12938911191441,0
0402,Bragança,47.04861111111111,58.33333333333333,47.58676789587852,39.13720257949743,21.89349112426035,99.6580547112462,93.7683067013618,96.7608403187416,48.96907216494846,9.448818897637794,23.17216981132076,28.833411578823405,45.50284629981024,5.91016548463357,51.46792680474562,1,17.471466198419666,64.22725084256139,17.521781219748306,35.528596184381655,5.924756505467121,19.55098222637979,18.999178488473287,10.12305538896185,4.622947390440331,3.317527282870193,19.31518876207199,75,17.412935323383092,32.88997432241253,1.331719128329298,17.682538583334292,27.46255697851096,5.281346560416328,94.49100458151749,10.655252627171858,6.248135997614078,73.9622641509434,89.28571428571428,74.3723849372385,0,0,67.11066666666666,100,71.02501634084022,50.00074999625003,7.943322109988775,19.463769958765507,0
0403,Carrazeda de Ansiães,61.80555555555556,100,72.20715835140999,86.70224594173894,5.177514792899409,99.80347971910702,97.01775120333728,99.66883990479148,34.020618556701045,2.624671916010499,42.62971698113208,66.77351360840208,63.37760910815939,6.973995271867612,70.47054092097325,99,26.075504828797182,84.73760231102551,5.808325266214908,35.528596184381655,20.768916553330435,15.247895229186156,19.728794731883696,6.986481746709987,2.865809015793327,6.696070569366479,84.05033655253146,60,9.950248756218906,89.469238487643,16.707021791767556,0,20.230084653787713,0.47568710359408034,95.25086601854956,14.95116672753666,0.4920966298836863,70.75471698113208,64.28571428571428,77.04315990540294,0,0,66.66666666666666,100,38.10327411016697,50.00074999625003,7.1745230078563464,55.96446931027592,0
0404,Freixo de Espada à Cinta,100,62.5,72.31561822125813,90.97175895041138,6.36094674556213,99.89125877790588,96.970215621803,99.82407119942047,17.010309278350537,2.624671916010499,28.478773584905664,48.56714474585564,61.97343453510437,15.248226950354612,100,100,15.408252853380157,84.71352912855079,3.77541142303969,35.528596184381655,18.944496315555178,18.33489242282507,11.029323722150211,13.88049535057262,4.2464177387302575,6.120776820891879,35.733099209833185,66.7,10.447761194029855,28.286096547519435,0,67.81773398552497,28.81701758194052,0.2317449991868597,99.09487093530002,27.498877381682817,0.2769374973371395,44.90566037735849,68.74999999999999,82.43360014553393,0,0,100,99.9973371678117,31.98407510844376,50.00074999625003,4.12317620650954,38.98021834299104,0
0405,Macedo de Cavaleiros,52.604166666666664,77.08333333333333,65.15726681127983,73.24883255503669,4.5857988165680474,99.78775809663556,96.68145881622227,98.9547759494981,44.3298969072165,4.724409448818898,27.830188679245293,72.71261891376331,53.70018975332068,6.146572104018913,63.37220993364166,1,24.7585601404741,83.0524795377949,10.067763794772508,35.528596184381655,10.383186082486006,25.25724976613658,16.032504765068374,8.777993339649736,4.256876895722205,6.362225863812281,43.89815627743634,90.6,34.82587064676618,59.971911264878266,0.7263922518159807,42.286878928742425,22.02300846537877,2.211741746625467,96.05542518717176,10.68275262802992,2.4274636785820807,64.33962264150942,74.70238095238095,70.0632162997999,0,0,67.66000000000001,100,42.51946045516667,50.00074999625003,8.303872053872059,18.077782419937876,0
0406,Miranda do Douro,76.3888888888889,89.58333333333334,76.40997830802603,73.2265955081165,5.177514792899409,99.88732837228802,97.26680971727616,99.57570112801407,31.443298969072178,9.973753280839896,17.570754716981135,45.553989421725646,55.33206831119545,3.309692671394799,74.83410416247737,100,17.9982440737489,87.14492055849783,6.364956437560504,35.528596184381655,6.775329832965495,12.254443405051452,8.420007289006561,3.750707452203653,4.528814977512813,3.632195530141906,27.158326016973955,35.3,41.29353233830847,38.540038756448425,0.24213075060532688,30.649558937641743,33.02365964836119,0.7277606114815417,91.47390769918428,12.604714724919514,0.5836990328490477,65.66037735849056,76.19047619047619,61.19360560305622,0,0,100,99.99866858390584,67.81745795947471,50.00074999625003,10.339506172839512,2.748360611069735,0
0407,Mirandela,58.50694444444445,69.79166666666666,58.24295010845986,61.55214587502778,6.508875739644969,99.63054187192118,95.70332908124186,98.26140950015524,42.268041237113415,6.561679790026248,39.32783018867925,52.85680643618802,44.59203036053132,24.70449172576832,58.93826663985522,0,20.8955223880597,72.09918151179585,14.448209099709583,35.528596184381655,6.066812073114823,18.17898347365139,16.936302705883723,11.22503417294673,1.401527036920824,4.8847669188661484,43.69329821480831,100,31.343283582089555,49.661173521792776,1.331719128329298,40.72906403312305,25.35706533535923,3.0736705155309805,93.74231757738292,42.807059079921736,4.508755485492736,67.1698113207547,82.73809523809523,61.81098781153357,0,0,67.32933333333332,100,6.303404836888705,50.00074999625003,7.651515151515152,14.541061924397376,0
0408,Mogadouro,69.09722222222221,59.375,73.77982646420824,74.62752946408716,2.9585798816568047,99.91484121161304,98.29713863383633,99.46186484528616,38.659793814432994,11.286089238845143,29.42216981132076,61.877155568197054,52.94117647058824,14.775413711583926,66.65996380454455,97,22.95873573309921,93.54838709677418,4.428848015488867,35.528596184381655,7.830734120382093,9.04271905207359,10.565445792971088,5.056240439739423,4.5811107624725445,5.290959171577002,48.083113842551946,60,37.810945273631845,71.31685849636224,0.7263922518159807,32.99247207633972,21.65834599522466,1.2359733289965849,94.73684210526316,8.900461967694058,0.7541221081334413,65.66037735849056,75.89285714285714,66.22248499181372,0,0,99.89733333333334,100,48.44138094955138,50.00074999625003,6.4113355780022445,20.18491943833899,0
0409,Torre de Moncorvo,80.38194444444444,90.625,81.45336225596529,81.38759172781853,1.7751479289940828,99.89125877790588,98.09713043228652,99.57570112801407,26.28865979381444,8.136482939632545,23.466981132075475,61.06679733162708,79.27893738140416,6.501182033096928,67.45425296601648,99,26.86567164179104,80.09147809340395,2.541142303969022,35.528596184381655,18.909878514526156,36.264421577798565,9.405925879627029,9.43747850563653,0,26.618667410480807,7.140766754462979,40,41.7910447761194,8.457890380254208,0,72.99355462043559,28.031256783156067,1.0774109611318912,95.18381942116436,36.50808793896571,0.6742362915938819,68.1132075471698,72.91666666666666,80.11415317445878,0,0,94.89066666666668,100,22.65494087586903,50.00074999625003,8.225308641975309,43.263519282120214,0
0410,Vila Flor,59.54861111111111,72.91666666666666,67.24511930585682,82.1436513231043,5.769230769230769,99.75762498689863,96.2511759708249,99.6274448928904,34.020618556701045,11.023622047244096,37.73584905660378,73.28878019684679,46.413662239089184,6.8557919621749415,69.54554594811984,8,22.783143107989464,85.58016369764083,4.235237173281703,35.528596184381655,2.451401743040508,17.18116619893982,18.63423105518904,5.80466485027615,0,5.980440012551864,52.06321334503951,100,55.72139303482587,71.46769053435116,0,72.09680100060926,22.40937703494682,0.565132541876728,95.4520058107051,22.69458298351515,0.5187252353968729,69.43396226415094,63.988095238095234,70.00181917409498,0,0,67.06800000000001,100,22.107077069344587,50.00074999625003,8.4104938271605,31.06937203683857,0
0411,Vimioso,55.55555555555556,80.20833333333334,90.02169197396964,91.48321102957526,1.7751479289940828,99.94104391573212,98.4157780161798,99.77232743454414,29.896907216494867,0,19.988207547169814,63.42002841726686,77.98861480075902,2.4822695035460995,100,83,25.812115891132564,98.70004814636494,2.6137463697967087,35.528596184381655,10.847295734778006,71.71811661989399,8.526856044161581,7.928380375053873,0,3.342805341515289,28.41673983026046,100,27.363184079602,46.227671349926666,0,38.21398204396736,30.5014108964619,1.1465278907139371,95.3402614817298,5.709401552173789,0.3514975927740616,51.698113207547166,75.29761904761904,72.64303256321631,0,0,89.80266666666668,100,47.589280408818105,50.00074999625003,9.11335578002245,16.737207316851645,0
0412,Vinhais,76.90972222222221,87.49999999999999,91.56724511930584,96.10851678897042,0.14792899408284035,99.91615134681898,100,99.5653523750388,21.649484536082493,8.661417322834646,24.764150943396228,76.90657340482431,59.69639468690703,17.375886524822697,83.26965614317314,79,32.13345039508341,89.96148290804044,4.428848015488867,35.528596184381655,12.386151657158887,24.197068911755537,7.910658412286867,5.27663226435863,0,6.3055681461594775,40.21071115013169,100,0,70.90781891006698,0.48426150121065376,65.83185210855957,20.625135663121338,0.8375345584647907,96.04425075427422,4.631718617472313,0.7147117719739253,65.09433962264151,69.94047619047619,81.77187556849191,0,0,81.15733333333333,100,64.36627250579357,33.508332458337705,6.440796857463525,34.5134511634666,0
0501,Belmonte,40.97222222222222,62.5,58.4056399132321,70.15788303313319,4.437869822485207,99.36327428990673,91.63548113335972,99.57570112801407,13.91752577319589,26.50918635170604,34.964622641509436,38.02778998938442,46.831119544592035,29.550827423167853,65.32274281118038,0,30.421422300263384,68.58449687048628,8.422071636011616,35.528596184381655,3.978610650255967,1.9020891799189277,17.671116095382537,0,4.215040267754419,6.046685959345908,21.334503950834065,75,54.726368159203986,37.894912722915485,0,68.01839079736529,25.335359235945297,0.6505122784192552,93.60822438261258,34.02321363149491,1.200417536534447,81.32075471698113,74.10714285714285,62.95365653993087,0,0,100,55.619907333439855,17.841820666706283,50.00074999625003,15.883838383838386,14.561043396123594,0
0502,Castelo Branco,40.625,43.75000000000001,48.31887201735358,42.78407827440515,14.497041420118345,99.56896551724137,88.91829011143649,95.06364483079788,36.59793814432991,18.635170603674545,17.570754716981135,18.292845418943383,53.05502846299811,15.7210401891253,42.19786848984516,0,23.485513608428445,51.564756860856996,12.947725072604063,24.675909848556156,12.75857482036564,18.08543810414718,12.944965600751868,7.130524629534299,1.1505072691141096,13.051323175621492,23.353819139596137,90.8,35.820895522388064,36.15972447618648,0.24213075060532688,58.73823219527976,25.717386585630564,6.427874451130265,92.2561180020114,78.71275201057453,6.84674704955051,70.75471698113208,84.52380952380952,57.0595324722576,0,0,89.43066666666665,56.43739681525272,4.032325153009685,50.00074999625003,7.376543209876547,8.43218106846379,0
0503,Covilhã,46.00694444444444,57.291666666666664,51.92516268980476,51.034022681787846,15.236686390532544,98.95582224085528,89.40301069326863,96.00538135154714,35.567010309278345,13.648293963254597,29.481132075471702,23.17855682526328,54.914611005692606,27.77777777777778,67.80615322742811,1,27.04126426690079,47.49638902262879,16.021297192642788,6.268194359023754,20.631115913665298,20.5799812909261,16.95716242794523,17.750413643203288,3.4933584353101135,10.829468986437016,36.96224758560139,100,47.76119402985075,52.694749931166186,0.48426150121065376,41.91285529349267,25.439548513132188,5.297609367376809,94.43513241702983,35.38928331476854,6.6944314260150835,84.52830188679245,67.85714285714285,82.07772421320719,0,0,92.93333333333334,55.619907333439855,47.519163348980925,50.00074999625003,10.878226711560044,40.655028973134,0
0504,Fundão,35.24305555555555,58.33333333333333,59.27331887201734,67.73404491883477,13.313609467455622,99.54407294832826,89.65998498403967,97.88885439304563,28.865979381443307,17.322834645669293,22.16981132075472,37.00523566042281,57.571157495256166,33.333333333333336,68.99255982304443,1,26.997366110623354,63.50505536831969,12.92352371732817,0,18.460495413497213,25.22606797630184,13.91148297038072,0.8351386333350891,0,6.692583940587846,43.75182908984489,88.9,51.24378109452737,58.83907344188095,0.36319612590799033,44.9718076228248,26.69850227914044,3.5737518295657833,94.5357023131076,44.31209957451007,4.144476162072346,70.94339622641508,76.48809523809523,68.88530107331272,0,0,94.148,55.619907333439855,21.730346425812584,50.00074999625003,7.121212121212121,18.86069281211967,0
0505,Idanha-a-Nova,44.61805555555555,62.5,87.2288503253796,88.25883922615077,17.159763313609467,99.97641756629284,96.53973488198484,99.48256235123668,16.49484536082476,3.4120734908136487,26.06132075471698,42.48837860586278,76.66034155597723,13.238770685579196,76.1210536899256,50,29.543459174714663,78.43042850264806,1.5972894482090998,35.528596184381655,18.659232831161344,2.5569067664483947,17.654344884178272,0.747445113273337,3.5247359062859536,10.486036051741571,31.577407082235876,70.5,37.810945273631845,43.30576547128333,4.600484261501211,100,26.27740395051009,0.6342494714587738,91.4850821320818,60.21696264044659,0.7679689830002983,53.77358490566037,71.72619047619047,48.2365381116973,0,0,100,94.52921126910584,1.7505496464436392,50.00074999625003,6.422558922558927,4.692012860801802,0
0506,Oleiros,45.486111111111114,67.70833333333334,94.90238611713664,91.54992217033578,7.6923076923076925,99.9187716172309,87.94289869857718,99.69988616371728,25.25773195876288,27.29658792650919,3.183962264150944,44.44799853326986,79.12713472485768,54.84633569739953,79.31831892217977,95,32.48463564530289,87.04862782859894,6.098741529525654,35.528596184381655,18.157959149931717,2.6816339257873403,5.759865253808265,0,1.2446396820416272,11.15459712004463,29.938542581211593,77.8,15.920398009950253,40.04605449123824,0,59.775014131432904,15.567614499674404,0.365913156610831,99.08369650240247,13.365575775735756,0.43777427463678587,77.35849056603774,76.19047619047619,93.60901400764052,0,0,66.66666666666666,55.619907333439855,41.132568780082,50.00074999625003,6.906565656565659,36.39534250059036,0
0507,Penamacor,46.00694444444444,84.375,91.59436008676788,87.28040916166331,13.461538461538462,99.94235405093804,92.34374861956064,99.73093242264306,12.37113402061855,6.0367454068241475,27.47641509433963,42.38985054574222,82.84629981024669,12.05673758865248,79.72049064950734,36,28.48990342405618,82.16177178623013,2.2265246853823815,35.528596184381655,17.206134350125353,2.2450888681010293,22.64232615434168,0,2.918104800753059,9.18639517450577,29.52882645595551,50,50.24875621890549,40.25090601360475,2.300242130750606,77.02434076789018,23.06056001736488,0.4960156122946821,93.60822438261258,40.02235697926221,0.43457884197520347,73.9622641509434,57.440476190476176,64.12474986356195,0,0,100,96.31197741918304,26.62784479172856,50.00074999625003,8.106060606060604,14.17231294617718,0
0508,Proença-a-Nova,51.90972222222222,76.04166666666666,75.02711496746204,75.29464087169222,7.396449704142012,99.81920134157843,89.188821847104,99.51360861016248,22.16494845360827,26.771653543307096,18.514150943396228,38.38647891828211,62.998102466793185,58.274231678487,64.29720490649508,88,34.85513608428447,78.50264805007222,10.140367860600191,35.528596184381655,15.768844301769716,1.5279077019020892,10.384839379291396,0,1.9140257295262004,6.428471810606324,35.879426397424645,44.4,12.437810945273638,47.5930862742147,0.12106537530266344,52.82691663594542,21.727805513349253,0.6220523662384128,88.75852050508436,36.14958703616229,0.6529334071833327,74.90566037735849,69.34523809523809,76.16086046934691,0,0,66.66666666666666,55.619907333439855,10.048131202091628,50.00074999625003,7.633277216610554,17.35663294036439,0
0509,Sertã,44.96527777777778,64.58333333333334,55.50433839479392,71.33644651990214,10.94674556213018,99.6161303846557,85.8420179858927,98.93407844354756,22.680412371134015,11.811023622047244,16.863207547169814,55.00753020864989,56.20493358633776,34.633569739952726,71.15423285743012,100,26.733977172958735,77.87674530572941,15.706679574056148,35.528596184381655,20.269750335017953,6.953539133146243,13.871173627350275,2.3514541223588763,2.3114736952201653,8.462919702939228,36.435469710272166,100,27.363184079602,62.88725239687455,0.12106537530266344,27.139430288046473,17.946602995441722,1.41486420556188,88.95966029723992,21.49314607199761,1.2781730646329514,89.0566037735849,74.40476190476191,83.26132435874112,0,0,66.66666666666666,55.619907333439855,11.082060728504366,50.00074999625003,6.851851851851852,19.95785725963198,0
0510,Vila de Rei,48.09027777777778,65.625,81.96854663774403,80.00889481876806,7.840236686390532,99.81920134157843,94.1397444667831,99.79302494049467,7.216494845360819,3.149606299212599,12.382075471698116,27.50263595562376,62.65654648956358,29.432624113475175,75.04524431932435,21,29.45566286215979,83.19691863264322,5.445304937076476,35.528596184381655,26.11474170158859,20.455254131587157,11.836294870967093,11.541086028611833,3.964020499947704,5.0957079599735025,26.602282704126424,69.6,4.47761194029851,84.19067585987268,0,15.145320199020096,19.027566746255697,0.21548219222637827,88.90378813275225,19.150739589798537,0.250308891823953,85.84905660377359,67.85714285714285,92.14912679643442,0,0,66.66666666666666,55.619907333439855,0.25075762077366454,50.00074999625003,8.922558922558922,31.8050534958493,0
0511,Vila Velha de Ródão,24.305555555555554,55.208333333333336,95.03796095444685,85.52368245496997,14.644970414201184,99.91353107640708,23.614640610281707,99.77232743454414,12.886597938144332,38.05774278215224,22.34669811320755,22.05143021897678,63.45351043643264,4.491725768321513,100,2,26.251097453906937,74.67501203659124,2.8315585672797674,35.528596184381655,11.92222216782999,50.35859058309947,8.663242961952774,0,2.939023114736952,16.269481538300617,18.52502194907814,75,29.35323383084577,44.61290080964627,10.290556900726394,51.51436780964891,23.077924896896025,0.7033664010408196,90.2782433791485,62.71518566002277,2.6010821865280565,73.9622641509434,63.69047619047619,59.974758959432414,0,0,72.25333333333333,55.619907333439855,0.04516014023411967,50.00074999625003,9.747474747474747,17.015131423589036,0
0601,Arganil,34.20138888888889,68.75,61.3882863340564,76.56215254614186,13.75739644970414,99.60433916780212,89.66751838860112,99.24454103280554,16.49484536082476,15.485564304461944,14.91745283018868,38.35033664739509,52.713472485768506,53.78250591016549,76.80474562638247,100,29.192273924495165,63.047664901299946,8.446272991287513,72.9076568064518,12.77093679123246,5.768631119426255,14.057108451373038,2.066688111476768,4.445141721577241,19.24357588647537,41.87884108867427,92.3,29.35323383084577,66.87418366240581,1.2106537530266346,46.0194186132641,21.05925765140004,1.158724995934298,89.26136998547324,12.841432939922647,0.969281240679988,84.52830188679245,70.23809523809523,92.4254138621066,0,0,66.66666666666666,55.619907333439855,29.016578525164892,50.00074999625003,14.718013468013464,43.81936749559499,0
0602,Cantanhede,30.902777777777775,50,53.3351409978308,62.99755392483877,6.508875739644969,98.86804318205638,85.59804435232566,97.20583669667803,35.0515463917526,22.047244094488192,15.330188679245284,38.41584608712859,37.00189753320684,6.028368794326241,78.76533279710436,0,37.09394205443371,74.26576793452094,19.167473378509197,35.528596184381655,17.799630555681727,11.318989710009356,16.04253538232486,0.4972038402822258,1.0877523271624308,4.5762002719570445,35.23558677202224,82.4,37.810945273631845,59.61444684240051,1.573849878934625,31.379310337758582,18.31126546559583,4.268986827126362,83.77472343278579,11.04858026884452,6.174641046397682,94.71698113207546,78.27380952380952,40.69833545570312,0,4.72688452642192,13.727999999999998,55.619907333439855,0,0.07349963250183672,38.51010101010101,0.15985177380974006,1.1505853855470327
0603,Coimbra,30.03472222222222,44.79166666666667,39.560737527114966,17.05581498776961,19.230769230769223,94.02971386647104,88.8783758130031,83.30746145089518,63.402061855670134,26.24671916010499,21.049528301886795,7.552488589460489,55.02846299810247,2.4822695035460995,51.28694952744822,0,37.88410886742757,50.144439094848344,38.310745401742494,46.78839066493883,30.958830941292614,16.806984720922983,21.818458190068757,9.598951214755992,5.4178433218282604,7.368118266448172,27.363184079601993,86.4,67.66169154228855,26.439115554032313,0.36319612590799033,40.595877235492715,17.95094421532451,19.01122133680273,79.84132305285506,30.605819405987884,22.97196540411572,92.83018867924528,62.20238095238094,43.50895943241769,1.7487868607689436,0,33.33333333333333,55.619907333439855,0,45.05977470112649,25.601851851851855,15.056947194419717,2.5837706903512316
0604,Condeixa-a-Nova,22.569444444444443,41.66666666666667,32.944685466377436,36.46875694907715,5.473372781065089,98.36495126297034,88.74718187443811,98.60291834833905,33.50515463917526,24.67191601049869,10.495283018867925,9.11457648096013,26.52751423149905,4.137115839243499,65.13171124069977,0,45.82967515364355,77.01011073663938,28.02516940948693,35.528596184381655,17.929895348930838,11.599625818521982,10.51191468888147,2.169299621185736,2.2173412822926473,6.979359157630487,42.522680714076664,76.5,51.24378109452737,76.0149299099809,0.12106537530266344,25.468100803779425,9.034078576079876,1.2847617498780288,84.53458486981785,27.377132683793217,5.176600911763454,97.35849056603772,81.54761904761904,44.80966891031472,0,0,33.33333333333333,55.619907333439855,0,50.00074999625003,22.535072951739625,13.182321847014586,0.5392467847050003
0605,Figueira da Foz,34.02777777777778,52.083333333333336,47.83080260303688,48.877029130531454,17.307692307692307,97.93260664500576,71.38636720898302,94.42202214633136,41.23711340206186,32.54593175853019,32.07547169811322,18.475498886762267,49.37381404174574,46.92671394799055,64.75970239292178,0,37.75241439859526,51.083293211362545,32.090997095837366,45.08907999762084,33.82165106800268,28.06361085126286,23.968435810856494,12.032869306152792,7.0180943415960675,10.94278442174262,33.06994439566871,55.2,37.313432835820905,47.16805384768356,0.9685230024213076,45.273874154674935,18.892988929889302,6.684013660757847,71.9968711587887,6.588335422662086,10.802692684589497,87.73584905660378,75.89285714285714,37.43291795524832,4.8581560283687955,20.07739754462962,0.12133333333333478,55.618575917345694,0,0,34.7516835016835,2.3796116328495396,17.172270603841053
0606,Góis,44.61805555555555,60.416666666666664,73.45444685466376,81.36535468089835,12.42603550295858,99.86505607378682,94.08727896627092,99.77232743454414,8.24742268041238,4.199475065616799,18.219339622641513,33.67158378594196,60.3415559772296,13.59338061465721,100,100,42.53731343283583,60.49590755897929,5.929332042594385,35.528596184381655,35.81004711477067,8.356719675709387,11.150660985399451,1.113496289349386,6.965798556636335,37.00969282800459,41.03014340064384,40,25.373134328358216,59.20336450249435,0,97.9672705934659,18.102886911222058,0.15043096438445272,91.16102357805342,11.94280059547854,0.31741297771718296,80.18867924528303,57.14285714285714,94.761915590322,0,0,66.66666666666666,55.619907333439855,34.00202032206311,50.00074999625003,11.388888888888893,52.769250331510776,0
0607,Lousã,30.555555555555557,58.33333333333333,33.13449023861171,48.16544362908605,8.727810650887575,98.38329315585368,84.43993266035231,98.59256959536376,27.319587628866003,24.934383202099745,22.995283018867926,21.89260498171831,40.11385199240987,14.30260047281324,57.349688316911326,3,47.936786654960486,68.05488685604236,19.457889641819943,35.528596184381655,14.719331803134065,9.260991580916746,14.84259416157496,1.919929033913193,6.50559564899069,7.481433701753774,37.137840210711154,70,54.726368159203986,52.70169878532981,0.7263922518159807,8.470244718313934,15.34621228565227,3.76483981135144,86.40071516370544,26.277669350993705,1.420902390183631,88.11320754716981,71.13095238095238,75.23194469710751,0,0,56.58533333333333,55.619907333439855,15.898746211896134,50.00074999625003,16.85886644219978,36.384443516012425,0
0608,Mira,27.604166666666664,55.208333333333336,54.63665943600867,61.77451634422948,9.911242603550296,98.710826957342,88.40770238090533,99.0996584911518,36.59793814432991,20.73490813648294,18.10141509433962,38.807495372662096,42.04933586337761,11.465721040189123,81.29901467926805,1,35.25021949078139,61.9643716899374,27.49273959341723,35.528596184381655,13.518854311222148,3.1181789834736517,15.395935280838671,0,7.645643761112854,2.9958857780412127,34.621012584138136,94.7,43.28358208955224,56.226636005575145,1.452784503631961,22.77821879801086,32.73713913609724,1.240039030736705,85.73024918985361,7.202472845097371,1.7766605598398026,95.09433962264151,84.52380952380952,54.881071493541945,0.22583053378126167,36.45987782456556,0,55.61591308515737,0,0,52.59960718294051,0.01089898457793682,10.54559086452506
0609,Miranda do Corvo,32.98611111111111,64.58333333333334,44.1702819956616,62.7529464087169,6.8047337278106506,98.78288439366942,94.95679350985726,99.15140225602816,17.525773195876283,14.698162729658796,15.801886792452835,24.87505964550443,38.861480075901326,5.08274231678487,67.30343856826865,1,53.46795434591747,84.54501685122773,12.705711519845112,35.528596184381655,17.052040007668865,8.263174306205176,14.511764719023844,0,3.3678485514067567,13.676301384191625,63.24261047702663,67.6,79.10447761194031,91.32920929896362,0.24213075060532688,38.26645767783605,12.129368352507058,0.7236949097414214,82.9701642641636,17.855063069958945,1.326104554556687,91.88679245283018,55.35714285714285,75.66172457704201,0,0,35.85733333333334,55.619907333439855,8.624398359973855,50.00074999625003,18.13973063973064,33.467148643984665,0
0610,Montemor-o-Velho,37.84722222222222,48.958333333333336,41.75704989154012,57.860796086279734,4.1420118343195265,98.61649722251336,91.57462356774836,98.1786194763531,22.680412371134015,21.259842519685044,15.330188679245284,16.415669014285964,28.387096774193555,28.959810874704495,91.71526241705207,0,55.53116769095697,84.42465093885411,18.078412391093902,35.528596184381655,15.403076695670787,14.03180542563143,17.389040746227323,0.2837437768048328,1.2237213680577346,9.005090478016808,38.71817383669886,90.5,52.73631840796019,59.5435964650236,2.542372881355932,25.91706166753913,12.281311048404604,2.6711660432590665,78.04223935635267,14.518727622872504,3.0793319415448854,99.05660377358492,68.1547619047619,27.326268873931237,0,0.02372338532708617,20.176,55.619907333439855,0,2.966985165074177,39.466891133557795,1.0408530271929664,23.39811984543515
0611,Oliveira do Hospital,41.66666666666667,41.66666666666667,48.07483731019522,72.11474316210806,10.059171597633137,98.9597526464731,88.57042526108998,98.61326710131428,12.37113402061855,13.648293963254597,17.98349056603774,37.5264601014266,35.55977229601518,22.340425531914892,79.83108787452242,16,27.61194029850746,69.25854597977852,11.471442400774444,35.528596184381655,8.00013863560181,7.5771749298409725,16.825903188394523,2.779888015050632,3.7339190461248823,9.492346849830898,33.39186420836992,51.7,38.30845771144279,50.67678871450213,1.2106537530266346,57.53899030190678,14.299978293900589,2.016588063099691,89.77539389875963,17.281332650015976,2.04188147075114,86.0377358490566,72.61904761904762,84.55180098235401,0,0,66.66666666666666,55.619907333439855,10.714837482916394,50.00074999625003,6.983726150392819,28.18659061597428,0
0612,Pampilhosa da Serra,36.28472222222222,90.625,95.4989154013015,100,2.514792899408284,99.91746148202492,82.03283884168651,99.76197868156888,0,6.824146981627297,6.898584905660378,31.11907342975952,81.89753320683113,4.728132387706856,82.96802734767746,90,46.136962247585586,79.3211362542128,1.5972894482090998,35.528596184381655,34.73059043439207,3.1493607733083877,0,0,3.35738939441481,24.591192775705174,29.90927714369329,33.3,22.388059701492544,47.44888882060312,0,15.374695546787848,7.3149555024962,0.1910879817856562,100,8.762285425446246,0.33552042946614974,79.62264150943396,68.45238095238095,100,0,0,66.66666666666666,55.619907333439855,45.49408758690356,50.00074999625003,7.21661054994388,48.271602695682184,0
0613,Penacova,50.34722222222222,62.5,58.18872017353579,79.94218367800755,3.6982248520710055,99.27156482549,87.99775905699538,99.1307047500776,12.37113402061855,32.80839895013124,6.780660377358491,41.87207646590109,34.535104364326386,13.59338061465721,89.89543535089484,13,50.087796312554865,81.824747231584,9.24491771539206,35.528596184381655,12.271218998320364,10.695353913314625,7.639423179951349,1.2256652752080817,4.131367011818847,8.54834210801576,21.91981270119988,60,55.72139303482587,44.258840976520034,0.12106537530266344,46.76586989909121,15.39396570436292,0.9107171897869571,86.11017990836964,12.317602318317086,1.2259809978271057,99.05660377358492,55.6547619047619,70.92050209205021,0,0,41.52133333333333,55.619907333439855,0.01188424743003149,50.00074999625003,7.953142536475875,28.2229205645674,0
0614,Penela,23.090277777777775,65.625,57.836225596529275,70.38025350233488,16.715976331360945,99.49952835132586,77.67694784979561,99.61709613991516,27.319587628866003,20.209973753280845,9.846698113207552,35.891154503882674,53.39658444022771,20.56737588652482,100,5,38.586479367866545,88.97448242657678,15.004840271055178,35.528596184381655,36.18336045890195,12.223261615216714,11.764431493350685,0,5.8466687584980654,11.575607545064678,100,88.9,100,100,0,17.426371724111505,16.322986759279356,0.26427061310782235,83.28304838529445,16.756136420598956,1.2760427761918964,90.37735849056604,64.58333333333333,68.84209568855741,0,0,38.868,55.619907333439855,9.957810921623388,50.00074999625003,8.019079685746354,33.79775117618209,0
0615,Soure,48.26388888888889,71.87499999999999,61.90347071583513,66.33311096286411,5.177514792899409,99.19950738916256,91.57053151362324,98.75814964296804,15.463917525773196,35.95800524934384,14.563679245283025,15.308681941584098,47.438330170777995,11.70212765957447,84.80796300020108,0,53.64354697102721,79.44150216658643,12.463697967086157,35.528596184381655,10.347826345686238,27.938883691923916,10.42811167245972,1.1597535187139003,1.3178537809852526,10.096405285729231,71.78811823236757,100,71.14427860696519,80.06157243490819,0,56.1881172106346,15.984371608421968,1.2237762237762235,84.86981785674377,16.2666756751894,3.2103446806697633,95.84905660377358,56.249999999999986,47.782881571766424,0,0.01334440424648597,30.643999999999995,55.619907333439855,0.00118842474300314,27.24586377068115,21.84483726150393,7.336833118381136,9.619931945325568
0616,Tábua,27.604166666666664,45.83333333333333,51.89804772234273,77.00689348454524,11.242603550295858,99.2820459071376,80.91728451261424,99.20314602090448,20.61855670103093,29.39632545931759,16.68632075471698,46.9908030787579,40.75901328273244,62.17494089834515,79.1976674039815,27,26.38279192273924,72.29176697159365,9.63213939980639,12.091925116641765,14.48338254436396,11.72435297786093,18.89160361220792,0,2.541575149042987,13.58303406436317,51.88762071992976,100,29.850746268656724,67.48421623646915,0.48426150121065376,48.963565378369275,15.428695463425226,0.7643519271426248,90.74756956084478,18.07708829277787,0.9628903753568232,89.62264150943396,67.5595238095238,74.62593232672366,0,0,66.66666666666666,55.619907333439855,0.02020322063105354,50.00074999625003,6.769079685746355,11.189624166681805,0
0617,Vila Nova de Poiares,25.520833333333332,34.375,41.10629067245119,67.28930398043138,13.6094674556213,98.92830940153024,82.44352007699608,99.49291110421194,15.97938144329898,24.409448818897644,16.68632075471698,32.591898106863425,39.62049335863379,5.673758865248227,69.0327769957772,2,32.35294117647059,73.44727973038036,12.245885769603095,35.528596184381655,11.377635147992567,6.111630807608357,18.305698086514187,0,1.485200292856396,16.427251490533802,24.261047702663152,55.60000000000001,33.83084577114428,42.97368706376516,0,35.75977782568375,16.41415237681788,0.5813953488372093,81.58453458486981,21.423378942797427,0.5666567253206084,91.69811320754717,79.16666666666666,81.42850645806803,0,0,44.99733333333333,55.619907333439855,0,50.00074999625003,12.182940516273856,27.116673629906813,0
0701,Alandroal,62.673611111111114,62.5,58.10737527114968,85.5681565488103,4.5857988165680474,99.93449323970232,96.42143829302792,99.68953741074202,5.6701030927835125,18.372703412073495,23.702830188679247,28.044270160707875,60.53130929791271,26.832151300236408,100,63,45.171202809482,70.53442465093886,12.17328170377541,35.528596184381655,28.347797567698628,21.2659806672903,21.408309507174643,0,4.7484572743436875,32.63571702520833,9.540532630962833,60,31.343283582089555,2.877838270831776,6.053268765133172,83.46896551554583,37.92489689602778,0.365913156610831,85.78612135434128,66.95007533064022,0.4484257168420605,79.0566037735849,53.27380952380951,28.952155721302532,0,0,100,11.238483250785531,0,66.71516642416788,7.760942760942766,0.4087119216726308,0
0702,Arraiolos,31.25,50,49.26789587852494,64.44296197464976,3.846153846153846,99.92401215805472,88.75731809375455,99.51360861016248,12.37113402061855,20.472440944881892,15.683962264150944,7.9081710598332435,51.23339658444023,21.040189125295512,67.2632213955359,21,36.17208077260754,58.32932113625421,14.811229428848016,35.528596184381655,22.24777709558669,3.39881509198628,15.842742590253192,0,5.961719485409477,20.28520623409226,24.670763827919227,59.099999999999994,42.78606965174131,40.08350497410503,0,59.96390086049743,35.637074017799,0.45942429663359896,88.32271762208067,64.39487100747347,0.6934088875633762,72.83018867924527,73.51190476190476,23.90281062397672,0,0,66.66666666666666,55.619907333439855,0,56.81521592392037,42.847923681257015,0.3687489782201958,0
0703,Borba,60.06944444444444,62.5,49.8644251626898,72.98198799199464,2.366863905325444,99.47987632323655,95.49355697021818,99.55500362206357,10.824742268041248,14.698162729658796,18.39622641509434,15.20610972664407,41.783681214421264,20.212765957446813,100,19,24.49517120280948,70.43813192103995,10.866408518877058,35.528596184381655,3.047064632120787,10.53944496414094,15.202904851078111,13.546335278279445,4.3405501516577765,21.98668107806562,17.91044776119403,57.10000000000001,62.18905472636816,34.25402741095994,0,92.79693485709664,30.570870414586494,0.6586436818994958,91.13867471225836,78.43226228991252,0.9288057602999448,71.88679245283018,69.04761904761905,43.249727123885755,0,0,100,30.751717526761457,0,50.00074999625003,6.471661054994388,1.818313927085793,0
0704,Estremoz,64.0625,34.375,49.91865509761388,59.10607071380919,6.213017751479289,99.7366628236034,90.63262599986408,98.87198592569597,21.649484536082493,14.435695538057743,15.507075471698116,11.920840721673596,53.39658444022771,33.56973995271868,48.29077015885784,82,27.87532923617208,64.01059220028887,14.52081316553727,35.528596184381655,10.374056088335935,5.487995010913627,21.46358243578698,0,4.560192448488652,23.75178689724905,40.1814457126134,12.5,78.60696517412936,58.19436643472974,0,76.53551311698241,25.92576514000434,0.9513742071881606,88.5462062800313,69.0403535822546,2.105790123982788,70.37735849056604,82.73809523809523,35.861606330725856,0,0,72.67333333333332,55.61724450125154,0,57.55921220393898,10.80106621773288,2.0344771212148736,0
0705,Évora,55.55555555555556,38.54166666666667,35.05965292841648,29.2639537469424,13.75739644970414,99.5152499737973,86.67897722018539,94.18400082790023,41.23711340206186,17.585301837270347,21.167452830188687,0,50.13282732447819,14.775413711583926,41.966619746631814,0,26.251097453906937,48.074145402022154,40.51306873184898,78.82556835783473,32.576035984611984,23.44870595572186,27.571322610450505,26.68831809071721,7.24819579541889,14.64122589867857,13.110916008194325,71.3,43.28358208955224,20.67135708502902,2.1791767554479415,62.1372142099032,27.93140872585197,6.220523662384127,88.66912504190412,81.88592941163338,8.531805206424952,80,85.41666666666666,25.247862470438427,0,0,70.03866666666666,54.61601959844491,0,96.84251578742106,23.46801346801347,0.1035403534903998,0
0706,Montemor-o-Novo,58.854166666666664,44.79166666666667,53.17245119305857,64.64309539693127,10.798816568047338,99.88601823708208,90.55542034260864,98.64431336024008,27.319587628866003,16.79790026246719,13.030660377358494,14.453975268040606,51.04364326375712,35.1063829787234,48.37120450432335,38,34.63564530289728,57.968223399133365,22.555663117134557,35.528596184381655,21.272825567697705,3.7106329903336457,21.495213002872635,5.775916911932244,4.215040267754419,13.073986262682611,19.344454199590285,48.1,54.22885572139303,32.46471492325793,1.452784503631961,32.153046759833806,28.73019318428478,1.3050902585786306,87.65225164822886,63.74696568472815,4.196668228878191,68.67924528301886,80.95238095238095,22.904538839366932,0,0,46.50266666666667,47.57016562816211,0,50.73274633626832,54.541245791245785,0.490454306007157,0
0707,Mora,52.25694444444444,62.5,76.27440347071584,85.34578607960862,2.8106508875739644,99.93187296929044,87.05893450812941,99.71023491669251,15.463917525773196,16.79790026246719,25.825471698113216,7.11979091743015,65.92030360531311,21.27659574468085,57.24914538507942,100,31.211589113257237,54.42946557534907,15.125847047434656,35.528596184381655,23.189440784956176,8.668537574056751,13.024960021691792,13.483909775869645,1.861729944566468,29.723510337854332,16.359379572724613,50,75.12437810945273,27.568112301863817,0,83.46896551554583,29.88061645322335,0.2439421044072207,89.66364956978433,62.19084650020665,0.3759959098461932,60.75471698113206,77.97619047619047,20.884118610150995,0,0,66.66666666666666,55.619907333439855,0,50.00074999625003,20.893658810325476,0.38691395251675714,0
0708,Mourão,48.95833333333333,45.83333333333333,47.04446854663774,80.65376917945296,7.396449704142012,99.94104391573212,94.74759562806815,99.86546621132156,30.412371134020617,6.561679790026248,63.03066037735851,10.794908487315192,41.66982922201139,23.52245862884161,100,100,20.939420544337136,68.58449687048628,12.17328170377541,35.528596184381655,21.31655017486265,0,13.520167047961234,0.98320175734178,11.358644493253845,61.06307311460548,8.691834942932395,40,32.835820895522396,30.486858023211617,70.58111380145279,75.3103448312682,32.090297373561974,0.09757684176288826,90.79226729243491,93.7152014393622,0.18533509437177795,41.13207547169811,70.53571428571428,16.92627796980171,0,0,100,11.23715183469138,0,100,6.952861952861957,0.17438375324698915,0
0709,Portel,55.55555555555556,77.08333333333333,49.32212581344901,75.73938181009561,4.1420118343195265,99.93056283408448,95.28841089284144,99.63779364586568,1.5463917525773416,22.047244094488192,30.719339622641517,30.516934627184213,44.0607210626186,20.094562647754135,100,63,48.02458296751536,66.2012518054887,7.284607938044531,35.528596184381655,28.294560969265337,6.485812285625195,22.94003478147418,0,4.706620646375902,18.748474599909347,12.262218320163887,58.3,53.233830845771145,24.164622894588852,0,82.23994253196267,31.612763186455396,0.5448040331761262,87.64107721533132,50.662418126873455,0.4963572067657961,66.98113207547169,51.488095238095234,34.726896488993994,0,0,85.45333333333333,37.18245726154338,0,100,7.233445566778898,2.2088608744618625,0
0710,Redondo,57.11805555555556,56.25,45.959869848156174,71.89237269290636,4.437869822485207,99.83230269363798,90.27441697335212,99.5653523750388,18.041237113402065,2.8871391076115493,19.988207547169814,28.319884912458516,44.47817836812144,23.64066193853428,42.61009451035593,41,37.489025460930634,72.62879152623977,11.713455953533398,35.528596184381655,15.857949514674456,8.294356096039913,21.322718089674655,28.795449065838778,4.33009099466583,43.116523133781946,17.442200760901375,37.5,54.726368159203986,31.053818177120014,3.87409200968523,66.3128078819743,29.281528109398742,0.601723857537811,84.93686445412895,59.36510346935368,0.5464189851305867,66.98113207547169,72.61904761904762,29.812852464980903,0,0,94.608,45.63428662725675,0,95.42352288238558,7.314814814814813,1.7383880401809229,0
0711,Reguengos de Monsaraz,60.9375,38.54166666666667,43.30260303687635,65.13231042917499,9.023668639053254,99.77727701498794,90.58814335903855,99.16175100900342,22.680412371134015,8.661417322834646,27.417452830188687,19.81575751251759,44.66793168880456,14.539007092198585,42.88156042630204,96,33.01141352063213,65.76793452094367,15.972894482090997,35.528596184381655,16.583987182741108,14.624259432491424,19.91250963178935,5.589291479331337,19.79918418575463,14.509605662285136,10.330699443956687,45.5,34.32835820895522,11.489598630342444,0,39.50667194810881,34.53006294768831,1.2237762237762235,88.07688009833501,89.60239661811008,0.8606365301861874,68.1132075471698,73.21428571428571,20.764735310169183,0,0,100,11.238483250785531,0,100,6.4800785634118965,0.3796479627981326,0
0712,Vendas Novas,46.52777777777777,33.333333333333336,51.19305856832971,60.973982655103384,18.04733727810651,99.37244523634838,82.26472414487085,98.98582220842388,28.865979381443307,23.884514435695543,15.094339622641511,15.676002124141087,43.49146110056927,5.200945626477542,42.19786848984516,88,39.94732221246708,59.43668753009148,26.621490803484992,35.528596184381655,20.10569395695448,9.697536638603056,25.24006704012593,8.358054989703282,2.3742286371718437,15.594818869634953,29.20690664325431,94.1,49.25373134328358,46.511072859434286,0.24213075060532688,62.98524903891941,21.92750162795745,1.1871849081151404,81.80802324282043,51.698923381808136,4.20518938264241,78.67924528301886,78.57142857142856,21.09104966345279,0,0,26.931999999999995,15.821217446876496,0,50.00074999625003,64.16947250280583,0.04177944088209115,0
0713,Viana do Alentejo,37.84722222222222,47.916666666666664,42.02819956616052,66.688903713586825,3.846153846153846,99.86898647940468,91.37049044147474,99.60674738693989,12.886597938144332,5.249343832020998,16.568396226415096,13.49034010505845,43.719165085388994,15.248226950354612,56.736376432736776,4,37.66461808604038,66.34569090033702,12.221684414327202,35.528596184381655,22.57003604803032,4.427814156532586,18.747964973172955,0,4.110448697834955,14.756284648373487,10.359964881474976,55.60000000000001,78.1094527363184,20.12323565886574,1.573849878934625,76.09482758455025,29.49858910353809,0.9391771019677994,87.9986590680523,47.83221209527283,0.4399045630778408,67.54716981132076,78.27380952380952,22.28488266327088,0,0,57.732000000000006,55.619907333439855,0,74.41312793436032,17.453703703703706,0.9354961762729106,0
0714,Vila Viçosa,62.5,77.08333333333333,42.570498915401295,61.75227929730931,4.289940828402367,99.56634524682948,90.6457474062062,99.4411673393356,14.432989690721673,22.572178477690297,14.799528301886795,9.0654582501669,55.218216318785586,12.05673758865248,41.57450231248744,36,25.50482879719052,64.68464130958112,9.19651500484027,35.528596184381655,9.554560299130122,17.55534767695666,17.78545784285378,12.770738651004404,3.284175295471185,19.067501133154355,8.194322505121452,100,36.81592039800995,18.56688437997102,0.36319612590799033,84.31778715033101,27.814195789016715,0.6667750853797365,89.56307967370655,84.67198909824396,0.6529334071833327,68.67924528301886,75,33.81276150627615,0,0,100,11.238483250785531,0,50.00074999625003,7.0496632996632975,1.229768759877205,0
0801,Albufeira,8.506944444444441,9.375000000000004,20.363340563991315,41.36090727151433,79.88165680473372,95.50885651399224,91.82869987920456,95.21887612542687,52.06185567010311,10.498687664041997,100,40.08150111881371,44.21252371916509,43.73522458628842,68.66076814799919,2,25.548726953467956,0,66.14230396902227,52.321759385282576,81.06926582731982,20.548799501091363,82.29718595987741,2.655567542751343,80.5250496809957,1.5070952895645202,8.194322505121452,50,37.313432835820905,3.5858357210562306,0.48426150121065376,66.75772714296504,76.68764922943348,7.724833306228655,60.219018884791595,58.50465311359556,9.176217459844064,81.13207547169812,78.27380952380952,22.781744587957068,0,5.177628847636558,4.951999999999998,11.211854928902383,0,100,81.09567901234568,3.5294545058218745,9.495934021569871
0802,Alcoutim,63.36805555555556,96.875,100,89.39292861907938,19.378698224852062,100,98.05341857345935,99.86546621132156,51.54639175257733,16.79790026246719,1.6509433962264168,34.35155928808394,100,26.47754137115839,100,98,45.03950834064968,72.53249879634087,13.576960309777348,35.528596184381655,64.86396552456789,10.944808231992518,13.96951766343602,0,4.622947390440331,18.59157630487082,36.49400058530875,75,49.75124378109454,42.33795420495593,6.2953995157385,40.324755536056216,28.547861949207725,0.9025857863067164,85.2050508436697,47.91942277443956,0.20557283456179967,63.20754716981132,47.02380952380951,42.14571584500638,0,0,33.187999999999995,11.238483250785531,0,100,9.285914702581367,5.834589744055512,0
0803,Aljezur,17.187499999999996,29.166666666666668,44.08893709327548,52.70180120080053,71.15384615384615,99.79168850225342,96.0463585994353,99.58604988098936,56.70103092783506,1.5748031496062995,32.1933962264151,60.0261909620648,75.90132827324477,41.725768321513,100,81,34.28446005267778,29.39335580163697,70.49854791868344,52.178061652174094,62.34874907567626,14.811350171499846,34.12457831835967,7.02714756275769,99.67576613324964,3.3332171123740455,22.095405326309628,94.4,34.32835820895522,30.895932528372025,3.389830508474577,38.37653587396305,61.0028217929238,0.6423808749390145,66.86780645882222,11.520541021927825,0.4516211495036429,70.94339622641508,63.69047619047619,58.51487174822631,0.4348637551325122,6.4750014827115825,11.683999999999996,11.257123076103746,0,50.48824755876221,97.4551066217733,11.458465786270912,4.476901782109696
0804,Castro Marim,13.368055555555555,55.208333333333336,59.30043383947938,67.40048921503224,30.32544378698224,99.75107431086889,94.76719052987048,99.5032598571872,40.20618556701033,10.236220472440944,46.28537735849057,38.03336610316121,54.45920303605314,45.27186761229314,100,77,26.997366110623354,41.59845931632161,46.03097773475315,34.73028756909577,58.237329405176794,23.35516058621765,30.7792400460507,8.851236049782917,22.319841020813723,6.959311042153342,4.623939127889962,90.6,19.402985074626866,10.726411913758083,19.73365617433414,7.188948550444829,64.30214890384197,0.6423808749390145,65.22516482288523,67.13436748334522,1.550849985087981,82.0754716981132,71.13095238095238,40.61874658904858,0,11.92989739635846,10.21866666666667,11.238483250785531,0,100,25.63131313131313,5.173384679660678,0.40371417036738
0805,Faro,32.8125,36.45833333333333,30.63991323210412,26.484322881921273,36.242603550295854,95.50492610837438,89.94432907945077,92.3729690572286,61.340206185567006,16.535433070866144,35.79009433962265,24.02623533764023,54.87666034155598,44.2080378250591,38.99054896440781,2,23.09043020193152,47.255657197881554,55.56631171345595,57.20530229104008,45.72652509964912,11.19426255067041,43.8810793690433,10.89710431824098,16.692814559146534,6.553118789442487,19.139596136962247,52.6,33.83084577114428,23.391257328815072,3.5108958837772395,31.00225103539161,27.944432385500328,14.85607415839974,59.839088166275566,63.07002934674669,10.534276341016575,62.45283018867923,82.44047619047619,19.61751864653447,1.6853303471444572,53.79870707549968,1.4533333333333331,11.18389519092507,0,100,73.52693602693601,6.348658516648199,4.928196551127517
0806,Lagoa,12.152777777777771,33.333333333333336,34.62581344902386,51.87903046475426,42.15976331360946,96.26480452782728,91.3407526120705,97.88885439304563,50.51546391752579,11.286089238845143,65.27122641509435,30.33610615071859,45.16129032258064,21.63120567375887,74.66318117836316,1,17.603160667251974,17.621569571497368,61.81026137463698,67.74335673257119,53.39940210994816,25.22606797630184,47.81322034885401,7.745580188770962,95.28292019663216,1.8113036505003313,10.857477319285923,69.6,16.417910447761194,22.255294267387367,4.479418886198547,37.525680053733055,87.56240503581506,3.374532444299886,60.24136775058666,59.29619682754437,3.883515828043117,80.18867924528303,80.0595238095238,24.39967254866291,5.035460992907802,13.712116719055809,0.729333333333334,11.245140331256328,0,100,80.47138047138047,0.3015385733229188,11.964357806101852
0807,Lagos,20.48611111111111,37.500000000000014,38.259219088937094,43.2510562597287,66.5680473372781,97.8867519127974,94.2457823349069,97.009210390148,50.51546391752579,9.186351706036747,54.77594339622643,34.341639552199666,52.86527514231499,24.231678486997637,43.97747838326966,1,21.553994732221245,6.379393355801649,78.50919651500485,59.69130817849615,72.38821422214244,20.70470845026505,49.76884044500277,14.548779741223816,98.9436251438134,1.6936299292214356,7.784606379865379,84.4,22.388059701492544,13.041323159605572,4.358353510895883,37.33901996036507,68.47406121120035,5.77736217271101,59.559727343837295,41.93872800580242,4.714328320054537,68.67924528301886,78.57142857142856,45.29288702928871,0,11.038787735009786,19.501333333333328,11.23182617031475,0,84.91307543462283,94.94668911335576,4.221540026520862,5.143030163215872
0808,Loulé,23.437499999999996,12.500000000000009,34.54446854663774,46.7645096731154,56.06508875739644,98.7553715543444,89.69384840899627,92.16599399772328,58.76288659793815,11.811023622047244,51.4740566037736,35.99413886666683,44.364326375711585,37.35224586288417,58.23446611703198,2,25.98770851624231,0.3370245546461255,75.62923523717329,60.921914399520006,75.49465688780099,13.4081696289367,60.41615079633711,5.58463415172845,54.53404455600879,3.99218995153586,14.457126134035706,97.3,33.333333333333336,15.64379125991282,1.573849878934625,34.47070046746986,100,12.067002764677182,66.93485305620739,68.10158028404447,12.799838098078482,73.58490566037736,78.86904761904762,49.087002001091506,0,4.237589704050769,24.143999999999995,11.22250625765564,0,100,63.48204264870931,14.357595684002106,4.034258031028318
0809,Monchique,50.17361111111111,33.333333333333336,62.44577006507592,72.53724705359129,30.17751479289941,99.87815742584635,94.0400593449814,99.66883990479148,25.25773195876288,16.010498687664043,29.775943396226424,45.02789708976997,74.573055028463,81.32387706855792,100,5,41.57155399473221,68.8252286952335,28.267182962245883,61.67639188915409,24.031690034921503,18.958528219519803,29.37426394362882,0,4.894885472230938,19.016945015864163,47.52707052970441,10,97.01492537313436,51.28514518303858,8.232445520581114,15.424010212187596,34.05686998046451,0.3293218409497479,71.561068275785,12.711576499154942,0.4644028801499724,73.39622641509433,63.988095238095234,92.33218118973986,0.01119820828667413,0,33.33333333333333,11.238483250785531,0,98.97550512247436,97.93069584736251,42.60413071515504,0
0810,Olhão,39.0625,44.79166666666667,33.32429501084599,51.434289526350895,23.224852071005916,95.50492610837438,93.67003702779029,96.30549518782988,38.144329896907216,11.811023622047244,41.98113207547171,31.17260162499883,42.352941176470594,46.57210401891253,37.874522421073806,0,29.67515364354696,52.214732787674535,48.47531461761859,58.02510260996642,47.424233328762085,25.00779544745868,49.17949587613521,27.86574916481337,23.135655266185545,6.589728391618145,20.54433713784021,54.1,32.835820895522396,24.20752072041809,6.658595641646489,48.35152147223111,25.335359235945297,4.488534721092861,54.698849033411555,59.76354121152908,6.732776617954071,69.0566037735849,81.84523809523809,19.83354557031108,0,44.57327560642904,0,11.238483250785531,0,100,74.35606060606061,3.7892136382627015,4.044350885287503
0811,Portimão,17.01388888888889,22.916666666666675,31.99566160520607,38.44785412497219,50.59171597633135,95.41583691436956,93.02678624418036,93.90458449756804,48.96907216494846,13.385826771653544,63.50235849056606,32.867344537224675,55.71157495256167,20.33096926713948,23.386285944098137,0,22.914837576821768,20.72701011073665,56.82478218780251,46.5558980791402,75.38891116848619,23.2304334268787,53.3121993506415,13.141194205974758,50.486350800125514,5.445242495031553,17.325139010828213,98.8,19.402985074626866,8.699581305347479,6.5375302663438255,47.72467166871717,33.084436726720206,8.37534558464791,57.38071292881885,52.19945817714474,9.234800391973074,72.83018867924527,84.52380952380952,46.48899399672549,3.372527062336693,21.417768815609985,14.390666666666666,11.219843425467332,0,100,87.72586980920315,3.9327169352055367,19.978084087894345
0812,São Brás de Alportel,35.9375,51.041666666666664,41.67570498915401,44.451856793417825,26.77514792899408,99.0527722460958,95.28767298144186,99.04791472627548,46.90721649484537,6.0367454068241475,26.70990566037736,33.23171180375562,49.10815939278938,61.70212765957448,49.5375025135733,0,29.58735733099209,55.10351468464131,43.29622458857696,68.88798268062773,36.441233283116546,26.31743062051762,27.940673486560748,7.445605512901904,6.620646375902102,6.765803144939158,36.90371671056482,79.5,13.432835820895525,42.16170123314227,0.7263922518159807,76.38979310179008,43.39917516822227,1.309155960318751,74.3435020672701,65.99861253786311,0.8467896553193303,77.92452830188678,89.28571428571428,68.57717846097873,0,0,30.848000000000003,11.238483250785531,0,100,55.406846240179576,19.716263101487712,0
0813,Silves,19.444444444444446,27.083333333333343,38.90997830802602,56.370913942628405,41.27218934911242,99.27811550151976,93.9885665458596,96.7608403187416,36.08247422680413,14.698162729658796,50.53066037735851,35.56886566122262,49.94307400379507,50.35460992907802,86.61773577317514,6,32.92361720807726,39.09484833895041,43.03000968054211,46.128624326955304,55.08598206091091,7.920174618023075,46.789821838700426,3.117245780365502,27.423909632883586,8.201422544541682,21.393034825870643,63.4,29.850746268656724,34.93646425189911,3.631961259079903,61.5057057800031,47.47123941827653,6.220523662384127,63.05732484076433,51.52697869150574,7.644540070725577,78.11320754716981,71.72619047619047,51.81348917591414,0.3303471444568869,1.7273589941284622,28.999999999999996,11.339670873941522,0,100,74.52441077441077,12.546547746634936,1.375511851894573
0814,Tavira,28.819444444444443,55.208333333333336,50.59652928416486,51.56771180787191,54.142011834319526,99.4445026726758,95.31015244598812,97.5266480389113,53.092783505154664,5.511811023622047,37.97169811320756,47.18136506393173,51.76470588235295,51.18203309692672,67.4441986728333,2,28.884986830553107,29.465575349061147,64.01258470474347,45.40259500543339,78.54244941702008,33.42687870283755,37.45385037655021,22.514418151899104,41.64836314193076,6.982845786409121,18.144571261340356,58.20000000000001,25.373134328358216,27.635348576698338,0.8474576271186443,20.85652031147617,53.10180160625136,3.0167506911692956,65.03519946362722,71.9925760712545,3.862212943632569,73.9622641509434,77.97619047619047,61.079907222121165,0.4143337066069429,6.83381768578376,14.24,11.238483250785531,0,100,58.39786756453423,16.043305298723006,1.48076590345464
0815,Vila do Bispo,21.875,34.375,45.98698481561822,54.236157438292175,73.96449704142012,99.61219997903784,92.56764435477284,99.64814239884092,45.876288659793815,4.986876640419949,40.03537735849058,39.40252722161495,67.21062618595826,23.64066193853428,94.33943293786449,34,29.76294995610185,7.920077034183932,68.29622458857696,46.28951094221358,54.43912881479347,38.5095104458996,47.60131256629161,4.480159878987843,100,2.371779226665737,11.296458882060287,52.3,45.27363184079603,14.347899796126203,22.639225181598064,34.30804598049141,86.04297807683959,0.9269799967474386,54.57593027153872,16.621479013908402,0.3994290826977973,70.37735849056604,58.33333333333333,48.025059123158094,0,6.3207994780855215,10.941333333333338,11.242477499068007,0,50.00074999625003,90.79545454545452,4.853681132041198,4.48555280004614
0816,Vila Real de Santo António,34.02777777777778,40.625,42.02819956616052,59.01712252612852,34.46745562130177,95.8743842364532,93.3600941150982,98.3028045120563,36.08247422680413,23.35958005249344,61.73349056603775,41.685656697706655,48.42504743833018,25.76832151300237,39.07098330987332,95,20.14925373134328,28.14155031295138,49.61277831558567,43.29833413185868,69.7076413495729,22.10788899282819,51.70658836187969,21.927227338961465,26.158351636858075,5.8557930337157,12.262218320163887,88.9,45.27363184079603,2.907466927906323,3.2687651331719128,31.39948996117227,40.11287171695246,1.9068141161164416,55.9280366521399,59.97657849671211,2.803459588428274,50.75471698113208,84.82142857142857,30.083454611606335,0,36.234505663958245,0,11.23715183469138,0,100,54.80218855218856,0.3088045630415433,20.269335025087955
0901,Aguiar da Beira,46.87499999999999,69.79166666666666,75.43383947939262,93.01756726706694,1.7751479289940828,99.7170107955141,89.92449267937218,99.66883990479148,14.948453608247418,9.186351706036747,20.81367924528302,49.85906911351368,42.77039848197344,8.156028368794328,81.26885179971848,100,23.66110623353819,94.53538757823785,5.566311713455954,35.528596184381655,27.280556549401673,9.167446211412535,9.038504709118106,1.5020866309920171,2.301014538228219,5.234301453924201,23.558677202224175,71.4,79.10447761194031,41.9779756241878,0,26.210953348065164,21.47167354026481,0.6057895592779313,92.01028047826571,14.336885358277232,0.41753653444676414,80.56603773584905,67.85714285714285,75.49913589230488,0,0,66.66666666666666,75.21702082334771,59.38083070889536,50.00074999625003,6.471661054994388,10.819058691031952,0
0902,Almeida,67.53472222222221,91.66666666666666,90.80802603036877,85.01223037580607,5.325443786982249,99.91222094120114,95.680439069626,99.61709613991516,15.463917525773196,19.160104986876643,22.936320754716984,31.22992574210064,70.58823529411764,68.43971631205675,62.004826060727936,80,28.48990342405618,84.32835820895521,3.073572120038722,35.528596184381655,12.729949741331566,2.6816339257873403,12.053865039569926,3.154016380739012,0.606631105532894,14.49653080436526,29.880011706175008,43.7,27.363184079602,50.17200159998241,0,76.59990551997863,28.36553071413068,0.3252561392096276,96.50240250307296,9.525865416775265,1.6680158493460016,71.50943396226414,74.40476190476191,76.67477715117337,0,0,100,99.99866858390584,70.50686315289086,50.00074999625003,5.697250280583614,4.906359557501226,0
0903,Celorico da Beira,46.87499999999999,64.58333333333334,66.35032537960953,83.14431843451189,5.177514792899409,99.70390944345456,92.83598918938333,99.5653523750388,22.16494845360827,51.18110236220473,28.655660377358497,46.27850913543865,54.117647058823536,23.87706855791962,74.67323547154635,2,28.007023705004386,81.24699085219066,3.7512100677637945,35.528596184381655,15.96587447163635,6.579357655129405,14.899550511388007,1.6187418956645807,0,3.9686552072800807,48.02458296751536,54.50000000000001,70.14925373134328,62.43507055269406,0,52.237322511079576,19.739526807032775,0.483818507074321,94.36808581964463,11.261332470562111,2.005666567253207,79.43396226415094,65.47619047619048,83.29088593778424,0,0,92.55466666666666,57.10576769451989,33.7726543466635,50.00074999625003,8.682659932659933,26.184810448493213,0
0904,Figueira de Castelo Rodrigo,62.673611111111114,64.58333333333334,74.18655097613882,89.10384700911717,0.8875739644970416,99.92532229326066,96.00922086035008,99.67918865776674,28.865979381443307,4.199475065616799,32.900943396226424,57.20475107751639,57.7988614800759,6.619385342789598,60.39613915141766,100,17.471466198419666,87.93933558016369,0.7744433688286544,35.528596184381655,19.24494907876512,12.62862488306829,14.424004863523422,3.2127552824362664,6.850747829724924,14.742338133258952,45.946736903716705,100,60.69651741293532,68.709414457772,0,53.972413791563525,17.047970479704798,0.3252561392096276,95.84311096211869,15.06767162974096,0.4825103318989392,60.56603773584904,69.04761904761905,74.90676732763325,0,0,100,99.99866858390584,35.26175054964644,50.00074999625003,9.8442760942761,14.966122322936917,0
0905,Fornos de Algodres,47.916666666666664,68.75,69.54989154013013,86.5021125194574,3.5502958579881656,99.6161303846557,94.91878436449196,99.74128117561834,22.16494845360827,13.648293963254597,23.231132075471702,55.493485495701464,53.01707779886148,15.248226950354612,74.7134526442791,61,29.104477611940293,87.67453057294173,2.0087124878993223,35.528596184381655,17.830707222608407,11.911443716869348,14.589956885343556,4.189821530476077,3.629327476205418,12.392350336459677,28.914252268071404,50,50.74626865671642,62.262274548529625,0,66.4983467081733,14.299978293900589,0.7236949097414214,89.4289864789362,12.34991909734948,1.3016062374845556,77.54716981132074,69.94047619047619,82.76105148262688,0,0,67.58666666666666,56.21638174362251,25.498841285875574,50.00074999625003,7.943322109988775,21.59088844889284,0
0906,Gouveia,43.57638888888889,71.87499999999999,74.72885032537961,80.32021347565042,3.994082840236686,99.51918037941516,95.9590656933472,99.19279726792922,21.649484536082493,13.910761154855644,24.469339622641513,45.78696629868793,56.96394686907021,23.049645390070925,77.40800321737382,0,28.665496049165935,68.77708233028407,5.082284607938044,60.81149962568507,7.510045772657456,20.01870907390084,11.127252592058356,1.9846651862951807,3.8489697730362935,11.34461838848018,26.86567164179105,100,70.14925373134328,42.168929438227046,0.7263922518159807,54.54239546746052,13.16691990449316,0.8537973654252722,93.76466644317802,12.98786265826,1.1269225853180522,80.75471698113206,63.095238095238095,89.86947425868655,0,0,89.14133333333332,55.619907333439855,52.95264127399133,50.00074999625003,7.654320987654326,30.34822255726508,0
0907,Guarda,53.125,52.083333333333336,39.64208242950109,39.470758283299965,7.840236686390532,99.31872969290433,81.61347037671793,96.2951464348546,39.17525773195877,29.65879265091864,22.28773584905661,17.322472049633518,41.745730550284634,86.52482269503548,63.352101347275294,0,23.266022827041255,66.03273952816564,15.174249757986448,35.528596184381655,10.375216408818488,10.47708138447147,18.27666377181748,2.3212998594194536,1.2655579960255203,6.716990342038284,22.300263388937665,50,30.348258706467668,41.778239715564894,0.24213075060532688,56.5472090572258,15.367918385066204,5.675719629208001,94.98267962900884,9.548040636521373,7.83200545353841,82.45283018867924,81.24999999999999,85.27264871748226,0,0,100,81.24966714597647,77.14540376730645,50.00074999625003,7.434062850729517,26.177544458774587,0
0908,Manteigas,47.04861111111111,55.208333333333336,73.6713665943601,80.09784300644873,5.917159763313609,99.73797295880937,93.21457798709535,99.82407119942047,16.49484536082476,8.136482939632545,37.9127358490566,43.27135917435477,65.5787476280835,14.893617021276595,28.654735572089287,56.00000000000001,24.7585601404741,70.65479056331246,4.380445304937076,35.528596184381655,16.386182546111012,36.79451200498909,10.196993911407636,13.620110880617158,16.67189624516264,20.578083051497508,25.02194907813872,25,18.90547263681592,39.674727279298374,1.6949152542372885,23.952254634332252,22.2140221402214,0.2561392096275817,96.692367862331,9.366225735945935,0.24817860338289804,57.73584905660377,87.49999999999999,92.36742768782972,0,0,100,55.619907333439855,100,50.00074999625003,12.477553310886645,71.55546674901456,0
0909,Mêda,46.35416666666667,68.75,75.21691973969631,89.37069157215922,3.6982248520710055,99.84409391049157,96.65327127158577,99.72058366966782,25.773195876288664,13.385826771653544,17.511792452830193,66.37045571382622,68.69070208728652,15.248226950354612,61.81379449024734,100,27.04126426690079,94.10207029369282,5.033881897386254,35.528596184381655,19.05154750231654,19.95634549423137,12.083536675610985,3.3189541539786447,0,8.040165963529864,47.322212467076376,50,45.27363184079603,73.32034584342415,0,60.5272030570048,20.60777078359019,0.22767929744673931,94.47983014861995,8.26153152807373,0.3951685058156875,74.33962264150942,63.988095238095234,74.27687829725303,0,0,71.73733333333332,100,37.36882761899103,50.00074999625003,8.347362514029184,15.396632213765418,0
0910,Pinhel,61.80555555555556,98.95833333333331,75.84056399132321,85.59039359573048,3.4023668639053253,99.84409391049157,96.63450215972244,99.49291110421194,21.649484536082493,9.448818897637794,16.450471698113216,58.28651298851775,54.95256166982922,76.4775413711584,67.27327568871908,57.99999999999999,26.95346795434592,88.44487241213288,3.678606001936109,35.528596184381655,17.5420078618828,45.18241347053321,10.315440447114591,4.573031414570275,1.3178537809852526,10.643806003974758,42.376353526485225,100,73.13432835820896,50.27527414364539,0,65.87018255306282,22.10549164315173,0.94324280370792,93.29534026148173,9.792202515927336,1.176984363682843,65.66037735849056,75.89285714285714,77.29443332726942,0,0,100,100,43.59260799809852,50.00074999625003,6.802749719416392,9.236889429801456,0
0911,Sabugal,51.5625,92.70833333333331,93.08568329718004,87.92528352234822,2.514792899408284,99.87553715543444,94.33209784380476,99.3169823036324,19.587628865979408,8.136482939632545,18.219339622641513,41.77862682961503,77.87476280834915,9.456264775413713,84.24492258194249,56.00000000000001,29.14837576821774,93.09099662975444,1.9603097773475315,35.528596184381655,10.01747689017359,6.111630807608357,10.848607716462125,0,0.9099466582993412,10.433736620062062,31.577407082235876,56.2,47.26368159203981,47.33615326448613,0.7263922518159807,39.7769218769591,20.66420664206642,1.109936575052854,97.67571795731368,10.87885605880382,1.0023007115163396,71.50943396226414,72.91666666666666,83.18742041113335,0,0,100,96.84720668903446,77.4294372808842,50.00074999625003,6.008698092031427,7.511216871628126,0
0912,Seia,57.11805555555556,58.33333333333333,64.61496746203905,75.87280409161663,5.769230769230769,99.411749292527,85.3647234760548,98.38559453585842,19.587628865979408,9.186351706036747,20.224056603773587,39.471881124679584,48.614800759013285,6.8557919621749415,80.18298813593405,4,25.636523266022827,64.41983630235917,7.478218780251694,35.528596184381655,9.67930337591318,6.142812597443093,13.080878156269998,0.3715829176985566,10.553289404873968,13.4270074265193,31.635937957272457,42.2,55.22388059701492,52.71620757379709,1.6949152542372885,67.04740242415662,14.352072932494025,2.3052528866482356,90.84813945692257,19.70698604305257,2.007796855694261,85.84905660377359,73.51190476190476,90.30835000909588,0,0,79.7,55.619907333439855,50.055261750549654,50.00074999625003,8.003647586980918,52.61848104484932,0
0913,Trancoso,36.28472222222222,76.04166666666666,68.92624728850325,78.96375361352011,3.6982248520710055,99.75107431086889,91.71677213645482,99.4411673393356,28.865979381443307,14.960629921259846,15.919811320754718,53.7078930282899,58.74762808349146,15.13002364066194,73.84878343052482,63,24.7585601404741,88.97448242657678,5.058083252662149,35.528596184381655,2.400583039685953,2.5569067664483947,11.048290656254382,1.2051782420503654,2.583411777010773,7.447439071162093,42.40561896400351,61.9,68.65671641791046,62.10304452347359,0,64.49216300358043,23.151725634903407,0.9107171897869571,95.93250642529893,5.480856339864781,0.7818158578671552,79.0566037735849,71.13095238095238,81.98790249226852,0,0,70.72133333333332,95.12701709538266,58.364727553627674,50.00074999625003,8.348765432098766,18.264881655192458,0
0914,Vila Nova de Foz Côa,50.86805555555556,79.16666666666666,68.4110629067245,82.65510340226817,7.396449704142012,99.84540404569752,97.6273022441556,99.58604988098936,39.17525773195877,15.748031496062994,23.231132075471702,65.39280759408811,69.03225806451614,7.801418439716312,61.8540116629801,100,25.89991220368745,81.77660086663458,4.985479186834462,35.528596184381655,0,5.020268163392578,12.6833226709292,0,0,9.195983403647014,32.689493707930936,35.7,35.820895522388064,43.28083340157061,0,80.84055991316659,23.334056869980465,0.7236949097414214,90.95988378589789,34.93223702123301,0.5698521579821908,67.73584905660377,65.17857142857142,77.17618701109697,0,0,84.38933333333334,100,11.836710440311368,50.00074999625003,7.4817620650953955,30.582550725690723,0
1001,Alcobaça,36.111111111111114,44.79166666666667,41.54013015184382,58.50567044696463,17.159763313609467,98.1946336861964,80.86946785391959,95.30166614922902,28.35051546391753,24.146981627296594,14.445754716981131,22.60888964227487,42.84629981024668,39.71631205673759,77.46832897647296,0,29.192273924495165,57.77563793933559,27.371732817037753,76.98930600333576,29.682559334555204,16.245712503897725,23.550482661467267,1.8509957112267543,12.530070076351846,7.396011296677243,23.207491952004684,92,43.78109452736319,41.66620253675079,1.6949152542372885,33.84591739884557,23.212502713262428,6.541714099853635,75.58386411889596,12.607777189489129,7.512462187380171,89.43396226415095,77.67857142857142,41.70911406221576,0,7.140738983452938,22.801333333333332,11.739095702188852,0,0,41.9949494949495,10.437594230804164,4.534575235019321
1002,Alvaiázere,21.180555555555554,65.625,71.63774403470717,80.92061374249498,14.940828402366863,99.52573105544492,85.66216885295167,99.57570112801407,15.463917525773196,17.060367454068246,15.44811320754717,44.448568335970286,63.605313092979145,55.7919621749409,84.0438367182787,5,38.235294117647065,79.7303803562831,8.83349467570184,35.528596184381655,10.610668391992183,43.71686934830059,8.605531758726165,5.138475311756759,3.074992155632256,16.29737456852969,50.95112671934445,52.900000000000006,78.60696517412936,70.50970892856176,1.937046004842615,63.80459770447371,19.24462774039505,0.5163441209952837,84.03173538942897,14.616585124606118,0.9831281155468452,90.188679245283,65.47619047619048,63.75523012552302,0,0,65.43599999999999,55.619907333439855,0.03208746806108503,50.00074999625003,7.125420875420876,19.047792047374255,0
1003,Ansião,45.138888888888886,70.83333333333333,59.029284164858986,70.55814987769624,9.467455621301776,99.16806414421968,79.89463993703816,99.1307047500776,21.134020618556708,34.64566929133859,15.978773584905664,35.06448343116146,46.413662239089184,6.264775413711584,83.68188216368388,0,35.513608428446005,82.01733269138181,8.567279767666989,35.528596184381655,12.65654820356517,7.265357031493608,11.5581920846717,0.10982937784188566,5.407384164836314,7.06390990551236,43.16652033947908,74.4,69.15422885572139,75.32980431642568,0.24213075060532688,44.84252873484273,14.308660733666157,1.0855423646121318,83.73002570119567,16.436854411509355,1.2398278726939629,88.49056603773585,72.32142857142856,51.9340094597053,0,0,40.529333333333334,55.619907333439855,0.00594212371501574,50.00074999625003,6.471661054994388,8.937167353908194,0
1004,Batalha,20.48611111111111,50,33.51409978308026,54.792083611296405,12.1301775147929,97.91426475212242,78.20698960813463,98.64431336024008,31.95876288659796,28.346456692913392,12.558962264150948,19.5672093857456,29.753320683111955,22.813238770685583,84.79790870701788,0,25.285338015803333,72.89359653346172,17.957405614714425,35.528596184381655,17.560743809588203,3.4611786716557535,15.408782031231375,0.11231243578119422,4.037234598891329,3.4752972351033793,27.3339186420837,100,43.28358208955224,55.366025655239405,0.12106537530266344,20.47632962568163,18.87128283047537,1.4555212229630834,83.41714158006481,24.94774952349579,2.102594691321205,99.24528301886792,84.22619047619047,54.2932508641077,0,0,40.60666666666666,55.619907333439855,0.00118842474300314,0,46.22615039281706,15.251312419392926,0
1005,Bombarral,19.965277777777775,63.541666666666664,45.715835140997825,62.46386479875472,18.04733727810651,98.0072843517451,83.04649431475826,98.90303218462176,40.20618556701033,9.973753280839896,24.5872641509434,39.57593322491213,44.17457305502847,21.63120567375887,63.40237281319124,0,38.32309043020194,67.95859412614348,26.69409486931268,35.528596184381655,22.178744263595323,5.2697224820704704,29.622974310920203,2.4770491544873927,5.386465850852422,6.388375579652035,36.14281533508926,85.2,66.66666666666666,49.745240689626634,1.573849878934625,48.15072595285632,23.45995224658129,1.1546592941941778,70.1307408649011,9.585166549813756,3.8441054918836017,77.73584905660377,61.9047619047619,31.70934145897763,0,0,32.04933333333333,11.238483250785531,0,0,61.888327721661064,5.046229859584749,0
1006,Caldas da Rainha,21.006944444444446,48.958333333333336,40.86225596529284,43.71803424505225,25.147928994082836,97.22644376899696,86.72280915732216,94.77387974749044,47.93814432989693,22.309711286089243,28.125,31.291681961076225,50.77798861480076,24.349881796690312,52.2421073798512,0,33.62598770851624,47.47231584015408,35.188770571151984,65.06534388323506,40.35544103941857,6.173994387277831,25.80100566352041,1.7752732750283682,10.553289404873968,3.860569715142428,33.59672227099795,100,46.268656716417915,42.28423153093209,0.7263922518159807,34.98492450192922,28.131104840460168,9.298259879655228,72.71203486423063,7.804724714920614,8.166460738784032,77.92452830188678,76.48809523809523,37.56253410951428,0,8.811754937429571,21.394666666666662,11.238483250785531,0,0,43.09904601571269,12.381246480536229,3.5815214256877557
1007,Castanheira de Pêra,25.520833333333332,58.33333333333333,74.99999999999999,86.70224594173894,9.911242603550296,99.51393983859134,92.9826256010565,99.844768705371,10.824742268041248,19.685039370078744,29.12735849056604,40.61625369641535,65.42694497153701,58.51063829787234,100,100,32.22124670763828,75.06018295618682,5.3727008712487905,35.528596184381655,36.10256475235644,10.882444652323043,17.207834313353008,5.599547252109983,6.735697102813513,9.24392454935323,57.41878841088675,16.700000000000003,57.71144278606965,67.57249112755287,0.9685230024213076,74.28151497373224,16.357716518341654,0.3008619287689055,89.88713822773494,17.968105152380883,0.2290060074134038,83.01886792452831,70.23809523809523,90.30607604147716,0,0,66.66666666666666,55.619907333439855,45.91954364489869,50.00074999625003,6.471661054994388,36.11015240413435,0
1008,Figueiró dos Vinhos,36.63194444444444,65.625,66.54013015184381,79.38625750500333,10.502958579881655,99.6528141704224,92.78516721880663,99.6584911518162,17.525773195876283,5.774278215223097,22.16981132075472,43.55040187006246,64.5540796963947,85.93380614657211,62.72873516991756,77,30.2019315188762,76.36013480982187,9.36592449177154,46.64435542403138,34.915433051794764,6.610539444964142,10.873797982057637,1.7030599724124598,3.713000732140989,10.279453296607512,58.35528241147204,100,62.18905472636816,76.74572937914432,0.48426150121065376,58.5544024140359,20.07380073800738,0.4512928931533583,84.00938652363392,20.7421483054568,0.593285330833795,88.30188679245282,71.42857142857143,96.37756958340913,0,0,66.66666666666666,55.619907333439855,16.23625883890903,50.00074999625003,6.471661054994388,43.79938602386877,0
1009,Leiria,26.21527777777778,39.583333333333336,31.53470715835141,40.76050700466976,18.786982248520708,96.90153023792055,76.70184489321069,86.55696988512884,41.23711340206186,25.459317585301843,12.853773584905664,14.723168661954638,38.40607210626187,4.609929078014185,73.02433138950332,0,26.95346795434592,61.9643716899374,30.92933204259439,39.56928307190507,28.276798885881405,17.835983785469285,21.63674753353625,1.4792540906069656,2.0395356134295572,3.3698267145497023,17.96897863623061,72,27.86069651741294,37.32594473426133,0.48426150121065376,19.199632751884916,19.079661384849143,19.46251422995609,81.30517376243155,17.357106102002422,24.95419879851732,93.77358490566036,81.54761904761904,41.45215572130254,0,1.6339481644030602,28.441333333333336,55.41486925493956,0,1.8794906025469873,28.89450056116723,6.853644802092605,1.808062748716766
1010,Marinha Grande,22.743055555555554,47.916666666666664,34.32754880694143,45.49699799866577,24.40828402366863,97.13211403416832,76.21448124691088,96.42968022353304,30.412371134020617,36.22047244094489,22.28773584905661,13.434066554035349,40.6831119544592,8.865248226950355,38.45767142569878,0,21.15891132572432,58.666345690900336,23.66892545982575,35.17137431954816,19.62288359886585,16.401621453071407,20.978578512637128,11.914861744214384,5.689781403618869,4.199644363864579,18.67134913666959,90,40.29850746268658,32.52737682675859,2.542372881355932,73.83743842922425,18.3546776644237,4.2201984062449185,78.36629791038105,11.897610305536674,3.820672319031998,90.37735849056604,88.39285714285714,59.86901946516282,0,7.852440543265524,9.050666666666666,55.11396921765991,0,0,48.789281705948376,0.11625583549799276,3.884307053463291
1011,Nazaré,37.32638888888889,33.333333333333336,42.21800433839479,60.72937513898153,24.999999999999996,97.53432554239598,93.80017776553947,98.68570837214116,36.59793814432991,27.559055118110244,31.367924528301895,34.966744414711606,44.62998102466794,4.491725768321513,44.6812789060929,1,27.436347673397716,26.7212325469427,56.8973862536302,50.35578983407088,53.90461715653616,7.764265668849392,35.20422921043963,5.870290707431438,55.036084091622214,6.431958439384959,27.50951126719344,71.1,22.885572139303488,38.228021236955414,0.48426150121065376,25.84364570893607,29.73735619709138,2.089770694421857,56.330316236451,7.585630397075283,2.455157428315794,76.0377358490566,77.67857142857142,37.58299981808259,0,16.361722317774746,3.310666666666667,11.238483250785531,0,0,43.0611672278339,6.383171967811665,12.92317896072438
1012,Óbidos,0,60.416666666666664,43.65509761388285,55.72603958194351,21.00591715976331,98.78550466408132,88.79616577480122,98.97547345544862,46.90721649484537,16.272965879265094,19.929245283018872,29.67857555219816,39.58254269449716,25.886524822695034,88.27669414840138,1,35.381913959613684,51.20365912373616,41.28751210067764,58.65978376943932,36.68881325928293,8.637355784222015,23.56957624801896,1.254734045655925,47.53686852839662,3.013318921934382,15.569212759730757,95.7,27.363184079602,36.99182357313223,1.573849878934625,32.72220986217564,51.682222704579985,1.5693608716864529,73.17018661302939,8.182377087961378,3.454262707170551,94.90566037735849,72.02380952380952,34.872430416590866,0,19.069153668228456,8.458666666666668,11.238483250785531,0,0,37.06649831649831,6.548473233910373,9.465655458792318
1013,Pedrógão Grande,11.631944444444445,60.416666666666664,67.46203904555314,80.89837669557483,33.284023668639044,99.67639660412956,95.52928529853013,99.7826761875194,20.10309278350515,0.26246719160104987,33.903301886792455,48.288540287282856,67.74193548387098,63.238770685579205,100,100,28.31431079894644,70.82330284063552,9.0513068731849,74.68693256476114,36.67974837552748,11.63080760835672,17.115692697218986,6.5986694873387846,3.022696370672524,6.733551828736795,24.7585601404741,37.5,25.87064676616916,45.929568998193474,1.8159806295399512,63.80459770447371,28.9255480790102,0.17482517482517482,88.24449659179797,22.679185369628527,0.28865408376294155,82.83018867924528,68.1547619047619,90.29698017100236,0,0,66.66666666666666,55.619907333439855,7.646324796482264,50.00074999625003,6.759259259259257,12.439374398285226,0
1014,Peniche,39.75694444444445,43.75000000000001,41.83839479392624,62.70847231487657,18.786982248520708,95.35950110051358,89.36620233099904,97.70257683949085,36.08247422680413,15.485564304461944,25.707547169811324,32.822708593469095,47.02087286527515,6.973995271867612,56.93746229640057,0,29.719051799824403,32.59508907077517,38.77057115198451,50.09350041898153,36.583785609995694,30.93233551605862,33.819397068392064,25.975375892975293,36.54429452986089,3.816986855409504,16.85689201053556,75.4,18.40796019900498,33.074677659591,6.174334140435836,46.16671052919436,24.996744085087908,3.0614734103106196,49.86031958878086,3.3091518793269032,3.170934344510247,70.18867924528301,78.57142857142856,23.07622339457886,0,33.22015301583536,0,12.14650902700112,0,0,18.362794612794612,0.4450418702657536,24.880327585212527
1015,Pombal,36.45833333333333,51.041666666666664,49.7288503253796,67.62285968423393,12.8698224852071,98.9545121056493,80.48010554977327,95.767360033116,23.195876288659793,25.196850393700792,10.79009433962264,27.059448570147534,43.036053130929794,27.18676122931442,77.63925196058717,0,32.22124670763828,71.7140105922003,19.91771539206195,62.13825575832488,21.77724641269879,15.029622700343,14.797293082114606,3.790321585315138,1.7362200606631104,5.973466754994596,25.548726953467956,100,51.24378109452737,55.69454233851291,0.36319612590799033,31.15980974233905,20.698936401128716,5.057732964709709,83.52888590904011,12.635064779222828,11.48438498572707,91.1320754716981,72.02380952380952,50.48890303802074,0.2650242627846211,1.441195658620485,27.24133333333333,55.619907333439855,0.00356527422900944,24.23387883060585,24.476711560044897,8.535721421954188,0.7252436703385432
1016,Porto de Mós,32.291666666666664,37.500000000000014,38.855748373101946,62.64176117411606,12.42603550295858,98.8392202075254,82.83747755667633,98.10617820552623,21.649484536082493,25.721784776902897,9.433962264150946,18.621764228849493,38.82352941176471,10.401891252955084,67.78604464106172,1,29.719051799824403,69.78815599422244,15.125847047434656,35.528596184381655,15.910380293309142,5.955721858434674,18.863651470548724,0.5038215463331546,4.424223407593349,7.436979184826191,23.295288264559556,70.6,46.268656716417915,45.23615017416657,0.8474576271186443,61.76230430651207,18.919036249186014,1.7279232395511466,81.9421164375908,18.36677253749038,2.1100507008648974,93.77358490566036,73.21428571428571,64.18501000545753,0,0,39.72933333333333,30.57330777014432,0.1806405609364787,0,53.97166105499439,23.86695972825198,0
1101,Alenquer,13.71527777777778,29.166666666666668,25.9761388286334,50.811652212586154,20.56213017751479,97.92474583377005,80.96962926398832,95.93294008072026,34.020618556701045,24.409448818897644,26.297169811320764,18.9701282684667,30.929791271347245,44.326241134751776,85.46149205710839,0,58.86742756804214,72.2436206066442,32.090997095837366,35.528596184381655,34.69744280509661,4.83317742438416,36.52037529714459,0.7650853195739202,2.0604539274134503,12.331334332833585,20.134621012584137,86.8,44.27860696517413,38.77855206481361,1.2106537530266346,82.5644716023437,9.333622747992186,3.549357619125061,67.6723656274444,32.67976714981181,6.666737676281369,89.99999999999999,51.488095238095234,38.69496998362744,1.1534154535274357,1.6220864717395171,36.38133333333334,11.238483250785531,0,0,94.74747474747474,13.273146718497394,7.803218178672358
1102,Arruda dos Vinhos,6.597222222222221,39.583333333333336,23.75271149674619,37.04692016900155,11.390532544378695,97.40724242741852,84.6232633934424,98.49943081858636,57.216494845360835,17.585301837270347,15.44811320754717,11.630867942078508,29.373814041745728,38.77068557919622,71.21455861652926,0,60.66725197541704,77.61194029850745,38.04453049370765,35.528596184381655,31.26486022020039,7.07826629248519,34.06185132711182,9.739516008003294,0.8053550883798767,5.525434956940135,18.876207199297628,100,32.33830845771145,42.41283771125695,0.48426150121065376,35.53706896407458,16.661601910136746,1.1058708733127336,70.52184601631467,39.52372958196959,1.6286055131864856,88.11320754716981,66.96428571428571,43.99786247043843,0,0,29.379999999999995,11.238483250785531,0,0,100,18.001489527892318,0
1103,Azambuja,15.97222222222222,42.70833333333333,35.03253796095444,57.41605514787634,15.532544378698226,98.88507493973376,29.69194473175099,97.73362309841664,25.25773195876288,1.5748031496062995,27.47641509433963,16.47874935219871,44.21252371916509,36.17021276595745,71.50613311884175,0,61.80860403863037,73.37506018295619,27.1297192642788,35.528596184381655,31.2454093167936,14.748986591830374,38.12152910400769,6.16600899436111,1.7571383746470035,6.424985181827692,31.811530582382208,87.5,57.71144278606965,55.89708921577991,5.932203389830509,72.74294671084725,12.902105491643152,1.7279232395511466,74.3881997988602,36.35156950688475,7.460270120574328,81.13207547169812,45.53571428571427,32.819037656903774,29.273982829413963,21.293221042642784,55.02666666666666,11.238483250785531,0,0,91.506734006734,3.814644602277887,35.70851836899475
1104,Cadaval,21.875,66.66666666666666,52.847071583514094,71.13631309762063,8.284023668639055,98.95320197044336,84.49548397217195,98.97547345544862,31.95876288659796,23.884514435695543,21.757075471698116,34.04287807392242,43.757115749525624,15.011820330969266,80.85662577920772,4,47.805092186128185,66.39383726528646,21.10358180058083,35.528596184381655,22.517474290195317,7.015902712815715,21.257673984760977,0.9612835945881304,5.292333437924903,7.5354764478226,21.62715832601697,95.5,43.28358208955224,37.69048022693071,0.24213075060532688,36.31034482699119,24.57130453657478,0.9757684176288828,76.90244720080456,16.481098239463808,1.1418346044054366,86.60377358490565,60.11904761904761,47.30648535564853,0,0,38.31466666666666,11.238483250785531,0,0,56.572671156004496,14.085121069553686,0
1105,Cascais,33.50694444444444,41.66666666666667,32.51084598698481,7.627307093617951,35.79881656804733,70.14856933235511,87.67278287660766,74.91462278795406,87.11340206185567,5.774278215223097,32.959905660377366,16.580293103515473,50.018975332068315,2.0094562647754137,20.00804343454655,0,63.08165057067603,48.001925854597985,93.054211035818,66.03576479402234,92.5827510463273,15.965076395385095,43.18637535595305,23.71498897838699,14.716033887668653,2.5591855235173115,18.729880011706175,98.9,21.39303482587065,9.868577613201277,0,51.237382593933134,25.860646841762534,25.45535859489348,71.25935858755167,29.858113133918614,36.97222103872865,90.37735849056604,49.4047619047619,24.496316172457707,0,4.915188897455667,0.00133333333333496,11.238483250785531,0,0,66.50252525252526,7.598408748251622,4.661456831420498
1106,Lisboa,28.47222222222222,17.708333333333343,34.62581344902386,3.291082944184989,50.44378698224852,24.663295252070014,41.33770269009022,0,100,27.29658792650919,33.84433962264152,16.28614030194992,80.94876660341558,0.4728132387706857,3.086668007239091,0,55.70676031606673,26.76937891189216,100,73.73166968690344,100,25.13252260679763,43.74344603803264,73.27419412536796,36.54429452986089,30.788675429727004,16.76909569798068,11.099999999999994,45.27363184079603,3.0692809489830037,0.48426150121065376,73.61685364380128,15.841111352289996,100,69.92960107274556,36.49553879078912,100,74.71698113207546,20.53571428571428,3.0084591595415677,0.00933184023889511,3.183381768578376,0,5.1366032912605855,0,0,73.44696969696969,5.1098072696227135,8.462137378164831
1107,Loures,31.25,7.291666666666677,30.748373101952275,36.42428285523682,34.91124260355029,83.61413897914265,76.90766179913251,79.73714167442823,56.18556701030928,19.422572178477697,37.85377358490567,18.198026129864168,44.59203036053132,6.73758865248227,47.13452644279108,0,68.4811237928007,58.449687048627815,63.020329138431755,36.51985393052512,66.24855620382571,14.31244153414406,50.87308892063541,23.81016328259635,1.2760171530174669,4.697360622014575,19.285923324553703,96.9,22.388059701492544,15.438206441378306,2.542372881355932,56.05809107175942,5.743433904927282,20.27158887624004,61.53760196670019,31.52411214948444,52.43491968812578,86.22641509433961,22.32142857142857,37.27032927051119,9.19559537140724,2.060969100290611,14.674666666666669,11.22516908984396,0,0,98.54236812570146,28.697026393707652,12.74439125670454
1108,Lourinhã,18.750000000000004,40.625,40.075921908893704,60.529241716700014,17.899408284023668,97.47536945812809,84.6326952427865,97.70257683949085,42.268041237113415,21.259842519685044,21.049528301886795,37.41055293654048,43.757115749525624,17.84869976359338,93.77639251960588,1,42.932396839332746,57.14973519499278,34.704743465634074,64.3228878121457,30.124655315716552,12.784533832241973,27.755357673612615,7.070622271379164,16.807865286057943,4.069767441860464,25.92917764120573,73.7,38.80597014925373,48.340786474107745,0.24213075060532688,33.883275637004004,26.655090080312565,3.699788583509514,63.87305844228406,12.11237832519049,2.44024540922841,87.73584905660378,62.79761904761904,32.82699654356922,0,5.658027400510052,11.072000000000005,11.238483250785531,0,0,54.13580246913581,3.344171767996948,5.631812676624951
1109,Mafra,33.15972222222222,36.45833333333333,19.332971800433835,28.574605292417154,18.93491124260355,95.95561261922232,84.36956945425689,90.96553865259236,60.82474226804126,14.698162729658796,20.87264150943397,16.439632692330512,31.309297912713475,15.011820330969266,78.88598431530264,0,63.95961369622476,54.670197400096285,56.4133591481123,77.45555030144953,46.001223966659786,11.506080449017777,36.759943846342715,2.6133092230239483,16.60914130321096,3.8100135978522367,19.87123207491952,85.9,16.417910447761194,39.40124272749161,0.36319612590799033,17.05648402160312,22.24441067940092,9.936575052854122,68.78980891719745,20.984296028804287,14.850240722593838,91.50943396226415,54.166666666666664,43.289521557213035,0.05785740948114969,2.290789395646758,20.568,11.238483250785531,0,0,64.81200897867565,33.986666908866326,2.1973585558567392
1110,Oeiras,33.15972222222222,41.66666666666667,36.30694143167028,0,21.301775147928993,49.263704014254266,20.788775364052444,74.38683638621546,75.77319587628868,26.771653543307096,27.594339622641513,2.5042730061612057,62.12523719165086,0.23640661938534285,31.218580333802535,0,62.159789288849865,47.73712084737603,78.96902226524686,4.0546832263455315,64.46776990275505,23.666978484565018,39.05748225256214,36.850380041300134,3.660704947181257,4.085457271364317,9.247878255779924,79.5,18.90547263681592,0,0,51.02809038635836,11.617104406338177,17.4865831842576,70.0972175662085,27.88467244758844,37.47390396659708,87.1698113207547,44.04761904761904,15.229898126250683,0,5.788506019809026,0,11.104010225275603,0,0,92.09876543209876,9.598372418303027,6.155199261779804
1111,Sintra,31.07638888888889,7.291666666666677,19.577006507592188,27.75183455637091,34.02366863905325,83.59972749187716,81.08493798260537,61.99937907482149,50.00000000000002,14.173228346456693,37.794811320754725,20.50127023930588,40.75901328273244,7.210401891252956,32.62618137944903,0,73.26602282704127,58.16080885893115,48.838334946757016,40.26914054940509,64.7064898468289,14.000623635796696,56.077854240593616,8.504501588445022,4.351009308649723,5.671873365642759,15.276558384547847,89.5,17.412935323383092,11.701503763467995,0.36319612590799033,68.65371967963779,7.935749945734749,47.90209790209789,58.028830036875625,10.01123629006502,67.05828469174726,85.47169811320754,24.4047619047619,32.89748953974896,0,2.145483660518356,18.56,11.23715183469138,0,0,69.53703703703704,14.23952335107446,1.956571889959052
1112,Sobral de Monte Agraço,6.423611111111113,42.70833333333333,26.952277657266805,56.01512119190571,11.982248520710058,96.98406875589562,87.59849532352338,99.07896098520128,47.42268041237116,20.73490813648294,12.912735849056606,28.295363007524863,33.168880455407965,24.940898345153663,71.14417856424693,0,57.769973661106235,75.92681752527685,26.742497579864473,35.528596184381655,26.496439086134327,4.20954162768943,36.525931725122085,0,2.771676602865809,10.703078693211534,36.6403277729002,100,51.741293532338304,57.92411187794879,0.12106537530266344,56.373295913433616,15.415671803776856,1.174987802894779,66.52139903899877,18.845045585127863,1.4816156107536962,88.49056603773585,59.821428571428555,44.0535746770966,0,0,33.33333333333333,11.238483250785531,0,0,100,22.045012806306875,0
1113,Torres Vedras,25.17361111111111,36.45833333333333,32.890455531453355,51.67889704247275,21.15384615384615,97.17403836075884,80.04842738100211,92.02111145606952,48.96907216494846,15.485564304461944,20.341981132075475,29.511713134715123,35.82542694497155,8.037825059101655,80.32374824049869,0,48.63915715539947,62.46990852190659,38.14133591481123,48.6941675376384,44.50745382176087,9.635173058933583,35.99635096910032,1.4799812603318774,3.2109611965275597,5.396429692130679,25.431665203394793,99.4,25.373134328358216,42.45229602886952,0.9685230024213076,34.329619610939574,16.900369003690034,10.73751829565783,63.78366297910381,13.552387179602848,14.130203229517276,86.60377358490565,59.22619047619047,34.497225759505184,3.036580813736469,4.935946859616867,23.372000000000003,11.238483250785531,0,0,65.18799102132436,11.000708433997564,5.507814752869254
1114,Vila Franca de Xira,39.0625,22.916666666666675,21.285249457700644,30.10896152990881,20.41420118343195,94.26160779792475,73.08799760476643,86.48452861430198,36.08247422680413,18.11023622047244,30.30660377358491,8.018586708790254,38.10246679316888,8.865248226950355,49.05489644078022,0,72.30026338893765,59.89407799711122,41.069699903194575,35.528596184381655,49.74013614509936,14.218896164639853,41.54619824104386,16.071005351952564,0.9413241292751804,11.215613123670725,8.282118817676325,92.4,13.432835820895525,13.969257081938686,1.0895883777239708,60.49519502138428,3.195137833731274,13.660757846804357,63.20259246843223,33.93330125266692,31.809467001832058,81.50943396226414,30.059523809523803,13.34364198653811,18.042179917879807,65.94804578613368,9.241333333333335,11.218512009373166,0,0,77.152076318742985,8.733719641786706,100
1115,Amadora,22.395833333333332,0,31.372017353579174,32.51056259728708,43.63905325443787,0,86.40030162598038,82.23119114146745,53.608247422680414,23.884514435695543,42.74764150943397,25.50060592762507,61.5180265654649,0.23640661938534285,9.611904283128895,0,66.02282704126426,57.60712566201253,55.00968054211036,31.66615781939629,83.61629279456993,18.740255690676648,61.72048279146877,32.33225556172849,1.4538228218805562,11.23043129597992,19.49078138718174,100,17.412935323383092,4.0491043049199,0.24213075060532688,73.80264788064167,0,19.051878354203936,57.67124818415464,20.664632919860328,34.212432363341996,80.18867924528303,10.119047619047617,15.775650354738952,0,0,3.226666666666669,11.238483250785531,0,0,100,11.171459192385242,0
1116,Odivelas,25.868055555555557,1.0416666666666814,27.76572668112798,29.75316877918611,46.74556213017752,22.909024211298608,93.7289156491936,85.66697712925593,59.7938144329897,5.774278215223097,33.313679245283026,26.196403780257377,44.933586337760914,5.91016548463357,25.01508143977479,0,67.91044776119402,59.50890707751565,63.60116166505324,35.528596184381655,73.28319401674025,11.19426255067041,48.97929556745321,12.075059761362304,0.7007635184604121,1.585544437083784,11.44278606965174,99.2,14.427860696517412,5.6205579929893466,0.24213075060532688,60.59534016522857,4.163229867592798,12.176776711660432,62.88970834730138,37.19408831013915,27.578714157896982,86.98113207547169,18.45238095238095,19.286656358013463,5.356476297125794,0.00741355791471442,13.50133333333333,11.238483250785531,0,0,100,15.90161849920982,2.5635849818328627
1201,Alter do Chão,31.944444444444443,67.70833333333334,68.058568329718,78.40782744051587,6.36094674556213,99.9384236453202,92.34904816506692,99.79302494049467,18.041237113402065,21.784776902887145,26.945754716981146,16.754754324199222,62.12523719165086,8.037825059101655,37.45224210737985,27,27.216856892010533,61.21810303322099,6.001936108422071,35.528596184381655,12.8535461651672,66.51075771749298,18.587433362726845,50.54291340581906,4.277795209706098,48.92263170740211,26.22183201638865,28.59999999999999,65.67164179104478,43.22512035223358,6.779661016949154,97.94412515076948,26.537877143477317,0.260204911367702,82.26617499161917,60.907194090906934,0.2598951898087001,50.377358490566024,76.78571428571428,28.882799708932144,0,0,66.66666666666666,55.619907333439855,0,50.00074999625003,8.51711560044893,0.22342918384770483,0
1202,Arronches,55.38194444444444,55.208333333333336,56.61605206073752,75.29464087169222,3.4023668639053253,99.93973378052614,96.8620800728187,99.82407119942047,17.525773195876283,3.9370078740157486,11.674528301886792,21.74903187258289,59.886148007590144,39.59810874704492,100,6,31.16769095697981,57.75156475686085,9.874152952565344,35.528596184381655,13.226918374904342,29.24851886498285,16.230476443926374,31.5834655794752,0,31.92270143997769,38.83523558677202,33.3,50.74626865671642,50.57341141424372,0,75.23736968388238,28.643368786629043,0.11383964872336964,89.45133534473125,55.9852414781132,0.22687571897234887,66.79245283018868,69.64285714285714,37.752410405675825,0,0,98.55333333333334,13.26756137828194,0,50.00074999625003,8.424523007856346,0.957294145428784,0
1203,Avis,74.47916666666667,64.58333333333334,60.05965292841648,77.05136757838558,2.6627218934911245,99.97379729588094,89.4241753338665,99.75162992859362,14.948453608247418,29.921259842519692,33.9622641509434,22.920372202775845,63.036053130929794,46.80851063829788,100,100,21.51009657594381,65.19017814155032,8.688286544046466,35.528596184381655,14.12183943298755,5.176177112566262,19.26343529149949,0,8.51375379144441,19.497228130120988,32.89435177055896,0,75.12437810945273,55.92093880067315,42.251815980629544,95.02842497813312,27.848925548079013,0.34151894617010903,89.80891719745222,64.12262902879581,0.3429764390098419,68.1132075471698,65.47619047619048,21.362788793887574,0,0,66.66666666666666,55.619907333439855,0,50.00074999625003,8.591470258136928,0.32878603476776075,0
1204,Campo Maior,63.19444444444444,69.79166666666666,36.11713665943601,59.21725594841004,3.6982248520710055,99.63709254795096,32.41557570770717,99.33767980958297,25.773195876288664,17.322834645669293,23.76179245283019,14.207163233188702,42.12523719165086,12.529550827423169,17.615121656947515,1,13.03775241439859,66.70678863745786,8.422071636011616,35.528596184381655,1.36830907877031,29.84097287184284,29.196052401528576,14.961598518042807,1.1505072691141096,8.885673442348594,9.394205443371378,76.2,43.78109452736319,17.17494857760621,0,94.85359952074438,38.667245495984375,0.8090746462839487,95.29556375013968,100,0.6646499936091348,60.37735849056604,75,24.0824540658541,0,0,100,11.23715183469138,0,50.00074999625003,21.035353535353536,0.2107137018401119,0
1205,Castelo de Vide,63.888888888888886,67.70833333333334,67.9229934924078,64.44296197464976,7.6923076923076925,99.89780945393564,98.19924328259296,99.7826761875194,22.16494845360827,15.748031496062994,14.976415094339629,20.486608337671225,52.37191650853891,26.95035460992908,100,1,24.670763827919224,60.2792489167068,9.075508228460794,35.528596184381655,10.275648463792477,5.5191768007483635,11.663439008579422,9.380512963255564,12.5196109193599,100,10.15510681884694,11.099999999999994,49.25373134328358,19.66281296251128,0,86.37026567810639,24.940308226611677,0.1341681574239714,91.5968264610571,45.40195114163228,0.2471134591623706,48.30188679245282,75,60.47048390030927,0,0,76.03866666666667,55.619907333439855,0.7094895715728802,50.00074999625003,6.372053872053875,4.737425296543205,0
1206,Crato,68.5763888888889,71.87499999999999,79.52819956616051,84.58972648432287,5.029585798816568,99.94759459176188,78.2405981182441,99.79302494049467,8.76288659793816,2.3622047244094495,28.007075471698116,15.167336389252398,63.30170777988615,8.037825059101655,100,1,29.060579455662864,61.04959075589793,2.541142303969022,35.528596184381655,12.676257047407722,18.89616463985033,7.789701975423694,9.022535984712269,3.2109611965275597,52.53477912206688,25.34386889083991,23.09999999999999,33.333333333333336,54.78701849285639,4.842615012106538,82.71264368062914,29.086173214673323,0.32119043746950726,96.89350765448653,78.39050154422242,0.27161177623450217,54.71698113207546,67.26190476190476,40.38339094051301,0,0,66.66666666666666,55.619907333439855,0,50.00074999625003,6.4856902356902415,0.1271548200759296,0
1207,Elvas,62.15277777777778,54.16666666666667,37.25596529284165,52.67956415388037,8.579881656804735,99.63316214233308,88.65168943104327,98.23036324122944,30.927835051546392,16.010498687664043,48.05424528301888,22.682583390445103,54.07969639468691,10.638297872340424,48.99457068168108,0,24.626865671641788,59.55705344246509,13.770571151984512,35.528596184381655,17.153703539217855,19.363891487371376,32.59850540730193,20.87122489697147,6.055851898336994,24.916320909312788,24.612232952882646,84.6,72.13930348258707,28.450669158942464,1.937046004842615,71.14204837012122,24.51920989798133,1.9515368352577651,88.83674153536708,89.15705806349993,3.639597801542329,70.75471698113208,86.01190476190476,31.64112243041659,0,0,100,11.238483250785531,0,50.00074999625003,8.620931537598208,0.755662930736953,0
1208,Fronteira,54.6875,70.83333333333333,61.93058568329717,71.82566155214587,4.437869822485207,99.89780945393564,95.07249801731592,99.80337369346994,17.525773195876283,29.133858267716544,21.167452830188687,20.534859431782632,49.86717267552183,12.05673758865248,100,68,30.11413520632133,62.20510351468464,8.639883833494675,35.528596184381655,12.004241852976223,16.245712503897725,5.912978404898313,32.34684554583177,5.825750444514172,61.880687563195146,15.335089259584429,0,59.20398009950249,18.309270452372154,0,84.42046718358564,30.457998697634032,0.1341681574239714,84.94803888702648,77.65651106213232,0.2471134591623706,67.1698113207547,63.988095238095234,23.683372748772054,0,0,66.66666666666666,55.619907333439855,0,50.00074999625003,6.471661054994388,0.2524931427222031,0
1209,Gavião,86.80555555555556,82.29166666666666,85.22234273318871,92.19479653102069,0,99.90960067078922,94.76935730607116,99.79302494049467,11.340206185567023,64.30446194225723,29.599056603773587,21.47025101403338,57.6091081593928,8.037825059101655,100,25,31.694468832309035,63.86615310544054,3.0251694094869315,35.528596184381655,12.246889882147055,8.668537574056751,9.639308538563178,1.054607472194897,1.9767806714778784,20.946794044838047,26.836406204272755,100,63.18407960199005,31.690755736776698,0,74.79350912787436,24.111135228999352,0.3252561392096276,90.54642976868924,40.96436621929459,0.7637084061181885,44.33962264150944,59.22619047619047,70.82613243587411,0,0,66.66666666666666,55.619907333439855,0,50.00074999625003,16.224747474747474,5.089825797896496,0
1210,Marvão,56.94444444444444,46.875,67.54338394793925,79.78652434956636,12.1301775147929,99.79954931348914,98.89693448595185,99.82407119942047,17.010309278350537,4.986876640419949,17.570754716981135,26.68536909300233,60.18975332068312,58.03782505910166,100,3,26.119402985074625,69.11410688493018,8.03484995159729,35.528596184381655,14.107611964598274,8.574992204552542,7.608752018333176,0,8.691559460307499,14.656044070987765,51.24378109452735,100,78.1094527363184,76.95445689554178,0.8474576271186443,22.284132295385877,26.7809854569134,0.1829565783054155,98.75963794837412,39.27592709802829,0.2556346129265903,83.01886792452831,58.03571428571428,66.23612879752592,0,0,89.61333333333332,55.619907333439855,0.9828272624636044,50.00074999625003,6.057800224466888,17.9070316615502,0
1211,Monforte,46.00694444444444,33.333333333333336,49.186550976138825,82.67734044918834,2.6627218934911245,99.9606959438214,91.0226993822682,99.8137224464452,58.2474226804124,19.685039370078744,30.719339622641517,22.789883677322937,55.10436432637571,11.229314420803783,100,1,29.543459174714663,70.79922965816081,5.614714424007745,35.528596184381655,12.229103658701064,10.00935453695042,15.525091884215977,25.362459472423694,1.2864763100094132,39.42243994281929,13.66695932104185,66.7,33.333333333333336,35.01108586671155,100,47.16551723306841,13.94833948339483,0.1341681574239714,85.88669125041903,56.44059735805755,0.2396574496186784,50.56603773584906,59.523809523809526,31.237493178097147,0,0,80.68533333333333,41.92762422112158,0,50.00074999625003,6.471661054994388,0.2179796915587364,0
1212,Nisa,70.65972222222223,67.70833333333334,81.61605206073752,80.03113186568824,3.6982248520710055,99.9266324284666,97.13115678137189,99.5963986339646,18.556701030927844,14.435695538057743,28.596698113207548,27.25906857522097,70.81593927893739,7.446808510638298,56.233661773577325,23,32.089552238805965,51.42031776600867,4.5256534365924495,35.528596184381655,13.371298230344705,6.26753975678204,7.078749239219731,0.5107541569612856,3.723459889132936,23.74742861127576,38.45478489903424,50,51.24378109452737,54.20074820652343,0.9685230024213076,90.19244421820346,31.63881050575211,0.7846804358432266,93.64174768130518,58.47481980381537,0.5805036001874655,56.60377358490566,77.67857142857142,63.03893032563217,0,0,69.91733333333333,55.619907333439855,0,50.00074999625003,9.236812570145908,6.633848613104212,0
1213,Ponte de Sor,64.23611111111111,52.083333333333336,50.51518438177873,70.66933511229708,6.8047337278106506,99.81920134157843,92.13546977287832,98.7684983959433,30.927835051546392,25.196850393700792,30.896226415094347,40.1563504546983,48.804554079696395,17.257683215130022,62.51759501307058,52,28.79719051799824,64.17910447761194,14.617618586640852,35.528596184381655,21.19548553685304,17.08762082943561,20.417377971214297,4.56280169270531,5.982637799393369,7.733342631010077,19.95902838747439,76.9,41.7910447761194,37.06661978227041,2.1791767554479415,55.28337164760144,24.345561102669848,1.3416815742397137,86.09900547547213,58.97146086839139,1.3474074389672364,69.99999999999999,78.86904761904762,29.801482626887392,0,0,66.66666666666666,55.619907333439855,0,50.00074999625003,19.36307519640853,0.4686563368512834,0
1214,Portalegre,67.36111111111111,59.375,45.52603036876356,45.91950189014897,11.538461538461538,99.4169898333508,83.55597517819,97.91990065197145,36.59793814432991,20.209973753280845,18.514150943396228,12.410834043402692,52.030360531309306,34.515366430260045,68.32897647295395,1,19.31518876207199,54.21280693307655,13.8431752178122,35.528596184381655,8.12214678535486,21.5154349859682,15.584202396264445,31.745483064168873,2.9913188996966844,29.99982566856107,30.231196956394506,88.9,57.71144278606965,48.39024904658404,0,81.56862744363517,20.924679835033643,2.4353553423320866,90.63582523186948,71.00384255035071,2.993055259682161,85.0943396226415,79.46428571428571,56.41599963616518,0,0,73.084,48.88294189700165,0.04040644126210708,50.00074999625003,6.833613916947254,12.237743183593397,0
1215,Sousel,53.81944444444445,63.541666666666664,60.90021691973969,76.3842561707805,6.508875739644969,99.84802431610942,85.28271468641645,99.71023491669251,27.83505154639175,22.834645669291344,31.54481132075472,31.051597955630307,59.12713472485769,13.47517730496454,100,100,22.783143107989464,64.39576311988445,8.107454017424976,35.528596184381655,15.851256214515072,12.192079825381978,16.63560958110889,12.978581259690044,3.932643028971865,50.772288274467414,16.94468832309043,50,78.60696517412936,28.884448761192154,0,63.25222781493179,32.91078793140872,0.26427061310782235,83.87529332886356,65.89016344070811,0.3845170636104129,71.50943396226414,67.85714285714285,22.15185555757686,0,0,66.66666666666666,55.619907333439855,0,50.00074999625003,6.471661054994388,0.7411309512997039,0
1301,Amarante,56.94444444444444,63.541666666666664,31.399132321041208,69.33511229708694,2.514792899408284,97.78718163714495,82.78831924089148,96.18131015212668,37.11340206185569,12.335958005249346,39.68160377358492,66.17718991988926,18.899430740037953,21.985815602836883,81.31912326563443,0,45.56628621597893,82.59508907077515,18.24782187802517,35.528596184381655,20.962462873332896,26.41097599002183,27.04321359072155,7.979841604781589,3.001778056688631,2.7884313657124924,36.02575358501609,75.7,34.32835820895522,72.7230761145709,0.6053268765133173,29.179238498287436,15.741263294985888,5.789559277931371,80.60118448988713,26.79727818102091,9.925013846874869,92.64150943396226,45.83333333333333,69.23435510278335,0,0,66.01866666666666,100,20.95787034286054,0,6.471661054994388,52.098962779967664,0
1302,Baião,66.14583333333334,65.625,33.43275488069414,86.74672003557926,1.6272189349112425,98.7724033120218,93.05203623061789,98.9547759494981,16.49484536082476,16.272965879265094,38.856132075471706,71.1431336941355,22.390891840607207,25.531914893617024,89.74462095314699,30,76.07550482879718,87.12084737602311,9.46272991287512,35.528596184381655,6.936908917843009,6.922357343311507,31.174205595638572,0.46772729752540865,4.769375588327581,5.475750496844601,69.88586479367865,64.7,64.6766169154229,85.89274356301276,0,30.952431890467736,17.230301714781856,1.7319889412912668,75.13688680299475,17.441854326804222,1.661624984022837,88.30188679245282,20.833333333333332,81.24886301619064,0,0,55.65733333333333,87.38882675613783,35.4316952878959,0,6.471661054994388,72.35109262320393,0
1303,Felgueiras,61.111111111111114,48.958333333333336,19.956616052060735,76.3842561707805,3.6982248520710055,93.80437061104703,81.10494879810567,95.69491876228912,21.134020618556708,18.635170603674545,27.122641509433965,44.498776301750624,4.7058823529411775,17.96690307328605,67.09229841142167,0,22.563652326602284,80.59701492537313,18.441432720232335,35.528596184381655,11.36043522469,10.7577174929841,36.636360874401696,6.898212746863083,0,3.479655521076672,16.798361135498972,95.7,25.87064676616916,38.028791651877064,0,33.51660083164386,13.088777946602995,4.281183932346724,72.74555816292323,44.28910665484821,9.017510970985471,81.13207547169812,64.88095238095238,46.847143896670914,0,0,66.66666666666666,100,1.177728920316121,0,6.471661054994388,23.579953134366313,0
1304,Gondomar,46.35416666666667,52.083333333333336,29.094360086767896,49.4107182566155,6.508875739644969,83.23288963421025,87.81737996950373,85.68767463520646,36.59793814432991,10.498687664041997,48.82075471698115,26.771534711216628,22.23908918406072,2.8368794326241136,39.744620953147,0,60.930640913081646,71.42513240250359,37.2216844143272,35.528596184381655,41.972695895820515,27.12815715622077,44.28259687928512,40.61895379530665,1.2969354670013598,9.542031309926433,33.187006145741876,100,20.39800995024876,47.45180454584262,0.24213075060532688,48.691647404770706,11.916648578250488,15.169133192389005,61.40350877192983,18.318801757883005,26.483745899194748,92.83018867924528,35.714285714285715,52.99140440240131,0,0,33.33333333333333,64.91319167066092,0,0,4.337822671156007,16.324862400319702,0
1305,Lousada,42.36111111111111,44.79166666666667,12.852494577006508,75.65043362241494,3.5502958579881656,93.42050099570277,86.51518101432858,96.52281900031043,21.134020618556708,17.322834645669293,29.12735849056604,51.402579506512105,0.11385199240986477,5.91016548463357,59.84315302634226,0,33.80158033362598,83.24506499759268,21.999031945788964,35.528596184381655,17.26997208262658,19.86280012472716,39.1987599939757,13.280881017359912,1.0354565422026984,1.3458387085527004,33.15774070822359,82.5,18.90547263681592,55.0887174876994,0,77.45127435898449,14.586498806164531,3.8054968287526423,65.88445636383953,42.54277606710318,8.250607132205703,90.188679245283,54.166666666666664,47.178006185191926,0,0,43.40266666666667,100,1.2157585120922216,0,6.471661054994388,15.13687308132459,0
1306,Maia,29.6875,52.083333333333336,23.644251626898043,28.752501667778503,8.136094674556213,77.20626768682529,67.03671492256153,85.14953948049259,52.57731958762888,23.884514435695543,35.43632075471699,11.717507434139907,22.23908918406072,4.137115839243499,43.72612105368993,0,47.89288849868306,64.94944631680309,44.48209099709584,35.528596184381655,38.676747756455434,21.796071094480823,36.38081529754879,39.27169161419201,1.0354565422026984,8.552700393989051,23.353819139596137,76.6,11.940298507462686,38.33148583437668,1.0895883777239708,40.11258828483664,15.380942044714562,13.746137583346885,71.47167281260477,17.676483888778154,32.743598483234635,92.26415094339625,59.523809523809526,22.93523740221939,0,0,27.325333333333333,100,0,0,9.705387205387204,0.6448565875279285,0
1307,Marco de Canaveses,57.291666666666664,52.083333333333336,20.498915401301513,76.16188570157881,4.1420118343195265,96.84257415365266,81.98146008341739,96.388285211632,32.47422680412374,17.322834645669293,38.9740566037736,69.7229796230105,9.373814041745728,33.45153664302601,76.88517997184799,12,53.687445127304656,77.90081848820415,18.949661181026137,42.540030264408145,20.2842973365013,6.26753975678204,38.40936062614681,3.098508434172078,2.5520343060349333,2.971479376590774,31.167690956979797,92.3,30.84577114427861,68.47785000357045,0,63.80459770447371,21.050575211634474,2.7687428850219544,73.48307073416024,37.18833224552795,6.705082868220358,86.79245283018868,43.45238095238094,63.2060669456067,0,0,37.84,83.52505725089205,6.418682036960009,0,6.471661054994388,46.642204501280624,0
1308,Matosinhos,40.27777777777778,56.25,33.21583514099783,35.645986213030895,11.094674556213016,62.05586416518185,58.61336908831589,79.13691400186278,59.27835051546392,23.62204724409449,43.21933962264152,14.988844513033678,39.278937381404184,1.0638297872340428,33.04846169314297,0,44.29323968393327,57.53490611458836,57.47821878025169,46.50660163199769,61.39662421941679,39.5385095104459,41.57201177255916,50.50856419067834,3.8698880870201866,8.50737421986681,16.94468832309043,76.4,13.432835820895525,18.905300561512817,0,48.57163671679546,14.504015628391572,22.28004553585949,64.10772153313219,9.954967687904604,38.48153039921606,85.0943396226415,51.19047619047619,8.819583409132253,0,20.27904631990985,2.7066666666666683,87.2916333812643,0,0,12.745510662177333,0.4741058291402518,6.968394947805526
1309,Paços de Ferreira,51.90972222222222,43.75000000000001,15.265726681127978,76.82899710918389,2.8106508875739644,89.70757782203123,81.85436490726295,95.55003622063542,19.587628865979408,14.173228346456693,29.363207547169814,51.5766274952123,0.03795066413662158,2.7186761229314422,66.05670621355318,0,23.266022827041255,81.03033220991814,23.209099709583736,35.528596184381655,23.384198819891477,13.25226067976302,47.18095888507885,10.030075185202175,1.0772931701704842,1.7720790767406993,24.290313140181446,77.8,14.925373134328366,39.080390735117184,0.36319612590799033,31.67431222424668,13.43607553722596,8.948609530004878,65.43747904793833,37.25822136632066,9.369008563759534,86.0377358490566,70.23809523809523,42.467482263052574,0,0,33.33333333333333,100,0.5561827797254739,0,6.471661054994388,7.812755444951046,0
1310,Paredes,43.75,43.75000000000001,15.482646420824295,66.82232599510785,3.994082840236686,92.82045907137618,82.31461366376986,93.34575183690364,33.50515463917526,9.711286089238849,35.61320754716982,58.263650411438185,5.351043643263758,3.900709219858156,65.29257993163081,0,41.615452151009656,79.77852672123254,28.799612778315588,35.528596184381655,29.471485247907474,9.22980979108201,47.511977175441906,4.470782163581238,0.7844367743959836,3.201596875980614,35.46971027216857,91.4,16.915422885572138,54.75735491691667,1.331719128329298,38.34626435933562,15.710874755806389,7.265409009595055,62.63269639065817,33.04275922752552,18.617655830599464,90.94339622641508,51.19047619047619,56.95265599417865,0,0,33.33333333333333,94.27757362731,0.00118842474300314,0,6.471661054994388,16.452017220395636,0
1311,Penafiel,52.25694444444444,45.83333333333333,19.414316702819956,68.02312652879698,3.106508875739645,95.70799706529714,85.35238693911043,94.50481217013348,33.50515463917526,12.073490813648297,31.485849056603776,52.14279210348428,10.360531309297915,15.13002364066194,78.3531067765936,0,54.69710272168569,82.69138180067404,22.168441432720233,35.528596184381655,23.468978620996115,25.60024945431868,42.286004231995875,8.020312954534171,1.6211693337516997,2.479864718803389,34.12350014632718,67.4,28.358208955223883,60.88112867549427,0,22.02182595014588,17.139136097243323,6.383151731988941,67.0465973851827,35.62614662851761,12.950023433172852,92.26415094339625,37.20238095238096,59.389212297616886,0,0,33.33333333333333,93.44943281674388,0.3838611919900173,0,6.471661054994388,25.18028736989337,0
1312,Porto,27.604166666666664,43.75000000000001,41.56724511930585,17.76740048921502,32.39644970414201,20.12891730426579,75.65814971788942,60.78857497671532,96.9072164948454,32.80839895013124,53.18396226415096,22.777027147615097,71.15749525616698,0,5.771164287150614,0,47.2344161545215,35.26721232546944,67.18296224588578,60.926252196747235,85.20347920277314,43.841596507639544,47.20909674023704,100,34.766237841229994,13.216938042606603,28.06555458004097,35.2,46.766169154228855,20.840399311190467,0.12106537530266344,23.042979964271534,34.25222487518993,32.81021304277118,68.34283160129624,13.070209925407328,49.2820927953645,71.69811320754717,36.9047619047619,0,9.98133631952221,6.734476009726588,9.112,58.80998029504181,0,0,0,1.1443933806833662,2.733721667916258
1313,Póvoa de Varzim,30.902777777777775,41.66666666666667,26.952277657266805,53.12430509228373,13.905325443786982,89.14552981867729,86.71797248351199,93.79074821484012,50.51546391752579,18.372703412073495,32.841981132075475,39.957222124341925,21.40417457305503,3.191489361702128,46.68208324954756,0,41.22036874451273,62.80693307655272,41.45692158760891,35.528596184381655,45.19894741603347,17.27471156844403,38.007626790666514,12.69329860066951,5.721158874594708,1.7755657055193337,24.40737489025461,98.2,7.46268656716418,34.92153643705011,0.48426150121065376,25.280002399556285,15.767310614282614,8.525776549032365,58.54285395016202,6.029798514870157,12.07021430701717,78.11320754716981,66.96428571428571,21.9255957795161,0,27.344167012632703,9.793333333333331,99.75102519039253,0,0,20.072951739618404,1.3078781493524183,7.552338658515486
1314,Santo Tirso,57.638888888888886,59.375,37.906724511930584,66.82232599510785,2.9585798816568047,93.5593753275338,76.84441608390057,94.30818586360344,32.98969072164948,21.522309711286095,29.540094339622648,23.73871176890368,14.079696394686913,6.8557919621749415,60.89885381057712,0,34.85513608428447,76.6008666345691,23.9351403678606,35.528596184381655,18.104453412397532,28.687246647957593,29.845270608400863,16.29562576843116,0.606631105532894,4.3731041456016175,17.88118232367574,81.2,24.37810945273632,37.28790063068709,0,42.836126239577446,16.31430431951378,8.306228655065864,72.49972063917755,43.26484965598991,11.286268160708962,89.24528301886792,68.1547619047619,50.16031471711844,0,0,34.00533333333333,100,0.01426109691603779,0,6.471661054994388,19.000563114203196,0
1315,Valongo,32.291666666666664,48.958333333333336,23.861171366594363,47.23148765843895,5.325443786982249,82.35902945183943,88.07892931095235,91.01728241746868,34.020618556701045,20.209973753280845,43.21933962264152,21.888568101124704,20.3415559772296,3.546099290780142,34.86828875930023,0,54.91659350307286,72.05103514684642,36.81026137463698,35.528596184381655,40.59128604087523,19.052073589024012,44.115299382162746,26.392194126878145,0,5.208151738084446,27.0119988293825,93.3,5.9701492537313445,41.87456340506424,0.24213075060532688,45.55752610726999,10.970262643802911,7.997235322816719,64.85640853726673,20.905602608772085,19.965063269566706,88.86792452830188,47.32142857142856,58.06803711115154,0,0,33.33333333333333,100,0,0,6.471661054994388,15.28582587055639,0
1316,Vila do Conde,34.375,50,26.27440347071583,54.34734267289304,8.579881656804735,92.50602662194738,79.51767454440528,92.25913277450069,46.90721649484537,17.060367454068246,30.011792452830193,25.475085810055457,15.028462998102473,4.846335697399527,65.29257993163081,1,44.468832309043016,68.68078960038517,45.45014520813165,35.528596184381655,39.25357311916011,17.711256626130343,36.987222614795456,22.24843342453041,0,3.966911892890764,12.262218320163887,66.7,6.467661691542288,27.592503129166808,5.5690072639225185,23.183632176912173,15.993054048187544,7.985038217596357,61.3252877416471,9.790305890250911,17.3235056026586,86.98113207547169,62.79761904761904,26.18701109696198,0,11.58590830911571,10.844000000000005,99.9334291952921,0,0,15.921717171717177,2.715663657335925,4.073187611742315
1317,Vila Nova de Gaia,44.96527777777778,46.875,29.175704989154006,41.383144318434496,11.390532544378695,75.71402368724452,84.16279997180104,69.37803994618649,52.57731958762888,18.635170603674545,50.05896226415095,23.304142802274804,32.106261859582546,1.8912529550827424,48.62256183390308,0,54.038630377524136,62.56620125180549,46.46660212971926,66.07213528882461,54.2399624592086,20.330526972248204,44.96363424150947,23.23129580265036,0,7.901572469579164,27.59730757974831,84,17.910447761194035,38.43776140044203,1.0895883777239708,21.309378820084124,17.62969394399826,32.241014799154335,65.53804894401608,12.434939121444785,69.68066976268587,91.32075471698111,47.02380952380951,21.97107513189012,3.0981709593131765,6.420141154142696,11.588000000000005,55.57330777014433,0,0,12.783389450056118,3.9962943452435016,2.818790010957956
1318,Trofa,41.840277777777786,43.75000000000001,25.189804772234268,60.37358238825882,10.502958579881655,92.72350906613562,61.473084342930854,96.42968022353304,28.35051546391753,22.834645669291344,30.070754716981135,23.343783800931902,9.44971537001897,6.619385342789598,48.36115021114016,0,37.576821773485506,76.14347616754934,30.759922555663117,35.528596184381655,33.37476775430842,14.93607733083879,38.812168711339,7.38285099500332,0,4.666852620201527,26.104770266315487,81.8,12.93532338308458,49.9099878953754,0.36319612590799033,34.74782416949599,16.092902105491643,3.5940803382663846,64.6664431780087,28.971572436628755,11.273486430062633,88.86792452830188,70.83333333333333,48.3559214116791,0,0,33.33333333333333,100,0,0,10.763187429854105,6.844562314944323,0
1401,Abrantes,56.770833333333336,50,55.55856832971799,63.30887258172113,7.988165680473373,99.43533172623414,81.9015107374125,97.0713029079996,30.412371134020617,19.422572178477697,29.481132075471702,23.01119077255722,52.068311195445915,23.995271867612296,74.93464709430926,1,36.78665496049165,62.42176215695716,12.270087124878994,35.528596184381655,18.31178025464041,7.047084502650453,13.509857987097249,2.489647527362426,2.2382595962765404,38.3407133642481,38.60111208662569,51.6,74.12935323383084,51.407448508204965,0.48426150121065376,74.75136116590562,20.060777078359017,3.1183932346723044,87.58520505084367,46.66767811066637,4.965702356099016,89.99999999999999,67.5595238095238,51.50309259596144,4.354236655468459,0,66.66666666666666,55.619907333439855,0,50.00074999625003,26.83501683501683,9.000744763946159,0
1402,Alcanena,37.67361111111111,51.041666666666664,48.264642082429496,63.331109628641315,11.982248520710058,98.73047898543128,0,98.99617096139916,17.010309278350537,19.422572178477697,9.728773584905662,24.137327279767348,50.626185958254275,16.312056737588655,73.00422280313694,0,26.558384547848984,65.09388541165143,11.665053242981609,35.528596184381655,14.53844508999076,11.63080760835672,18.86915068687596,10.259496567980896,1.44336366488861,19.15641016700952,43.83962540239976,100,83.58208955223881,58.761640858424435,0.24213075060532688,29.748988626253396,18.632515736922077,1.142462188973817,83.50653704324505,48.37975978485423,5.288441054918836,84.15094339622641,76.48809523809523,50.89139530653084,0,0,66.66666666666666,42.45087074612558,0.1105235010992929,1.4699926500367555,56.26402918069585,13.660060671014149,0
1403,Almeirim,34.54861111111111,48.958333333333336,41.052060737527114,59.795419168334426,11.390532544378695,98.6937951996646,85.22665354490255,98.07513194660044,34.020618556701045,21.522309711286095,27.417452830188687,35.17739651769548,43.22580645161291,18.794326241134755,49.86929418861855,1,42.230026338893765,71.5214251324025,21.999031945788964,35.528596184381655,30.271986906926053,9.22980979108201,31.950855643780923,6.118990729083901,1.2550988390335738,7.0909312785467735,12.232952882645597,100,61.69154228855721,19.074988786679427,0,55.84418622292262,22.001302365964833,2.374369816230281,82.13208179684881,56.800790139219295,2.2368028631076653,80.75471698113206,68.74999999999999,26.21088775695834,26.326987681970888,0.7472866378032145,66.66666666666666,23.207913937263676,0,23.9158804205979,86.64141414141413,0.26339212730013983,0.4945498587000404
1404,Alpiarça,16.666666666666664,37.500000000000014,51.03036876355747,64.06493217700688,12.1301775147929,99.02525940677076,82.53665791219761,99.45151609231088,35.567010309278345,19.685039370078744,33.01886792452831,33.91645968766305,46.261859582542705,12.765957446808512,42.65031168308868,0,41.922739244951714,77.66008666345691,18.6108422071636,35.528596184381655,29.978036179065665,7.421265980667291,19.176271996256965,5.150104430184401,1.6107101767597534,18.21763536836233,21.041849575651156,85.7,58.2089552238806,39.74596176419187,0.12106537530266344,77.32385056813344,24.367267202083784,0.47162140185396,83.13778075762654,54.949419473747795,0.6018064845980147,85.84905660377359,75.59523809523809,21.539021284336915,48.77939529675252,0,66.66666666666666,33.724769665015714,0,12.538437307813464,83.06116722783389,0.1816497429656137,0
1405,Benavente,11.805555555555552,32.29166666666667,24.64750542299349,48.85479208361128,18.93491124260355,99.22308982286972,68.65656461041192,97.01955914312325,46.391752577319586,27.821522309711295,29.83490566037737,18.173317123448456,35.33206831119544,13.59338061465721,73.90910918962396,2,54.38981562774363,66.44198363023591,32.18780251694095,35.528596184381655,30.447861200821507,9.416900530090428,32.86406404272476,7.9808227614761345,1.4538228218805562,3.427356089397162,41.556921275973075,100,30.84577114427861,52.77340467490275,5.5690072639225185,44.07554445691229,19.53983069242457,3.463977882582534,77.60643647334898,54.867821746019544,4.141280729410763,79.62264150943396,65.47619047619048,16.750045479352377,10.543113101903696,22.11464325959314,26.101333333333333,11.238483250785531,0,26.119369403152987,95.42508417508418,0.00544949228896841,26.940711690408904
1406,Cartaxo,29.86111111111111,55.208333333333336,39.66919739696312,52.12363798087614,11.538461538461538,98.00859448695104,85.40214229230043,97.88885439304563,30.927835051546392,19.94750656167979,29.83490566037737,15.849585156915303,44.09867172675522,31.560283687943265,64.20671626784639,0,57.330992098331855,61.940298507462686,23.330106485963213,35.528596184381655,21.43424282056833,5.612722170252573,31.457032809792366,0.28621748095593263,1.9349440435100933,9.901154074125728,42.171495463857184,84,39.800995024875625,52.928619030467225,0.7263922518159807,72.26672318721184,22.64814412850011,2.581720604976419,73.90769918426639,39.69761338885338,5.957351625410081,85.47169811320754,61.9047619047619,21.731171548117153,61.504292646509896,28.042524168198803,66.66666666666666,11.238483250785531,0,0,95.36896745230078,0.637590597809304,19.29753734356076
1407,Chamusca,51.041666666666664,38.54166666666667,56.58893709327548,83.32221480987326,4.5857988165680474,99.9043601299654,84.94183986950989,99.39977232743456,9.793814432989684,16.79790026246719,18.573113207547173,28.02746687386796,56.12903225806451,28.368794326241137,69.54554594811984,12,50.658472344161545,73.66393837265286,12.197483059051308,35.528596184381655,13.389792164246202,13.127533520424072,18.397772882445015,14.916218203963174,2.008158142453718,54.087200585753635,39.36201346210125,55.60000000000001,97.01492537313436,55.68146522351653,2.663438256658596,86.58648724510869,22.943347080529627,0.6220523662384128,81.91976757179575,43.450533337459326,0.802053598057177,83.2075471698113,56.54761904761904,43.37252137529563,10.754012691302725,0,66.66666666666666,55.619907333439855,0,49.31825340873296,49.23681257014591,3.31510780912245,0
1408,Constância,27.77777777777778,52.083333333333336,41.67570498915401,54.48076495441404,3.6982248520710055,99.3999580756734,72.38759222911408,99.72058366966782,20.61855670103093,51.44356955380579,14.976415094339629,12.435375952457404,42.466793168880464,7.210401891252956,78.37321536295998,0,39.42054433713784,69.06596051998073,17.66698935140368,35.528596184381655,18.907302256767636,14.655441222326164,18.73824910476619,9.01380052815396,6.045392741345048,15.61312367072278,15.422885572139306,94.1,56.71641791044776,42.604681956357346,0.9685230024213076,39.22413792957237,20.342956370740172,0.22767929744673931,87.1158788691474,50.55155650402043,0.9501086447104938,91.88679245283018,58.928571428571416,48.82890667636893,17.151922359089212,0,66.66666666666666,55.619907333439855,0,50.00074999625003,33.09483726150393,3.8509745508710105,0
1409,Coruche,61.458333333333336,73.95833333333333,61.09002169197397,79.63086502112519,6.36094674556213,99.85195472172728,85.38433179442805,98.68570837214116,24.226804123711357,22.572178477690297,24.64622641509434,23.14198799796941,47.66603415559772,37.82505910165485,77.39794892419063,95,54.302019315188765,79.7303803562831,23.30590513068732,35.528596184381655,25.56752267271298,13.59526036794512,21.00491104061101,3.659016060765832,0.9099466582993412,15.99316620759388,32.455370207784604,100,92.03980099502488,39.734613133020105,19.00726392251816,60.73204022339338,26.40329932711092,1.7319889412912668,85.85316795172645,54.94809850697477,1.6136934940991012,87.54716981132076,61.3095238095238,23.94828997635074,0,0,57.85866666666667,33.001810725888056,0,50.00074999625003,61.02132435465768,0.18346624039526985,0.4974335313455217
1410,Entroncamento,6.423611111111113,5.208333333333333,27.901301518438174,27.529464087169213,29.585798816568044,78.4862697830416,92.731031355217155,97.97164441684777,40.20618556701033,31.75853018372704,22.228773584905664,11.887109891626316,45.38899430740039,6.028368794326241,5.8013271667001804,0,51.00965759438104,65.5031295137217,24.661181026137463,35.528596184381655,21.403673336990792,12.16089803554724,19.5401864108662,15.684754722152846,0.21964229683087544,5.6544402217495895,37.050043898156275,100,46.268656716417915,47.85857440590352,0.12106537530266344,46.382392014334606,11.56500976774474,3.833956740933486,82.28852385741423,60.65031777249243,3.459588428273189,75.28301886792453,64.58333333333333,11.75868655630344,0.3751399776035834,0,66.66666666666666,55.619907333439855,0,50.00074999625003,86.33838383838383,0,0
1411,Ferreira do Zêzere,33.85416666666667,70.83333333333333,59.625813449023866,77.29597509450743,11.982248520710058,99.49690808091395,65.80838089848721,99.45151609231088,13.40206185567011,16.79790026246719,10.082547169811324,36.70988593395567,56.24288425047439,54.37352245862884,77.95093504926602,2,34.767339771729574,68.44005777563794,15.36786060019361,35.528596184381655,22.70571247518981,13.221078889928284,14.901458893361369,0,5.260955966949064,18.32397754611067,28.914252268071404,40,43.78109452736319,48.55862781430776,0.48426150121065376,47.15647754284776,29.89364011287171,0.8497316636851519,85.60733042798077,27.73399514511292,0.977802394444208,86.60377358490565,60.71428571428571,63.72907949790795,0,0,66.66666666666666,55.619907333439855,0,50.00074999625003,6.471661054994388,20.8679224718897,0
1412,Golegã,40.10416666666667,60.416666666666664,50.623644251626885,58.305537024683105,8.284023668639055,99.20212765957446,83.67381962870753,99.57570112801407,23.71134020618558,29.39632545931759,10.90801886792453,14.560020226376649,51.423149905123346,17.375886524822697,35.732957973054496,0,41.83494293239684,63.1921039961483,15.561471442400771,35.528596184381655,25.370906982548107,30.121608980355475,16.47991103599458,14.25542595226,7.854826900951784,7.753390746487223,36.58179689786362,100,66.16915422885573,62.68891324285739,0.48426150121065376,46.64776672361941,40.68157152159756,0.47568710359408034,81.30517376243155,49.64468608686333,0.45375143794469774,79.81132075471697,70.53571428571428,17.14344187738767,100,0,66.66666666666666,55.619907333439855,0,40.65279673601632,84.68995510662177,0.2107137018401119,0
1413,Mação,55.729166666666664,82.29166666666666,85.24945770065074,81.76562152546141,6.508875739644969,99.84540404569752,90.74764626220674,99.57570112801407,14.432989690721673,10.761154855643046,17.15801886792453,27.854275565149923,68.19734345351044,38.4160756501182,77.44822039010657,23,32.52853380158033,72.19547424169474,1.573088092933204,35.528596184381655,26.972571037965498,8.481446835048331,5.213045172645662,0,2.468361050099362,13.848889508734008,44.42493415276558,53.79999999999999,29.850746268656724,65.03781800392244,0.6053268765133173,34.30804598049141,27.56240503581507,0.5813953488372093,87.35054195999552,31.06673881504306,1.499723062502663,76.22641509433961,72.61904761904762,93.56239767145716,0,0,66.66666666666666,55.619907333439855,0.708301146829877,50.00074999625003,7.936307519640858,18.137726835116528,0
1414,Rio Maior,26.73611111111111,30.208333333333332,36.062906724511926,58.83922615076717,30.32544378698224,98.96630332250288,78.93837384599965,98.1165269585015,39.17525773195877,21.259842519685044,13.797169811320758,39.59311861844232,41.06261859582543,38.06146572104019,68.55017092298411,0,32.22124670763828,70.24554646124218,20.15972894482091,35.528596184381655,20.55991739860713,8.169628936700967,26.1589362842938,4.985796947474751,2.332392009204058,7.958230187231965,32.10418495756511,68.9,55.72139303482587,56.14841774765288,0.7263922518159807,43.77607491946215,19.110049924028655,2.1182306066026992,80.21007933847358,22.283015611378385,2.542499254399046,82.83018867924528,73.51190476190476,45.67150263780244,0,0,57.04533333333334,11.238483250785531,0,0,61.85325476992143,8.911736389893008,0
1415,Salvaterra de Magos,18.57638888888889,58.33333333333333,44.00759219088937,67.7118078719146,6.065088757396449,98.7750235824337,85.6596062879094,98.20966573527888,31.443298969072178,20.73490813648294,27.53537735849057,24.104914693320975,34.15559772296016,15.602836879432624,79.69032776995778,1,60.491659350307295,72.7732306210881,29.69506292352372,35.528596184381655,20.549395252242224,9.541627689429372,25.70034534068254,5.141099214527197,1.349231251961092,3.0656183536138912,11.969563944980976,97.9,45.77114427860697,28.73373893923123,3.14769975786925,24.99334542676124,31.235077056652923,2.280858676207513,83.60710693932283,57.20058277289755,2.6436879553491544,88.67924528301887,61.9047619047619,27.125022739676183,19.076147816349383,12.070754996738032,60.23466666666667,11.238483250785531,0,13.828430857845712,99.21156004489336,0.22706217870701711,12.202260799354056
1416,Santarém,36.111111111111114,35.416666666666664,42.326464208242946,43.87369357349343,26.77514792899408,98.5929147888062,78.3350105276813,94.15295456897444,51.54639175257733,17.060367454068246,21.167452830188687,24.30806783884829,51.0056925996205,55.55555555555556,75.67866478986527,0,45.083406496927125,63.02359171882523,23.862536302032915,35.528596184381655,31.019426757051548,12.784533832241973,20.847980530232903,8.084340352166823,1.9349440435100933,15.403054286810086,27.041264266900782,78,51.741293532338304,48.659927442090115,0.48426150121065376,48.547760600268006,22.19231604080747,8.61522198731501,82.56788467985248,44.859693232462085,17.77086617528013,84.90566037735849,65.47619047619048,34.36306167000182,11.239268383725271,0.05782575173477255,65.75333333333333,17.416253927677477,0,0.05399973000135204,62.00056116722784,6.35229151150751,0.03027856277755349
1417,Sardoal,48.4375,73.95833333333333,58.97505422993492,70.89170558149877,6.36094674556213,99.53752227229847,96.27379161356583,99.76197868156888,22.680412371134015,4.986876640419949,21.226415094339625,26.87289650197056,58.21631878557875,19.858156028368796,62.70862658355117,0,33.27480245829674,70.60664419836303,8.543078412391093,35.528596184381655,27.746785896005903,39.226691612098534,18.427089471957796,22.86990580518183,4.612488233448384,7.354171751333635,38.63037752414398,50,46.766169154228855,62.70268873515664,0.7263922518159807,44.30975029272485,25.574126329498583,0.28866482354854445,83.60710693932283,32.481936914121384,0.29078437220399644,71.1320754716981,71.13095238095238,75.94369656176096,0,0,66.66666666666666,55.619907333439855,0,50.00074999625003,7.09034792368126,16.719042342555085,0
1418,Tomar,46.18055555555556,60.416666666666664,54.09436008676789,54.61418723593506,9.171597633136097,98.67283303636935,92.25832531262772,96.86432784849428,38.659793814432994,17.585301837270347,23.34905660377359,27.60213299158797,56.69829222011386,42.90780141843972,68.28875930022119,1,36.830553116769096,57.84785748675974,17.787996127783156,35.528596184381655,29.90489374355619,9.448082319925163,17.34616499375747,5.45052807844874,0,15.776995223318574,33.479660520924796,100,56.21890547263683,54.845786942893504,3.389830508474577,66.66041875624141,24.70588235294117,3.590014636526264,83.56240920773271,44.29461926069717,6.1171232584892,80,76.19047619047619,51.335955975986906,2.6595744680851063,0,66.66666666666666,55.619907333439855,0,50.00074999625003,14.089506172839506,4.644783927630742,0
1419,Torres Novas,41.31944444444444,53.125,47.912147505422986,50.38914832110295,7.100591715976331,98.3570904517346,79.43653783187557,96.7608403187416,30.412371134020617,15.485564304461944,17.099056603773587,14.487130420051203,48.42504743833018,16.07565011820331,67.2632213955359,0,36.742756804214224,62.27732306210881,16.481122942884802,35.528596184381655,21.03233813862606,10.38353601496726,16.691236479692066,3.9647200121419903,0,14.722290017781807,36.11354989757097,70.7,57.71144278606965,60.3749971846665,0.24213075060532688,61.62933576861622,19.808986325157367,4.651162790697675,84.1099564197117,60.48509761103749,6.23854969962933,87.92452830188678,75.59523809523809,37.476123340003646,1.9802164986935424,0,66.66666666666666,55.619907333439855,0.03565274229009448,45.748271258643705,61.11391694725028,8.370420155855479,0
1420,Vila Nova da Barquinha,0,30.208333333333332,46.014099783080255,50.10006671114075,3.5502958579881656,97.92998637459384,93.28386115923318,99.45151609231088,19.587628865979408,22.309711286089243,23.584905660377363,2.8997440930145624,47.590132827324474,10.874704491725767,51.48803539111201,0,44.82001755926252,76.23976889744823,21.515004840271057,35.528596184381655,10.643900188776724,8.294356096039913,11.38783505471777,13.883898270049432,0,5.2648094557372485,18.173836698858647,87.1,53.233830845771145,38.92803972649449,6.5375302663438255,46.10666667008434,12.007814195789011,0.4797528053342006,85.65202815957089,56.194198319936625,1.7138170508286827,89.0566037735849,72.32142857142856,50.38998544660724,10.630832400149307,0,66.66666666666666,55.619907333439855,0,50.00074999625003,41.35662177328844,4.929974024086755,0
1421,Ourém,36.97916666666667,48.958333333333336,43.872017353579174,60.75161218590169,18.93491124260355,98.57719316633477,80.78327980244528,96.06747386939874,27.319587628866003,27.559055118110244,12.205188679245284,28.49498518087716,46.48956356736244,39.361702127659576,75.39714458073597,0,31.65057067603161,76.28791526239769,19.167473378509197,35.528596184381655,30.897981832382616,7.296538821328345,20.691626164926564,0,6.798452044765193,5.291830828771661,26.660813579163005,100,53.233830845771145,52.48844927589623,0.36319612590799033,45.99787632290215,18.39808986325157,1.5917222312571149,84.12113085260924,18.593325029974803,6.887222529930553,88.30188679245282,72.02380952380952,57.93842095688559,0,0,59.74133333333334,55.619907333439855,0.13429199595935587,47.68326158369208,23.416105499438835,11.965268569144976,0
1501,Alcácer do Sal,61.979166666666664,63.541666666666664,55.50433839479392,76.78452301534355,12.72189349112426,99.9580756734095,91.24803069056694,99.0996584911518,25.25773195876288,21.259842519685044,14.740566037735851,22.49471227430571,56.58444022770399,21.394799054373525,71.6468932234064,100,37.88410886742757,42.00770341839191,30.663117134559535,35.528596184381655,34.989737905519455,8.668537574056751,29.54702347940735,7.651911986044261,16.190775023533106,12.60067640598306,28.680128767925083,100,68.1592039800995,42.460327367852614,0.6053268765133173,15.371218198305108,38.9233774690688,1.6181492925678969,73.56129176444296,34.04194897947688,7.7755528098504545,73.20754716981132,67.5595238095238,21.43782972530471,2.2452407614781635,3.7912935175849594,26.844,29.677264738776167,0,50.18374908125459,63.25476992143659,0.6557555721058654,19.24995674491032
1502,Alcochete,23.78472222222222,38.54166666666667,19.414316702819956,19.63531243050921,14.940828402366863,97.96667016036056,40.49881146958765,97.73362309841664,77.31958762886599,100,28.478773584905664,7.687013575840132,33.927893738140426,17.96690307328605,43.313895033179165,0,66.198419666374,61.21810303322099,48.52371732817038,35.528596184381655,43.45698407930102,7.514811350171501,29.96098826401335,7.898977293985881,2.583411777010773,7.402984554234511,35.85016095990635,90,19.900497512437816,38.4127245741339,3.5108958837772395,41.61390485110804,15.84545257217278,1.1505935924540571,76.69013297575148,60.02586675296838,7.879936943462146,80,43.45238095238094,9.326678188102605,0,43.698475772492735,6.3466666666666685,11.23715183469138,0,28.286858565707178,61.61054994388328,0,88.05294422977104
1503,Almada,31.770833333333332,23.958333333333336,35.68329718004338,27.66288636869023,29.14201183431952,65.68886909129021,94.73643304107767,81.3515471385698,60.30927835051549,9.448818897637794,43.455188679245296,19.569384519162107,59.810246679316904,6.382978723404256,30.786245726925397,0,79.01668129938543,43.403948001925855,58.95450145208132,45.744607260214245,71.51993065752976,32.584970377299655,42.09851882605623,44.57956715463048,10.270892166091414,3.170217216972909,21.071115013169447,100,13.930348258706468,16.049461175721685,2.0581113801452786,52.22859249040721,13.496852615584984,18.027321515693608,62.655045256453235,35.146199189309556,33.81193813642368,81.13207547169812,13.392857142857142,13.586956521739133,0,20.94626653223415,0,11.238483250785531,0,0,92.7946127946128,10.541134584294564,22.6656669934829
1504,Barreiro,29.51388888888889,14.583333333333334,40.45553145336225,37.825216811207454,29.14201183431952,70.84556126192223,95.28156844168146,92.42471282210496,38.659793814432994,22.572178477690297,44.81132075471699,14.797748606677295,59.6584440227704,1.773049645390071,15.895837522622164,0,100,53.755416466056815,41.96515004840271,40.39577536136897,58.18042792255036,7.140629872154662,36.07471360693519,9.365568337492986,1.307394623993306,15.975733063700709,21.656423763535265,69.7,26.86567164179105,22.19104355552265,0.6053268765133173,59.176754273629165,4.805730410245281,11.140022767929745,61.70521846016314,35.05234465198828,14.732009714115293,76.60377358490565,0,15.331089685282882,0,27.02093588755115,0,5.338978537572564,0,21.98839005804971,78.43574635241303,0.2216126864180487,57.948843647269165
1505,Grândola,47.22222222222222,18.750000000000007,46.041214750542295,65.99955525906158,21.89349112426035,99.82968242322607,89.68049221266335,98.77884714891854,50.00000000000002,27.03412073490814,21.698113207547173,28.854126790444727,54.49715370018976,44.917257683215134,61.93444600844561,12,35.469710272168555,20.606644198363025,40.39206195546951,35.528596184381655,52.61544973824152,42.25132522606798,33.89155541880407,12.075143077092394,25.373914862462087,2.286356821589205,20.807726075504828,85.6,38.30845771144279,27.325653161737385,1.0895883777239708,0.07154891536858539,55.97134794877361,1.9921938526589684,74.61168845681082,38.642120520488206,4.121042989220741,65.47169811320754,76.19047619047619,27.417227578679277,0,7.210426427851255,23.837333333333333,28.082228257975185,0,50.00074999625003,68.40347923681256,0.5867286697789322,8.531345521656382
1506,Moita,18.57638888888889,8.33333333333334,30.558568329718,49.78874805425838,26.183431952662716,83.36390315480557,93.93620837791464,94.40132464038084,29.896907216494867,17.060367454068246,55.18867924528303,20.29828565997363,47.74193548387097,10.992907801418442,49.93967424090087,0,86.52326602282704,60.59220028887818,36.22942884801549,35.528596184381655,55.2076329345183,18.58434674150296,47.47652004227783,24.343949514839487,0.7112226754523586,8.831630696279767,40.09364940005853,100,31.343283582089555,43.90617789799955,0.6053268765133173,87.24472686601558,3.915780334273933,5.4724345422019844,59.883785897865685,30.794354012529396,11.501427293255508,76.0377358490566,17.261904761904752,9.070856830998729,0,37.924796868513134,0,11.238483250785531,0,26.417867910660448,75.83473625140293,0,80.02191591210567
1507,Montijo,13.71527777777778,15.624999999999996,22.017353579175705,31.265287969757605,36.68639053254438,97.77670055549731,83.522031253808,94.12190831004864,60.30927835051549,18.635170603674545,38.44339622641511,26.39436886397892,40.379506641366234,24.113475177304963,39.704403780414246,2,64.31079894644424,61.4347616754935,44.336882865440465,39.3396714713752,57.467129704275365,14.998440910508265,35.03619638669917,19.39997015471411,1.9872398284698256,8.827272410306474,21.100380450687737,85,36.318407960199,32.57984242163726,3.026634382566586,24.966449202547587,11.065769481224228,5.163441209952838,71.1923119901665,53.53698891651697,12.76255805036002,80,46.726190476190474,21.376432599599784,0,4.133799893244765,27.078666666666663,11.182563774830903,0,46.2762686186569,81.95286195286194,0.00726598971862454,11.799988465309417
1508,Palmela,18.750000000000004,35.416666666666664,28.49783080260303,37.558372248165426,15.088757396449704,97.95749921391888,34.98813609530708,93.20086929524992,53.092783505154664,21.522309711286095,31.014150943396228,16.487644961017438,34.990512333965846,41.25295508274232,64.54856223607479,0,66.5496049165935,62.73471352912855,42.473378509196515,35.528596184381655,37.85959074553408,5.082631743062051,38.11895589423591,0.8518459243251162,2.7402991318899694,2.1913461873714306,22.768510389230318,84,25.373134328358216,29.3523964729851,3.026634382566586,60.57032667641492,24.32385500325591,8.216783216783217,72.46619734048497,52.36490400315397,17.921051510374504,87.1698113207547,43.45238095238094,19.453792977987995,0.08025382605449795,1.3922661763833697,16.95866666666667,11.002822602119611,0,50.00074999625003,93.53114478114476,2.007229659770031,11.89226598996482
1509,Santiago do Cacém,51.736111111111114,59.375,49.999999999999986,53.12430509228373,15.088757396449704,99.70521957866052,90.66320236494968,97.33002173238124,54.12371134020619,17.060367454068246,23.34905660377359,12.894077792826192,58.93738140417458,36.87943262411348,55.81138145988337,16,29.938542581211593,54.54983148772268,37.34269119070668,35.528596184381655,35.80185963190692,12.50389772372934,26.652467610299407,7.705299577012446,6.296412509151763,14.206268958543983,21.51009657594381,90.2,37.810945273631845,31.90218946522283,0.12106537530266344,45.79798181994458,22.899934881701757,2.9598308668076108,74.68990948709352,30.24610880446196,2.827957905500405,73.9622641509434,72.91666666666666,23.845961433509185,0.586039567002613,1.9690409821481525,27.68,39.40459072269265,0,50.00074999625003,52.48456790123457,0.821056838204574,1.789318876521138
1510,Seixal,17.708333333333336,8.33333333333334,29.50108459869848,32.02134756504334,27.66272189349112,75.77691017713028,90.0379163697775,83.86629411155957,47.42268041237116,50.65616797900263,38.561320754716995,15.803002553384763,39.12713472485768,2.4822695035460995,35.06937462296401,0,85.60140474100088,54.236880115551266,47.507260406582766,43.54742754001505,52.396423905472346,11.72435297786093,38.758780434147454,9.008338444409333,3.054073841648363,0.21617098427530432,11.99882938249927,100,10.945273631840797,8.150796420746481,0.24213075060532688,46.81135518941165,10.91382678532668,16.437632135306554,65.96267739412225,43.65225350636595,31.044693451493337,86.60377358490565,11.904761904761903,18.98080771329817,0,12.898108060020164,0.07333333333333296,11.226500505938114,0,7.513462432687837,87.2053872053872,0,34.13547494088471
1511,Sesimbra,21.52777777777778,42.70833333333333,26.4642082429501,36.62441627751833,15.532544378698226,96.26742479823918,94.59665249713544,95.07399358377316,41.23711340206186,15.485564304461944,31.308962264150953,15.196671523527376,32.75142314990512,7.68321513002364,52.895636436758494,1,76.60228270412642,38.63745787193068,50.5082284607938,75.66868996601683,42.094582732079914,10.695353913314625,36.70459456763335,9.2774784565551,16.00251019767807,0.9248282835326525,16.095990635059994,100,5.9701492537313445,25.125485306752637,0.12106537530266344,42.78551136617772,25.743433904927283,7.155635062611807,72.11978992066153,43.67856622124681,6.1394912871202765,86.0377358490566,42.85714285714285,35.725168273603785,0,5.032323112508156,1.370666666666665,11.18655802311338,0,41.492792536037314,94.72643097643098,5.149770213075149,6.482496107041929
1512,Setúbal,43.57638888888889,30.208333333333332,33.70390455531453,34.133867022459405,25.59171597633136,92.98291583691436,67.23585037617414,87.44696264100178,55.15463917525775,32.54593175853019,37.9127358490566,17.83469005479118,50.1707779886148,6.73758865248227,30.796300020108593,1,59.61369622475855,49.08521906596051,44.24007744433688,49.83438106281778,54.18046303149515,23.885251013408173,36.30455304527372,34.80890263546522,7.697939546072587,3.6487570168404178,18.466491074041556,91.8,21.890547263681594,14.287210808506154,1.0895883777239708,52.718597835387385,14.18710657694812,14.555212229630833,62.63269639065817,36.13423237069433,16.558732052319883,75.66037735849056,45.83333333333333,18.80457522284883,0.5169839492347892,32.13777356028705,2.9906666666666646,0,0,50.00074999625003,67.78479236812571,14.237706853644802,58.346790472345575
1513,Sines,51.736111111111114,42.70833333333333,32.13123644251626,48.9882143651323,30.02958579881657,99.10124724871606,49.350763077867896,98.25106074717996,54.12371134020619,49.60629921259844,32.31132075471699,12.68538875159767,49.71537001897534,24.940898345153663,53.14699376633823,0,16.90079016681299,39.48001925854599,44.215876089060984,35.528596184381655,57.624484020111474,30.215154349859684,41.3411008299393,38.62398706779788,15.207614266290136,1.3371221366061157,10.711150131694469,89.2,31.343283582089555,8.613838031986717,0.12106537530266344,30.519698952842433,10.835684827436506,2.2889900796877543,56.88903788132752,17.158162968804263,1.884240126113076,64.90566037735849,77.38095238095238,26.82031107877024,0,9.962339125793251,0,11.110667305746396,0,50.00074999625003,86.08726150392818,0.7919928793300757,9.171520848953229
1601,Arcos de Valdevez,57.986111111111114,69.79166666666666,68.763557483731,81.14298421169667,4.881656804733728,99.44581280788178,91.69213260399331,98.56152333643796,35.0515463917526,11.548556430446194,20.518867924528305,68.20007564299588,54.00379506641367,16.312056737588655,80.34385682686506,19,30.553116769095706,75.3490611458835,18.15101645692159,92.56904275877682,23.033792071004243,20.330526972248204,27.407232136007636,5.302956117991007,6.06631105532894,2.2854851643945473,30.96283289435177,53.400000000000006,23.880597014925375,62.92489493349965,0.24213075060532688,23.193403293125915,24.367267202083784,3.0533420068303787,87.7751704101017,19.37308575936873,2.1952622385070946,85.0943396226415,70.53571428571428,82.04816263416409,0.5935050391937291,0,90.35866666666668,100,36.58803256283796,0,7.00336700336701,78.97949174401919,0
1602,Caminha,37.67361111111111,62.5,51.16594360086768,55.0144540804981,12.72189349112426,98.46190126821088,95.96967484678795,98.71675463106696,48.45360824742267,4.724409448818898,24.351415094339632,46.27357843434437,40.07590132827325,11.229314420803783,60.83852805147798,0,39.201053555750654,46.100144439094855,29.45304937076476,54.95799951971222,24.90192198976971,11.28780792017462,25.479444760212537,1.2556784762254267,24.35937663424328,3.4081796311146753,17.500731635937957,93.9,12.437810945273638,24.50192167244603,0.7263922518159807,48.16248693594589,42.826134143694375,2.748414376321353,76.52251648228852,8.203290797821078,2.4604831494184314,85.47169811320754,73.8095238095238,67.75627615062761,0,9.13498606251112,23.274666666666672,99.92144645044468,1.447501336977836,0,7.0300224466891175,30.627963161432127,13.794048099659728
1603,Melgaço,64.23611111111111,83.33333333333333,86.49674620390455,86.45763842561706,5.917159763313609,99.63971281836284,93.1361312970315,99.55500362206357,24.742268041237136,12.073490813648297,11.26179245283019,57.057965523364565,60,30.14184397163121,70.24934647094308,100,23.88059701492537,74.50649975926818,4.646660212971927,35.528596184381655,17.67810570739826,16.90053009042719,7.128409352296727,2.137610251525347,0,9.89592413095778,33.97717295873573,44.4,22.885572139303488,61.205926499629946,0,50.09128856084263,30.94855654438898,0.9147828915270776,92.08850150854845,10.682329319373888,0.7264283583997274,76.98113207547169,72.32142857142856,87.78538293614699,0,0,100,99.99866858390584,73.80236496523858,0,5.042087542087543,60.71461008882672,0
1604,Monção,57.46527777777778,62.5,63.63882863340563,69.95774961085168,14.349112426035502,98.93879048317788,94.0641487980359,98.69605712511644,29.38144329896909,20.73490813648294,15.683962264150944,51.84550536958032,49.56356736242884,6.501182033096928,73.53710034184597,100,28.007023705004386,75.99903707270101,24.128751210067765,35.528596184381655,26.169211702283196,14.125350795135642,14.31316346513726,8.800846060054152,3.127287940591988,4.358285973292424,23.324553702077843,73.2,49.25373134328358,46.61298356735665,0.12106537530266344,64.50689654591486,29.48122422400694,2.0450479752805335,86.52363392557827,21.629812171707783,1.7734651271782202,83.58490566037734,71.13095238095238,68.17923412770602,0,0,99.04133333333334,100,10.568661239527009,0,11.506734006734003,44.50055403171604,0
1605,Paredes de Coura,58.854166666666664,73.95833333333333,54.63665943600867,79.45296864576382,6.36094674556213,99.23095063410544,90.02290993522365,99.4411673393356,20.61855670103093,12.860892388451443,17.3938679245283,57.284795889321536,32.18216318785579,35.57919621749409,79.25799316308064,14.000000000000002,37.576821773485506,75.97496389022628,12.100677637947726,35.528596184381655,11.451505771055633,9.29217337075148,25.44272371777857,0.1481980979435069,12.969354670013598,3.640040444893832,31.60667251975417,90.9,43.78109452736319,68.16090892409214,0.24213075060532688,23.469961605248592,19.418276535706532,0.6627093836396162,87.31701866130292,8.70906933467244,1.3548634485109283,93.39622641509436,62.5,72.16208841186102,0,0,67.13866666666667,100,8.629152058945868,0,7.617845117845118,26.121233038455248,0
1606,Ponte da Barca,49.65277777777778,65.625,52.92841648590021,73.44896597731821,3.2544378698224854,99.24798239178284,93.39261588296462,99.29628479768188,31.95876288659796,15.223097112860897,19.398584905660385,70.52468160076984,36.05313092979127,59.33806146572105,68.78141966619746,8,30.992098331870057,82.66730861819931,18.005808325266216,35.528596184381655,15.55226182732654,28.531337698783908,26.87029558708222,14.651173603099984,3.723459889132936,2.855548969701196,30.640913081650567,56.49999999999999,31.343283582089555,49.89759169824933,0,22.315286627058136,13.926633383980896,0.8050089445438283,86.74712258352889,13.718987307203736,1.2323718631502707,82.0754716981132,70.53571428571428,82.52796980171001,0.8137364688316537,0,81.79733333333333,100,27.843603303820785,0,6.17564534231201,76.85782274618082,0
1607,Ponte de Lima,57.46527777777778,53.125,37.47288503253796,69.40182343784744,5.325443786982249,98.37543234461796,86.74404088077453,96.90572286039531,28.865979381443307,14.173228346456693,14.740566037735851,49.34704761737056,19.6584440227704,21.27659574468085,82.63623567263222,0,39.55223880597014,79.29706307173808,25.12100677637948,35.528596184381655,28.835626541414666,27.84533832241971,26.81233436605148,7.9064010209692865,6.777533730781299,2.333426310100764,28.299678080187302,81,11.940298507462686,57.40940780572819,0.7263922518159807,14.64367815467102,19.23594530062947,5.8302162953325745,77.53938987596378,20.59464647343006,8.068467470495506,92.83018867924528,53.27380952380951,60.335182826996544,1.4501679731243002,0,50.05733333333333,100,1.200308990433181,0,10.824915824915829,37.606946286171,3.314781705980737
1608,Valença,37.84722222222222,48.958333333333336,43.08568329718005,65.08783633533466,28.254437869822485,98.4553505921811,82.83388862396005,98.86163717272068,21.649484536082493,18.11023622047244,28.2429245283019,42.30261250379942,34.15559772296016,5.91016548463357,70.22923788457672,19,26.470588235294112,81.99325950890707,16.577928363988384,35.528596184381655,23.004812378331373,12.129716245712505,31.80146636162228,10.50984675455641,0,2.713468846971862,34.006438396254026,89.7,42.28855721393035,54.70618132004833,5.5690072639225185,34.57055573395209,22.643802908617317,2.016588063099691,79.68488099228965,16.212935054926476,2.5339781006348265,87.54716981132076,71.13095238095238,60.76268873931235,0,0.8421801791115591,66.71333333333332,100,1.1076118604789351,0,15.499438832772167,30.815062396686702,2.7452563584981835
1609,Viana do Castelo,50.86805555555556,46.875,39.099783080260295,49.21058483433399,12.1301775147929,96.48359710722146,81.77129620852334,92.22808651557489,41.23711340206186,17.585301837270347,20.341981132075475,27.592845134129465,30.43643263757116,7.210401891252956,65.1116026543334,1,33.40649692712906,62.18103033220992,33.47047434656341,41.57430174356909,35.18694409129307,16.962893670096662,24.69440187110431,8.556559431289678,0,4.000906523482445,23.587942639742455,75.6,22.885572139303488,37.46397900817502,2.421307506053269,36.93222530219136,19.57021923160408,10.961131891364449,76.23198122695274,16.40771069600594,15.176174854075242,87.92452830188678,72.61904761904762,55.62124795342914,0,10.57321629796572,17.102666666666664,99.81626457900622,0.6904747756848297,0,13.967452300785638,25.067664529254692,10.003460407174575
1610,Vila Nova de Cerveira,36.45833333333333,44.79166666666667,44.468546637744026,61.75227929730931,23.66863905325444,98.91651818467666,59.92397352516113,99.28593604470665,28.35051546391753,26.771653543307096,18.10141509433962,39.84841226074012,37.68500948766603,5.200945626477542,62.80916951538307,5,31.38718173836698,87.69860375541647,16.33591481122943,35.528596184381655,14.596707742934212,24.508886810102904,26.83949976662997,9.572447213392284,0,5.428681008333043,20.66139888791337,79.2,27.363184079602,42.38685807558992,0.48426150121065376,26.774294671748393,25.5697851096158,0.9960969263294842,85.27209744105487,12.537490581533852,1.3069319585871928,90.188679245283,66.3690476190476,67.59027651446243,0,2.591779846984165,47.98933333333333,100,0.206785905282548,0,7.431257014590353,31.05302355997166,6.949651075609897
1701,Alijó,59.375,72.91666666666666,60.46637744034706,87.0135645986213,1.3313609467455625,99.6017188973902,95.83798717841375,99.36872606850876,24.742268041237136,14.698162729658796,32.1933962264151,75.27995638044047,46.18595825426945,6.146572104018913,80.48461693142971,67,29.543459174714663,71.97881559942225,6.098741529525654,35.528596184381655,22.087714380970574,27.62706579357655,20.377221467032168,15.17925515718423,5.334170065892688,5.422579407970433,32.39683933274802,62.5,37.313432835820905,45.81060042464832,0.12106537530266344,83.35050546129473,18.515302800086825,1.06114815417141,93.49648005363728,20.20744662352175,2.007796855694261,67.35849056603773,59.821428571428555,77.03292705111879,0,0,66.66666666666666,100,38.43246776397884,44.58127709361454,6.471661054994388,36.388076510871734,0
1702,Boticas,73.61111111111111,71.87499999999999,71.74620390455532,94.12941961307538,2.2189349112426036,99.85850539775704,95.0770999011353,99.72058366966782,30.927835051546392,8.136482939632545,17.924528301886795,79.52922016793327,47.21062618595827,3.0732860520094567,100,31,33.53819139596137,89.84111699566684,8.08325266214908,35.528596184381655,26.86606926352546,0,17.782264388539538,0,0.9413241292751804,5.63700707785642,30.494585894059117,100,21.890547263681594,51.179515615978374,0,25.504811548382676,16.85261558497938,0.4797528053342006,96.80411219130627,3.6637429877569834,0.4399045630778408,78.49056603773585,54.76190476190476,88.56876478078952,0,0,85.928,100,68.59706459088478,0,7.404601571268237,36.3190496085448,0
1703,Chaves,59.20138888888889,66.66666666666666,58.37852494577006,63.88703580164553,5.473372781065089,99.22833036369352,92.62658335074524,96.99886163717272,45.876288659793815,23.62204724409449,34.021226415094354,55.21969206321893,47.89373814041746,15.602836879432624,65.69475165895837,0,25.68042142230026,70.5825710158883,19.167473378509197,35.528596184381655,24.34648514158873,18.17898347365139,17.471184084321166,8.34269115188268,2.3742286371718437,5.296189114744953,22.79777582674861,96.4,35.32338308457712,38.85486724458552,1.573849878934625,47.66649210966231,19.98697634035164,5.017075947308506,93.08302603642863,20.086544962402375,5.193643219291893,79.81132075471697,78.86904761904762,72.83518282699653,1.6629339305711088,0,97.01333333333334,100,38.64876106720542,0,11.094276094276095,19.901545839312636,0
1704,Mesão Frio,72.74305555555554,86.45833333333333,49.34924078091106,84.12274849899933,0.4437869822485208,98.35971072214652,92.24743776534076,99.79302494049467,28.35051546391753,17.847769028871394,33.5495283018868,75.35477826311693,32.40986717267552,22.10401891252955,70.65151819827065,0,41.922739244951714,88.42079922965816,7.066795740561471,35.528596184381655,21.01513740850324,3.8353601496725913,25.32517105797492,1.58036615314275,8.72293693128334,16.04982392524668,43.63476733977173,12.5,48.75621890547265,63.58143943593462,0,64.69843259626211,12.550466681137395,0.14636526264433242,82.24382612582411,18.623557769090247,0.3312598525840399,65.66037735849056,51.78571428571428,63.888257231217025,0,0,66.66666666666666,100,10.925188662427953,0,9.971941638608312,62.20413798114476,0
1705,Mondim de Basto,57.638888888888886,67.70833333333334,46.99023861171366,83.72248165443628,1.3313609467455625,99.56765538203544,92.8730457582146,99.61709613991516,20.61855670103093,1.0498687664041997,38.32547169811321,71.74391372028416,38.40607210626187,17.49408983451537,68.60044238890005,0,35.82089552238806,82.81174771304767,10.987415295256534,35.528596184381655,33.10369081638049,17.492984097287184,21.830151896594685,8.629232636358127,12.352264407488756,0.3373313343328336,71.26134035703832,96.2,8.955223880597014,84.45930668942447,0,95.408045982275965,20.27783807249837,0.813140348024069,87.84221700748688,6.945819686666198,0.7424055217076392,72.45283018867924,48.8095238095238,81.81735492086592,0,0,66.66666666666666,100,38.85554697248797,0,6.471661054994388,61.190532415396625,0
1706,Montalegre,62.673611111111114,89.58333333333334,78.63340563991322,92.9730931732266,1.7751479289940828,99.90698040037732,97.89240429357908,99.45151609231088,33.50515463917526,13.910761154855644,26.886792452830193,85.54804749132782,62.50474383301707,8.39243498817967,82.84737582947919,66,36.4793678665496,89.72075108329321,6.752178121974831,35.528596184381655,27.247731502980866,55.784222014343634,25.734155341214,1.8029240829181703,5.553812362723564,9.450507304487292,21.8612818261633,100,22.388059701492544,39.408593148604375,0.36319612590799033,53.65750398914795,16.045148686780983,1.3050902585786306,97.26226394010504,1.6357727232340635,0.8361382131140558,73.77358490566037,56.84523809523808,86.33231762779698,0,0,94.40133333333334,99.99866858390584,95.89399251292411,0,6.205106621773291,34.375397358812734,0
1707,Murça,63.71527777777778,81.25,67.9229934924078,87.99199466310873,1.6272189349112425,99.69342836180694,99.3210611377908,99.68953741074202,31.443298969072178,0.26246719160104987,32.13443396226416,78.19176390271238,42.31499051233397,3.309692671394799,70.30967223004222,4,27.524143985952588,77.90081848820415,2.8073572120038723,35.528596184381655,20.0280276157256,24.25943249142501,14.498766452944476,15.055925525723485,1.6002510197678066,5.1549806492102785,2.6046239391278916,75,14.427860696517412,1.9322354027358644,0,59.689807073760946,25.80855220316909,0.39437306879167344,95.07207509218908,15.08828019786744,1.2558050360018749,73.9622641509434,60.41666666666665,79.13748408222666,0,0,66.66666666666666,100,36.96832848059897,38.431307843460786,6.471661054994388,31.910410346769357,0
1708,Peso da Régua,70.1388888888889,62.5,43.03145336225597,67.46720035579274,1.3313609467455625,98.0832721936904,95.47873836765692,98.87198592569597,35.0515463917526,18.11023622047244,40.212264150943405,53.168620883243165,32.82732447817837,15.011820330969266,59.96380454454052,0,38.0597014925373,69.28261916225324,10.503388189738626,35.528596184381655,21.389686317174124,21.234798877455567,21.131424858343635,34.007139856972934,9.915280828365235,14.602001324918938,50.30728709394205,40.6,42.28855721393035,66.54418292736369,0,51.411088568694275,11.391360972433258,1.7035290291104244,79.59548552910938,39.88213919903939,2.497763197136893,67.1698113207547,67.26190476190476,64.26005093687466,4.552071668533035,0,66.66666666666666,100,19.355873789292293,8.294958525207376,7.422839506172845,46.00461390347132,0
1709,Ribeira de Pena,60.9375,69.79166666666666,56.12798264642082,89.92661774516344,4.1420118343195265,99.70259930824862,89.81463108854133,99.6584911518162,32.98969072164948,22.572178477690297,31.25000000000001,82.0708450648061,47.66603415559772,23.049645390070925,81.0577116428715,4,27.83143107989464,91.95955705344244,13.310745401742496,35.528596184381655,26.87944237380956,38.384783286560655,17.910926353380535,6.930606529453861,1.0772931701704842,4.239740594818869,37.98653789874159,85.7,10.447761194029855,61.10457449354987,0.9685230024213076,51.228548509426275,13.978728022574344,0.3252561392096276,92.45725779416696,5.3994499107224625,1.131183162200162,74.15094339622641,48.21428571428571,84.20388393669273,0,0,66.66666666666666,100,49.38617862023887,0,6.478675645342315,56.890882999400546,0
1710,Sabrosa,56.770833333333336,67.70833333333334,59.59869848156181,85.12341561040692,1.183431952662722,99.58468713971284,95.6541687529714,99.6584911518162,23.195876288659793,11.286089238845143,25.235849056603776,55.139323933058314,39.62049335863379,7.919621749408984,79.0971244721496,9,32.089552238805965,77.29898892633607,8.470474346563407,35.528596184381655,18.727337803722236,65.94948550046773,18.327036744775445,11.142819801865812,3.796673988076561,7.901572469579164,35.67456833479661,38.5,0.9950248756218916,33.982201505247524,0.24213075060532688,50.83908046494556,12.368135446060348,0.365913156610831,91.47390769918428,10.270360789114982,0.6348259554343659,78.30188679245283,54.76190476190476,75.10573949426959,0,0,66.66666666666666,100,36.3396517915503,37.138314308428455,6.471661054994388,34.01391437031116,0
1711,Santa Marta de Penaguião,64.58333333333333,79.16666666666666,57.836225596529275,85.52368245496997,0.591715976331361,98.9296195367362,97.7761792231694,99.64814239884092,34.020618556701045,3.674540682414699,24.29245283018868,89.1443102847781,31.8785578747628,8.628841607565011,100,0,37.489025460930634,77.78045257583052,6.050338818973863,35.528596184381655,23.76867721704023,30.838790146554413,18.32537457360031,13.727645522197172,3.2946344524631312,10.84951710191416,33.24553702077846,80,23.880597014925375,53.27883778842765,0,88.74129602128008,9.138267853266768,0.3618474548707107,88.91496256564979,20.022476898480516,0.6859528780196839,76.98113207547169,55.95238095238094,66.26114244133163,0,0,66.66666666666666,100,19.767068750371383,0,8.956228956228957,54.27875969555503,0
1712,Valpaços,61.63194444444444,73.95833333333333,80.88394793926246,96.44207249277297,1.0355029585798814,99.70783984907244,98.74835669646912,99.11000724412708,27.319587628866003,1.0498687664041997,24.174528301886795,92.32484572045448,60.91081593927895,6.382978723404256,77.91071787653327,2,25.153643546971026,85.00240731824746,8.615682478218782,35.528596184381655,12.391848679530112,28.62488306828812,12.59374369406234,2.733488808206566,0,5.215996652836372,36.23061164764413,93.3,23.880597014925375,38.33918544414092,1.2106537530266346,38.59386972643432,22.19665726069025,1.6018864856074158,95.44083137780758,12.73920517890036,1.3612543138340931,67.9245283018868,71.13095238095238,71.33095324722576,0,0,77.71866666666666,100,39.24653871293601,18.397408012959936,6.53198653198653,18.337541552378703,0
1713,Vila Pouca de Aguiar,47.74305555555556,80.20833333333334,64.75054229934925,86.19079386257503,3.4023668639053253,99.70128917304264,90.72092716125545,99.23419227983028,31.443298969072178,8.398950131233596,35.14150943396228,71.44661943237645,44.250474383301714,5.791962174940899,82.11341242710637,1,28.709394205443367,75.61386615310543,13.528557599225556,35.528596184381655,14.988751096573818,53.13376987839102,13.347324003314007,2.2856298063227833,0,3.3715700289390185,32.27977758267486,90,18.40796019900498,66.23473194445876,0,38.61470504344455,18.732363794226178,1.451455521222963,96.06659962006928,3.595153368569739,2.741681223637681,77.16981132075472,54.4642857142857,82.79743496452609,0,0,66.66666666666666,100,74.91235367520352,0,8.806116722783392,28.940437049281577,0
1714,Vila Real,50.69444444444444,59.375,34.95119305856833,36.135201245274615,8.136094674556213,98.32433707158576,88.11477838840244,95.21887612542687,51.03092783505154,4.724409448818898,24.88207547169812,32.39917095536137,34.68690702087287,8.865248226950355,63.30182988135935,0,27.61194029850746,59.8700048146365,27.274927395934174,35.528596184381655,18.67291801952035,32.49142500779545,18.278377127502225,18.767763929263086,0,2.612356612391479,28.270412642669008,100,20.39800995024876,55.961287549346906,0.7263922518159807,29.96193569255916,18.441502062079444,8.71686453081802,91.004581517488,13.509716321658532,10.353201823526907,85.84905660377359,73.51190476190476,76.24044933600145,0,0,66.66666666666666,100,57.89648820488442,0.8564957175214198,8.677048260381596,32.28097582241921,0
1801,Armamar,59.375,84.375,54.5824295010846,83.5668223259951,7.2485207100591715,99.42485064458651,92.79357270047672,99.64814239884092,33.50515463917526,11.023622047244096,37.67688679245284,72.1819340272984,44.440227703984824,20.44917257683215,85.68268650713856,1,23.836698858647935,80.71738083774675,0,35.528596184381655,22.304398192037866,8.356719675709387,19.053135078417093,0.3873096749506684,7.028553498588014,5.460932324535407,52.64852209540531,83.3,58.706467661691555,87.16567587296726,0,46.705147427563936,24.80573041024528,0.4797528053342006,88.27801989049057,9.822149770122651,0.4857057645605215,75.66037735849056,51.488095238095234,73.26155175550298,0,0,66.66666666666666,100,43.05900528849011,49.171254143729286,6.471661054994388,42.4896913770867,0
1802,Carregal do Sal,38.888888888888886,53.125,57.02277657266811,79.65310206804534,9.023668639053254,99.01739859553506,83.00366862043916,99.36872606850876,16.49484536082476,24.67191601049869,20.87264150943397,37.36772848485365,42.88425047438331,6.382978723404256,75.77920772169716,0,26.690079016681302,74.53057294174289,7.744433688286543,35.528596184381655,10.58580987263989,27.62706579357655,14.909734292104543,7.125156583924812,0.5438761635812154,10.7919877270667,38.80597014925373,46.7,57.71144278606965,58.399567145747675,0.24213075060532688,53.81034482588507,16.38376383763838,0.7399577167019027,91.04927924907813,18.491440277628328,0.7786204252055728,92.64150943396226,69.34523809523809,73.07167545934146,0,0,66.66666666666666,55.619907333439855,0,50.00074999625003,6.471661054994388,12.34310003451345,0
1803,Castro Daire,47.395833333333336,76.04166666666666,58.893709327548805,88.43673560151211,2.8106508875739644,99.57813646368304,88.45372792738458,99.12035599710237,21.649484536082493,17.322834645669293,34.55188679245284,70.16538460954158,43.98481973434535,13.120567375886525,81.67102352704603,14.000000000000002,40.64969271290605,83.2691381800674,7.212003872216845,35.528596184381655,17.269688953262445,6.080449017773621,20.36476799533725,0.653149555463811,3.451521807342328,6.174819566960705,15.30582382206614,73.5,32.835820895522396,25.353575333872374,0.12106537530266344,42.7356321810228,18.68461037551552,1.463652626443324,86.57950609006593,6.7212438323100585,2.326274977631972,77.35849056603774,48.21428571428571,88.44938148080772,0,0,49.06,56.585184001704214,60.42189078376611,26.051869740651306,7.168911335578001,42.682240104630246,0
1804,Cinfães,68.5763888888889,68.75,39.96746203904555,89.81543251056259,4.437869822485207,99.10779792474584,90.85270472065469,98.92372969057227,25.25773195876288,12.335958005249346,42.5117924528302,92.24276062818883,24.81973434535104,100,90.15684697365776,90,70.1492537313433,94.84833895040924,3.0977734753146176,35.528596184381655,19.831436356078065,29.217337075148116,35.36019493274124,2.241796633353589,1.2655579960255203,7.530246504654649,33.187006145741876,61.5,29.35323383084577,56.61337989647603,0.24213075060532688,37.32113459349275,14.291295854135011,1.463652626443324,79.00324058554028,22.829681221816543,1.852285799497252,83.39622641509433,24.4047619047619,85.30789521557213,0,0,33.33333333333333,55.619907333439855,47.900647691484934,0,6.611952861952863,76.18026920491909,0
1805,Lamego,61.28472222222222,69.79166666666666,41.91973969631236,62.48610184567488,3.846153846153846,98.15139922439997,92.98276647505097,98.07513194660044,47.42268041237116,11.286089238845143,44.57547169811322,58.97849634902828,33.24478178368122,26.95035460992908,56.26382465312689,0,36.39157155399473,73.13432835820896,12.633107454017424,35.528596184381655,13.455236663150275,10.165263486124102,21.37902395019622,4.783809140057452,2.8762681727852737,8.918796415745616,42.75680421422299,48.9,35.32338308457712,59.19051436012139,0.24213075060532688,26.096551724365764,13.310180160625132,3.126524638152545,83.28304838529445,11.116587158462387,4.077372076179115,78.67924528301886,65.17857142857142,73.19674367837003,2.3684210526315788,0,66.66666666666666,94.82744847419715,49.81638837720602,6.1919690401548,7.6374859708193075,52.518573686218225,0
1806,Mangualde,38.541666666666664,60.416666666666664,51.13882863340563,72.7373804758728,7.544378698224852,98.93354994235403,40.28567582423881,98.4890820656111,22.680412371134015,38.58267716535434,30.95518867924529,32.967651670147845,31.385199240986715,21.86761229314421,76.44279107178764,0,26.690079016681302,69.21039961482909,8.494675701839304,35.528596184381655,11.675384062888757,11.007171811661989,13.35096758819329,7.355050913490391,1.631628490743646,9.259614378857083,42.78606965174129,92.2,59.70149253731344,59.45544378996792,0.24213075060532688,54.58692529072924,16.557412632949863,1.7075947308505448,89.23902111967818,21.619753362722022,3.893102126027865,91.69811320754717,77.67857142857142,77.63439148626523,0,0,66.66666666666666,55.619907333439855,16.907718818705806,50.00074999625003,6.471661054994388,14.339430709705544,0
1807,Moimenta da Beira,47.04861111111111,47.916666666666664,50.92190889370932,75.36135201245273,5.917159763313609,99.4733256472068,91.75196380193069,99.35837731553347,35.0515463917526,9.711286089238849,29.71698113207548,61.788798134807934,39.81024667931688,9.810874704491727,74.32133521013472,32,18.08604038630377,82.40250361097738,6.219748305905131,35.528596184381655,10.593650955295058,14.343623323978797,15.584059990590276,4.647276056057791,0.8576508733396087,4.524772497472195,45.15657009072285,72.5,36.81592039800995,77.45550769149112,0,46.15012383650134,22.69155632732798,1.6018864856074158,93.41825902335457,9.461638257443866,0.987388692428955,75.84905660377358,70.53571428571428,76.64521557213025,0,0,66.66666666666666,97.3944187037333,74.07094895715728,50.00074999625003,6.471661054994388,14.77902308768233,0
1808,Mortágua,46.00694444444444,70.83333333333333,66.05206073752711,80.16455414720924,9.763313609467456,99.58075673409496,80.07772917185203,99.32733105660768,23.71134020618558,28.346456692913392,8.372641509433967,35.89981943580875,34.19354838709678,31.4420803782506,80.58515986326161,0,28.27041264266901,77.53972075108328,11.302032913843176,35.528596184381655,7.959474055620721,14.59307764265669,7.485017458811714,8.878474488698906,1.9663215144859325,2.8320142254454166,18.495756511559843,64.5,61.19402985074627,37.68648201687176,0,38.302370688197925,17.22161927501628,1.5896893803870549,91.42920996759412,13.14180208572212,0.7594478292360787,90.56603773584906,66.07142857142857,70.09505184646171,0,0,33.80266666666667,55.619907333439855,2.3186166735991445,43.75328123359384,10.09680134680135,20.52278796025503,0
1809,Nelas,30.729166666666668,47.916666666666664,54.25704989154012,69.77985323549032,8.727810650887575,98.64663033225028,70.9363150463616,99.00651971437442,25.25773195876288,27.559055118110244,24.056603773584907,32.05535858770524,34.68690702087287,7.092198581560284,53.12688517997185,0,25.7243195785777,69.74000962927299,11.665053242981609,35.528596184381655,9.291564134018929,18.054256314312443,13.86645082910181,4.8446986673825005,4.539274134504759,8.148251455667516,27.041264266900782,64.7,58.2089552238806,38.182190226454075,5.326876513317192,54.18235365492448,14.347731712611244,1.593755082127175,89.28371885126829,20.194503489156837,1.1258574410975246,87.1698113207547,76.48809523809523,66.57949790794979,0,0,66.66666666666666,55.619907333439855,0,50.00074999625003,6.471661054994388,11.71822491871174,0
1810,Oliveira de Frades,40.97222222222222,60.416666666666664,38.63882863340564,69.15721592172558,15.236686390532544,99.16806414421968,45.04178312613575,99.23419227983028,16.49484536082476,24.934383202099745,24.469339622641513,29.814428714294767,29.753320683111955,10.756501182033098,70.36999798914137,68,30.94820017559263,81.0784785748676,15.464666021297194,35.528596184381655,17.718258198563046,17.74243841596508,22.493876993725983,3.8336382517269585,4.5078966635289195,5.241274711481468,53.96546678372841,77.8,30.348258706467668,73.20991493240669,0.7263922518159807,18.7748478665975,17.555893205990888,1.3823385916409172,86.47893619398815,9.41687605021384,1.485876187635806,89.99999999999999,69.34523809523809,75.41727305803164,0,0,33.33333333333333,55.619907333439855,12.89440846158417,3.3389833050834734,6.837822671156007,37.00750213438448,0
1811,Penalva do Castelo,37.67361111111111,75,65.91648590021693,90.90504780965088,2.366863905325444,99.33183104496383,93.5270163819752,99.55500362206357,17.525773195876283,21.522309711286095,29.00943396226415,61.438576754515786,36.0910815939279,33.56973995271868,77.40800321737382,22,30.2019315188762,90.03370245546462,5.179090029041626,35.528596184381655,26.302976417255973,34.42469597754911,13.70415819166682,4.4678452817359124,1.2969354670013598,5.358948432760364,32.71875914544922,57.10000000000001,58.2089552238806,55.605988096508064,0.48426150121065376,23.673234805471647,15.580638159322774,0.34151894617010903,89.76421946586211,12.230207317195974,0.6231093690085638,86.0377358490566,61.9047619047619,73.41390758595597,0,0,66.66666666666666,55.619907333439855,23.641333412561657,50.00074999625003,6.471661054994388,19.52371437394416,0
1812,Penedono,52.25694444444444,92.70833333333331,64.64208242950107,82.96642205915053,3.5502958579881656,99.77989728539984,99.18122424425076,99.85511745834629,42.7835051546392,4.724409448818898,16.68632075471698,56.56914810822106,65.42694497153701,6.973995271867612,100,100,30.421422300263384,96.22051035146843,10.019361084220716,35.528596184381655,17.23196928335112,0,16.075217900551184,0,0.8994875013073946,3.9913182943412018,35.879426397424645,100,34.82587064676618,46.27247225390625,0,14.64367815467102,21.011504232689383,0.1341681574239714,96.8152866242038,4.352868493832532,0.20876826722338207,74.33962264150942,52.38095238095237,82.52683281790067,0,0,66.66666666666666,100,80.76772238398004,50.00074999625003,6.471661054994388,13.367604584839512,0
1813,Resende,78.64583333333333,68.75,40.130151843817785,86.16855681565487,0.14792899408284035,99.03181008280056,95.85634574320748,99.38942357445929,40.72164948453608,10.761154855643046,37.500000000000014,100,34.079696394686906,37.23404255319149,74.1504122260205,20,58.25285338015803,93.8854116514203,8.276863504356244,35.528596184381655,15.928982421806928,7.920174618023075,30.32759039777956,0,41.596067356971034,6.949722813012098,44.57126134035704,72.7,32.835820895522396,81.7370494222412,0,39.22413792957237,8.86911222053397,0.577329647097089,75.06984020560957,14.79343719164177,0.9043074432278132,81.88679245283018,36.30952380952381,82.8110787702383,0,0,52.01866666666666,75.99456782233584,57.46271317368827,0,8.122895622895623,87.11921672630834,0
1814,Santa Comba Dão,39.40972222222223,56.25,59.30043383947938,73.6713364465199,9.467455621301776,98.76454250078608,90.4280367101798,99.24454103280554,24.226804123711357,19.94750656167979,18.926886792452834,39.172137625913315,40.18975332068312,7.328605200945628,78.6346269857229,1,29.982440737489014,73.01396244583535,13.431752178121975,35.528596184381655,15.302990546130935,20.70470845026505,12.92083366509657,15.34542500649857,2.5938709340027195,6.785851260416304,31.43107989464442,74.1,43.78109452736319,40.8286560968426,0.24213075060532688,50.2206594043247,14.773171261124372,1.024556838510327,90.5687786344843,26.47378797917857,0.9234800391973074,90.94339622641508,65.47619047619048,67.72557758777515,0,0,65.044,55.619907333439855,0,50.00074999625003,6.471661054994388,7.656536666000617,0
1815,São João da Pesqueira,62.15277777777778,62.5,46.90889370932755,89.45963975983987,2.366863905325444,99.72356147154386,96.08050310155228,99.5653523750388,31.95876288659796,16.79790026246719,16.450471698113216,73.55002209252335,38.481973434535114,8.510638297872342,79.52945907902674,98,27.65583845478489,79.34520943668753,5.130687318489835,35.528596184381655,21.294931216337503,25.569067664483946,21.519253211022125,7.247895652498934,4.256876895722205,5.764269028276559,62.45244366403278,76.9,55.22388059701492,75.6026254097947,1.0895883777239708,63.27740285635925,16.5096592142392,1.024556838510327,89.7977427645547,12.091328838652146,0.6156533594648717,69.81132075471697,47.32142857142856,71.17632344915408,0,0,66.66666666666666,100,27.36347970764751,50.00074999625003,6.471661054994388,41.11278632540735,0
1816,São Pedro do Sul,43.40277777777778,70.83333333333333,60.11388286334056,77.49610851678896,9.467455621301776,99.48118645844252,90.87351382212364,98.92372969057227,27.83505154639175,14.960629921259846,38.738207547169814,49.45948144433257,45.42694497153701,24.940898345153663,79.8511964608888,61,34.02107111501317,79.68223399133365,13.93998063891578,35.528596184381655,31.460574288729504,8.543810414717806,18.457458322365017,0,11.756092458947808,7.2940274049022,56.774948785484334,100,43.78109452736319,80.91890041192039,0.24213075060532688,45.52681991670808,13.88756240503582,1.2928931533582697,87.36171639289306,9.36815977466798,1.3804269098035873,86.60377358490565,66.3690476190476,84.04698017100236,0,0,33.33333333333333,55.619907333439855,28.408105056747285,11.141944290278555,7.777777777777784,50.5404079853227,0
1817,Sátão,35.06944444444445,58.33333333333333,53.9587852494577,76.13964865465866,3.5502958579881656,99.32397023372812,94.56872590480296,99.27558729173136,28.865979381443307,9.711286089238849,24.174528301886795,58.52203136807898,31.688804554079702,29.90543735224587,76.65393122863463,21,35.90869183494293,85.70052961001443,9.317521781219748,35.528596184381655,5.472026181516099,10.28999064546305,10.22183392830056,0.9888671420392088,0.9517832862671268,3.0028590355984797,33.1284752707053,100,63.18407960199005,55.04341026017523,8.958837772397095,36.6517642275687,19.65270240937704,0.9066514880468368,92.7366186166052,9.040060176741887,0.9937795577521196,88.11320754716981,69.94047619047619,71.0012279425141,0,0,66.66666666666666,56.7715822548863,46.47334957513815,50.00074999625003,6.471661054994388,10.39581478992207,0
1818,Sernancelhe,47.22222222222222,72.91666666666666,57.99891540130152,82.78852568378917,4.289940828402367,99.7222513363379,95.00310080432544,99.66883990479148,20.10309278350515,4.724409448818898,13.089622641509438,68.03342547203522,41.859582542694504,16.548463356973997,100,100,24.626865671641788,100,1.9119070667957407,35.528596184381655,21.038002920459864,5.332086061739944,12.277133904280351,0,3.702541575149043,4.3731041456016175,41.23500146327188,88.9,38.80597014925373,45.91549669554049,0,14.152068964187404,16.301280659865423,0.28866482354854445,96.85998435579394,9.220136653723332,0.433513697754676,76.0377358490566,52.08333333333333,81.70479352374022,0,0,66.66666666666666,99.97869734249348,66.07641571097511,50.00074999625003,6.471661054994388,14.103286043850249,0
1819,Tabuaço,61.979166666666664,85.41666666666666,56.995661605206074,89.50411385368022,3.2544378698224854,99.5624148412116,99.46281391765568,99.72058366966782,22.16494845360827,12.073490813648297,28.89150943396227,79.05825345820685,44.17457305502847,14.657210401891255,69.92760908908105,41,30.421422300263384,89.45594607607124,3.049370764762827,35.528596184381655,20.61499691973212,12.410352354225134,14.036029874894476,3.659259438595259,3.326011923438971,10.899201562009694,42.727538776704705,87.5,28.855721393034827,68.13374204701022,0.7263922518159807,55.61111110792386,16.075537225960492,0.378110261831192,94.54687674600515,16.08806740843532,0.4899663414426313,65.09433962264151,44.94047619047618,79.20684009459706,0,0,66.66666666666666,100,41.68756313506448,50.00074999625003,6.471661054994388,54.46222593595029,0
1820,Tarouca,34.54861111111111,66.66666666666666,37.68980477223426,77.69624193907049,3.4023668639053253,99.04622157006602,92.899335528897,99.51360861016248,24.226804123711357,7.086614173228346,33.313679245283026,63.824357622698045,41.97343453510437,7.919621749408984,55.64045847576916,0,30.158033362598776,81.89696677900818,11.907066795740562,35.528596184381655,18.916797595265905,11.163080760835673,16.258980331819902,3.1785355006938416,3.2946344524631312,2.371779226665737,40.73748902546093,81.2,34.32835820895522,61.52120893301392,0.36319612590799033,46.494414755885735,17.82939005860647,0.5895267523174499,89.55190524080902,7.008446052645581,0.630565378552256,77.16981132075472,57.14285714285714,82.0799981808259,0,0,66.66666666666666,95.02050380785003,71.55624220096263,49.99025004874975,6.471661054994388,37.66689070134966,0
1821,Tondela,45.83333333333333,65.625,57.72776572668113,73.159884367356,7.396449704142012,99.13924116968872,79.29516742428142,98.01303942874884,21.649484536082493,24.146981627296594,17.15801886792453,33.7117536697791,39.81024667931688,22.813238770685583,82.16368389302232,0,28.621597892888495,72.41213288396726,9.874152952565344,35.528596184381655,19.251982598889935,12.846897411911446,15.385743203976135,1.754609709175528,0,7.67319828457864,34.06496927129061,100,42.28855721393035,63.20496169138602,0.36319612590799033,46.460441512506605,15.13783373127849,2.8215970076435193,90.49055760420158,22.241318049593456,2.6756422819649783,92.26415094339625,75,74.10746770965982,0,0,46.03733333333333,55.619907333439855,14.477390219264366,42.56828715856421,7.152076318742983,27.227479973115837,0
1822,Vila Nova de Paiva,24.652777777777775,68.75,60.14099783080261,80.56482099177227,3.2544378698224854,99.69342836180694,88.34520799364392,99.72058366966782,27.83505154639175,16.79790026246719,33.84433962264152,59.36692969232142,56.35673624288427,7.092198581560284,73.29579730544943,46,28.709394205443367,91.50216658642272,6.510164569215876,35.528596184381655,28.177585506084963,33.6451512316807,11.574189201610448,6.2897859464381884,0,2.1869879013981386,13.198712320749197,54.50000000000001,40.29850746268658,33.905746650015026,1.0895883777239708,22.63232758483232,23.38615150857391,0.3089933322491462,92.05497820985585,2.991188493382931,0.3930382173746325,75.66037735849056,69.64285714285714,89.6545843187193,0,0,66.66666666666666,59.26266176705545,78.110404658625,50.00074999625003,6.471661054994388,6.268732629743329,0
1823,Viseu,28.993055555555557,41.66666666666667,35.113882863340564,37.38047587280408,11.094674556213016,97.38103972329944,89.05526659206024,90.31356721515056,47.42268041237116,12.335958005249346,25.530660377358497,24.25376112658241,31.42314990512335,5.673758865248227,69.20369997989143,0,26.602282704126427,62.012518054886854,25.774443368828653,44.64044662758407,22.93072831903786,13.189897100093544,19.60469550645107,7.071615537973076,0,2.2366723614936723,31.98712320749195,81.5,31.343283582089555,45.10324897342902,3.87409200968523,30.728587323127535,17.694812242240065,12.802894779638963,90.04358028830038,30.622565166215203,15.237953218865831,88.67924528301887,79.16666666666666,64.55907767873386,0,0,54.855999999999995,55.619907333439855,17.8109216233882,50.00074999625003,6.478675645342315,12.957076165737224,0
1824,Vouzela,47.22222222222222,71.87499999999999,56.61605206073752,75.65043362241494,4.5857988165680474,99.39209726443768,90.1033020280683,99.36872606850876,14.948453608247418,22.834645669291344,30.18867924528302,35.89981943580875,34.64895635673624,28.132387706855795,88.6185401166298,4,39.64003511852503,84.54501685122773,7.454017424975799,35.528596184381655,13.216783066579245,44.09105082631743,17.098550999348138,1.8148732311571192,0,3.902409260486035,57.82850453614281,100,51.24378109452737,79.02388851942789,0.36319612590799033,33.78014348060454,18.02474495333189,0.6179866644982924,88.72499720639178,9.330182611059373,3.1986280942439613,92.83018867924528,57.440476190476176,80.40635801346188,0,0,33.33333333333333,55.619907333439855,32.37031314991978,25.711371443142784,7.984006734006738,35.676009518446534,0
3101,Calheta (R.A.M.),21.52777777777778,51.041666666666664,39.91323210412147,74.13831443184344,18.63905325443787,98.71868776857772,91.0722467786092,99.28593604470665,52.57731958762888,24.409448818897644,53.18396226415096,58.98921369678196,55.18026565464895,NA,NA,NA,33.01141352063213,45.811266249398166,26.258470474346563,100,38.15935650129628,17.648893046460866,43.51576728474083,7.250950159882763,NA,3.3672117429657265,39.59613696224758,100,64.17910447761194,55.605237340907465,0.36319612590799033,13.974822105371096,30.60994139353158,NA,5.084366968376352,3.1055522894282785,0.971411529121043,83.9622641509434,54.166666666666664,NA,NA,NA,NA,NA,NA,NA,NA,NA,NA
3102,Câmara de Lobos,30.729166666666668,26.041666666666664,12.039045553145336,78.31887925283523,2.366863905325444,91.7068441463159,94.30424504261228,97.90955189899616,18.041237113402065,8.661417322834646,65.56603773584906,40.88618378055735,10.284629981024672,NA,NA,NA,49.5171202809482,84.28021184400578,49.10454985479187,35.528596184381655,40.076969045209246,58.34112878079202,100,62.4192490861887,NA,7.301872319654127,46.47351477904594,96.9,31.343283582089555,71.35149801058495,0,11.746361604658716,0.45582808769264166,NA,0.02234886579505645,0.5183171875302659,4.994461250053258,85.66037735849056,24.4047619047619,NA,NA,NA,NA,NA,NA,NA,NA,NA,NA
3103,Funchal,45.486111111111114,55.208333333333336,29.745119305856825,42.695130086724475,12.57396449704142,81.46944764699717,73.82910214824992,88.61637172720688,58.76288659793815,13.648293963254597,55.18867924528303,17.151164135908942,42.466793168880464,NA,NA,NA,30.94820017559263,51.275878671160335,69.04646660212973,55.45275927796589,65.2674924477255,52.19831618334892,81.72606926842974,61.23445610883543,NA,6.384017293678743,29.236172080772597,53.29999999999999,36.81592039800995,30.78283032417104,0.12106537530266344,19.169756948247137,7.644888213588014,NA,5.665437479047931,5.551433443690419,16.130544075667846,88.11320754716981,44.64285714285714,NA,NA,NA,NA,NA,NA,NA,NA,NA,NA
3104,Machico,47.22222222222222,57.291666666666664,26.789587852494577,73.00422503891481,5.325443786982249,96.2779058798868,77.0683386522546,98.44768705371004,23.71134020618558,18.897637795275593,51.06132075471699,33.93735087959421,26.223908918406075,NA,NA,NA,41.04477611940299,66.99566682715455,41.142303969022265,35.528596184381655,29.46334746517147,62.83130651699408,61.45558603630891,27.39601004772414,NA,5.772985600223144,23.939127889961952,64.7,37.313432835820905,38.579636749521555,0.12106537530266344,16.607496522457204,6.87215107445192,NA,0,0,2.857781943675174,79.62264150943396,50.29761904761904,NA,NA,NA,NA,NA,NA,NA,NA,NA,NA
3105,Ponta do Sol,13.194444444444445,45.83333333333333,30.043383947939255,74.00489215032242,9.763313609467456,97.52908500157216,97.81382142532054,99.5032598571872,40.72164948453608,1.5748031496062995,49.94103773584907,55.879934828867725,46.90702087286528,NA,NA,NA,36.128182616330115,64.20317766008667,29.549854791868345,35.528596184381655,70.26242133311088,17.461802307452448,70.58034644633005,0.3866750048467914,NA,5.395558034936021,48.78548434299092,62.2,43.78109452736319,74.28174949799768,0,30.943020469953993,14.530062947688302,NA,1.262710917420936,1.6172021543197326,0.6976694644454859,86.79245283018868,46.428571428571416,NA,NA,NA,NA,NA,NA,NA,NA,NA,NA
3106,Porto Moniz,7.291666666666666,65.625,51.51843817787418,84.85657104736491,7.6923076923076925,99.64495335918666,87.98153171448944,99.8758149642968,47.93814432989693,18.372703412073495,50.23584905660379,26.56957394419977,77.91271347248576,NA,NA,NA,26.997366110623354,46.870486278285995,19.845111326234267,35.528596184381655,57.22445421094304,33.70751481135017,39.43099112263237,22.9186375221126,NA,2.567902095463896,32.86508633304068,NA,66.66666666666666,44.54985479862902,0,33.55172413082643,12.832645973518556,NA,3.452899765336898,0.5580532272219191,0.18853052703336032,70.75471698113208,39.28571428571428,NA,NA,NA,NA,NA,NA,NA,NA,NA,NA
3107,Ribeira Brava,22.916666666666664,57.291666666666664,27.54880694143167,71.8701356459862,5.473372781065089,97.38890053453515,94.40138772422804,99.1307047500776,26.28865979381444,7.349081364829398,65.09433962264153,42.99760739380964,39.12713472485768,NA,NA,NA,43.94205443371377,75.54164660568127,30.46950629235237,35.528596184381655,66.5998531820467,25.03897723729342,67.57466369660595,2.8697476969010176,NA,3.6426554164778073,52.268071407667534,NA,47.76119402985075,66.51350670433482,1.331719128329298,55.05817643315781,7.271543303668331,NA,0.8157336015197115,0.5555088525911647,1.7606833965318909,87.54716981132076,42.55952380952379,NA,NA,NA,NA,NA,NA,NA,NA,NA,NA
3108,Santa Cruz,29.86111111111111,47.916666666666664,10.954446854663772,39.98221036246386,6.213017751479289,92.8335604234357,90.97943094110931,96.7297940598158,34.53608247422682,12.860892388451443,50.58962264150944,14.748182556355506,26.489563567362435,NA,NA,NA,42.054433713784015,65.5031295137217,49.87899322362052,46.37375846561411,45.911103063871536,36.35796694730278,75.90607210328828,27.792430104737885,NA,2.5565705519333353,25.02194907813872,NA,27.363184079602,45.76396628024868,0.24213075060532688,32.90344826811261,5.6826568265682695,NA,7.386300145267627,2.029247593894232,5.674023262749777,98.30188679245282,58.03571428571428,NA,NA,NA,NA,NA,NA,NA,NA,NA,NA
3109,Santana,47.22222222222222,71.87499999999999,48.535791757049886,80.87613964865464,5.621301775147929,99.16020333298395,96.76447921530662,99.61709613991516,21.134020618556708,16.010498687664043,42.57075471698114,48.646845640656196,55.63567362428843,NA,NA,NA,41.74714661984195,63.36061627347136,19.724104549854793,35.528596184381655,69.62775342876989,86.03055815403803,32.52691822354271,15.588648956198409,NA,14.269899933754054,26.280362891425224,NA,50.74626865671642,36.8239511289531,0,31.241823680300698,9.663555459083998,NA,19.264722315342492,0.11123862316779023,0.6028716288185421,85.84905660377359,61.3095238095238,NA,NA,NA,NA,NA,NA,NA,NA,NA,NA
3110,São Vicente,2.777777777777773,46.875,45.336225596529275,81.40982877473871,8.727810650887575,99.2034377947804,95.99987353540268,99.72058366966782,31.443298969072178,8.661417322834646,53.83254716981133,53.30352930525819,59.58254269449716,NA,NA,NA,32.92361720807726,48.29080404429465,20.377541142303972,35.528596184381655,71.76170694968708,51.16931711880262,36.10753691403815,3.97002600749549,NA,3.108329556152157,23.997658764998533,NA,44.77611940298508,47.55135823036778,0,31.389413142696466,16.774473627089215,NA,7.688009833500946,1.435981979937225,0.43777427463678587,86.79245283018868,58.03571428571428,NA,NA,NA,NA,NA,NA,NA,NA,NA,NA
3201,Porto Santo,6.944444444444444,60.416666666666664,22.180043383947936,57.26039581943516,15.088757396449704,98.29944450267269,94.54119510131213,99.5032598571872,48.45360824742267,30.18372703412074,57.959905660377366,7.8121717024719315,50.815939278937385,NA,NA,NA,0.8340649692712884,25.32498796340877,40.295256534365926,35.528596184381655,45.53967230571572,23.760523854069227,58.041437880109626,10.591042232872894,NA,3.724591192775705,29.2654375182909,NA,66.16915422885573,19.790301739151538,2.300242130750606,24.6579395471768,15.728239635337529,NA,1.3632808134987138,4.179525920208108,0.4186016786672916,84.52830188679245,86.60714285714285,NA,NA,NA,NA,NA,NA,NA,NA,NA,NA
4101,Vila do Porto,53.99305555555556,43.75000000000001,18.546637744034705,62.41939070491438,6.36094674556213,99.31086888166858,96.93208371481394,99.53430611611302,86.08247422680414,67.979002624671935,6.073113207547172,18.639696594446107,43.41555977229603,NA,NA,NA,7.287093942054435,47.255657197881554,23.71732817037754,35.528596184381655,20.570287652990693,34.14405986903649,56.58423415060457,1.3418733042129425,NA,3.331473797984729,28.9435177055897,NA,44.27860696517413,33.8805701482463,2.0581113801452786,NA,14.99457347514652,NA,18.27019778746228,9.364768509663628,0.4239273997699289,86.79245283018868,83.03571428571428,NA,NA,NA,NA,NA,NA,NA,NA,NA,NA
4201,Lagoa (R.A.A.),30.381944444444446,32.29166666666667,5.9381778741865485,73.38225483655769,1.183431952662722,95.7066869300912,91.39896040492874,98.87198592569597,56.70103092783506,9.186351706036747,28.007075471698116,48.01475164599714,0.341555977229601,NA,NA,NA,21.378402107111494,79.89889263360617,29.30784123910939,35.528596184381655,24.55093687985037,67.38384783286561,82.2483684541334,35.194671757543766,NA,3.0865381262856944,9.306409130816506,NA,14.925373134328366,24.96049366894785,0.24213075060532688,NA,3.820273496852616,NA,11.777852273997086,7.799344352225678,1.6115632056580464,77.16981132075472,71.13095238095238,NA,NA,NA,NA,NA,NA,NA,NA,NA,NA
4202,Nordeste,53.47222222222222,61.45833333333333,28.49783080260303,85.65710473649098,2.2189349112426036,99.48249659364846,96.85123680021572,99.74128117561834,32.47422680412374,1.0498687664041997,36.26179245283019,63.400642605390885,38.292220113852,NA,NA,NA,27.61194029850746,56.30717380837746,15.924491771539206,35.528596184381655,31.385838286396556,36.046149048955414,48.664744073421126,17.239701988873996,NA,5.040793556710017,24.70002926543752,NA,29.850746268656724,44.51053615647702,0,NA,11.12220533970046,NA,7.643312101910817,1.2524779099184864,0.3728004771846109,76.41509433962264,34.226190476190474,NA,NA,NA,NA,NA,NA,NA,NA,NA,NA
4203,Ponta Delgada,47.56944444444444,34.375,11.903470715835136,47.676228596842336,4.437869822485207,96.17309506341054,72.41632381570066,93.19052054227464,55.67010309278353,26.50918635170604,29.893867924528305,13.433929882522849,24.098671726755224,NA,NA,NA,22.388059701492537,61.0255175734232,35.309777347531465,38.53325549647024,25.94929502699688,51.917680074836305,57.766787717318735,15.611016648232814,NA,6.8799902374394195,16.183786947614866,NA,29.850746268656724,23.191888068276153,0.12106537530266344,NA,11.582374647275882,NA,19.46586210749803,14.41812127225154,7.795790550040476,87.73584905660378,69.04761904761905,NA,NA,NA,NA,NA,NA,NA,NA,NA,NA
4204,Povoação,50,66.66666666666666,18.031453362255963,81.29864354013786,2.366863905325444,99.33052090975788,93.45237328976204,99.63779364586568,47.42268041237116,18.897637795275593,48.05424528301888,66.9739787526186,23.491461100569268,NA,NA,NA,20.588235294117645,54.64612421762157,23.13649564375605,35.528596184381655,32.88243786925025,31.27533520424072,62.331894403302336,18.81916078680555,NA,14.515707262647748,22.768510389230318,NA,34.82587064676618,43.87487313539808,0.36319612590799033,NA,14.473627089212076,NA,16.214102134316676,5.590008306426704,0.48783605300157645,61.50943396226414,56.249999999999986,NA,NA,NA,NA,NA,NA,NA,NA,NA,NA
4205,Ribeira Grande,48.4375,30.208333333333332,0,76.49544140538134,0.591715976331361,97.69940257834608,80.15932204779241,97.64048432163924,40.72164948453608,12.598425196850396,38.148584905660385,46.45143633380293,0,NA,NA,NA,27.699736611062335,82.98025999037073,15.513068731848984,35.528596184381655,16.293087881360652,66.76021203617088,84.2840494758309,55.473993533332624,NA,5.207280080889787,9.07228563067018,NA,33.83084577114428,15.319587056484576,0,NA,0.9073149555024952,NA,10.950944239579838,5.5381067211753985,3.592731455839121,69.24528301886792,65.47619047619048,NA,NA,NA,NA,NA,NA,NA,NA,NA,NA
4206,Vila Franca do Campo,59.72222222222222,41.66666666666667,11.578091106290673,81.36535468089835,0.8875739644970416,98.3125458547322,89.94955483381707,99.28593604470665,41.75257731958765,0.5249343832020998,42.334905660377366,73.77282519525262,2.1631878557874775,NA,NA,NA,33.49429323968393,78.21376986037554,22.894482090997094,35.528596184381655,32.68797877735609,55.19176800748363,76.3820745653588,40.78186825260099,NA,6.365712492590914,0,NA,26.368159203980102,9.473872221047593,0.24213075060532688,NA,4.02431083134361,NA,3.81048161805788,5.435949865731868,0.9820629713263176,71.69811320754717,49.999999999999986,NA,NA,NA,NA,NA,NA,NA,NA,NA,NA
4301,Angra do Heroísmo,59.02777777777778,55.208333333333336,23.427331887201735,59.26173004225037,1.9230769230769231,98.20773503825596,89.42832776256067,96.9781641312222,45.36082474226807,0.7874015748031498,19.870283018867926,15.279578358507765,31.688804554079702,NA,NA,NA,18.876207199297625,60.37554164660569,20.861568247821875,35.528596184381655,17.928759087828315,74.74275023386343,36.48723915403562,29.607916551750048,NA,2.595795125692967,22.300263388937665,NA,28.358208955223883,34.625651433253545,0.24213075060532688,NA,11.838506620360324,NA,24.11442619287071,6.268032286437377,3.963401644582677,87.73584905660378,73.21428571428571,NA,NA,NA,NA,NA,NA,NA,NA,NA,NA
4302,Vila da Praia da Vitória,43.92361111111111,46.875,20.905639913232104,70.40249054925505,1.6272189349112425,98.44093910491564,92.03695189274508,98.4269895477595,31.95876288659796,17.060367454068246,19.6933962264151,17.242968468208996,24.060721062618597,NA,NA,NA,21.20280948200175,56.71641791044776,20.280735721200383,35.528596184381655,27.631983167501357,100,34.1687842359758,21.998087306050476,NA,6.796311146752205,11.764705882352942,NA,43.78109452736319,19.533578242613824,1.452784503631961,NA,15.003255914912089,NA,21.33199240138562,11.91981064513472,1.9353670486983945,95.28301886792453,68.1547619047619,NA,NA,NA,NA,NA,NA,NA,NA,NA,NA
4401,Santa Cruz da Graciosa,67.36111111111111,43.75000000000001,30.151843817787423,81.2764064932177,1.7751479289940828,99.1759249554554,97.1790874809192,99.72058366966782,38.144329896907216,25.98425196850394,17.629716981132077,34.627973715066126,42.50474383301708,NA,NA,NA,2.897278314310799,57.92007703418391,3.896418199419168,35.528596184381655,26.259364119470636,69.62893670096663,28.311335693811664,19.24275996971298,NA,17.278860569715146,56.8920105355575,NA,31.343283582089555,66.44529270127626,0.8474576271186443,NA,10.453657477751246,NA,7.978545088836743,4.118803049843774,0.32806441992245755,86.22641509433961,72.02380952380952,NA,NA,NA,NA,NA,NA,NA,NA,NA,NA
4501,Calheta (R.A.A.),58.68055555555556,54.16666666666667,35.276572668112784,85.96842339337336,2.366863905325444,99.69342836180694,94.26070827003537,99.7826761875194,23.195876288659793,12.073490813648297,0,38.23876509597357,51.61290322580646,NA,NA,NA,18.042142230026336,68.10303322099182,11.689254598257502,35.528596184381655,27.647608435847253,60.24321796071095,38.36521923769169,0.7717691628538889,NA,7.574701021582232,42.40561896400351,NA,25.373134328358216,54.45635429937653,0,NA,17.19557195571955,NA,16.09118337244384,9.672664323336086,0.2769374973371395,92.45283018867924,55.35714285714285,NA,NA,NA,NA,NA,NA,NA,NA,NA,NA
4502,Velas,55.729166666666664,65.625,27.792841648590024,72.78185456971313,3.5502958579881656,99.50214862173776,92.98316226389258,99.6274448928904,36.59793814432991,22.572178477690297,4.952830188679245,30.372760380221653,44.7438330170778,NA,NA,NA,14.223002633889376,55.87385652383245,13.117134559535334,35.528596184381655,17.8274933509382,82.8188338010602,35.21759857484134,4.07846653184375,NA,4.591018444266239,17.73485513608428,NA,59.70149253731344,28.286096547519435,0,NA,21.92316040807467,NA,21.186724773717728,10.603672844023498,0.4111456691235994,77.73584905660377,69.64285714285714,NA,NA,NA,NA,NA,NA,NA,NA,NA,NA
4601,Lajes do Pico,56.59722222222222,33.333333333333336,38.55748373101952,74.51634422948631,6.952662721893491,99.68425741536528,98.08439676484348,99.72058366966782,25.773195876288664,10.761154855643046,7.95990566037736,24.5717392560125,31.688804554079702,NA,NA,NA,29.80684811237927,57.84785748675974,19.022265246853824,35.528596184381655,24.926585226347314,25.28843155597131,30.1568730205614,1.4729614263366055,NA,4.1150936159827065,26.22183201638865,NA,28.855721393034827,42.94618845746436,0.8474576271186443,NA,17.877143477317123,NA,13.66633143367973,3.878561109679736,0.354693025435644,89.81132075471697,56.84523809523808,NA,NA,NA,NA,NA,NA,NA,NA,NA,NA
4602,Madalena,47.74305555555556,46.875,25.298264642082422,65.13231042917499,8.579881656804735,99.47070537679488,95.37859037415912,99.5032598571872,28.35051546391753,11.548556430446194,7.311320754716983,14.737963947711286,28.34914611005692,NA,NA,NA,12.686567164179104,56.64419836302359,24.49177153920619,35.528596184381655,52.76711272785741,39.88150919862801,41.20680868766125,1.6391438763646289,NA,0.6450263240472787,42.815335089259584,NA,30.84577114427861,55.86569715601557,0,NA,19.817668764922946,NA,21.264945804000433,15.775040412463722,0.46546802437049983,90.37735849056604,73.21428571428571,NA,NA,NA,NA,NA,NA,NA,NA,NA,NA
4603,São Roque do Pico,29.34027777777778,65.625,28.741865509761386,65.15454747609517,9.023668639053254,99.7366628236034,97.44753964809688,99.77232743454414,45.876288659793815,38.84514435695539,6.250000000000002,25.778520978437875,36.92599620493359,NA,NA,NA,17.427568042142223,42.826191622532505,21.97483059051307,35.528596184381655,25.02522066465818,60.33676333021516,38.12125664000076,1.6900155531505656,NA,4.493392838464489,45.858940591161826,NA,30.348258706467668,40.4373552940404,1.452784503631961,NA,26.064684176253532,NA,22.5723544530115,7.210949973229501,0.24498317072131565,89.24528301886792,68.74999999999999,NA,NA,NA,NA,NA,NA,NA,NA,NA,NA
4701,Horta,54.6875,42.70833333333333,25.216919739696316,54.74760951745608,9.467455621301776,98.9597526464731,95.71936657926956,98.80989340784436,44.3298969072165,19.685039370078744,6.721698113207548,11.179586686377249,37.11574952561671,NA,NA,NA,11.369622475856014,54.28502648050072,20.837366892545983,35.528596184381655,12.83491657250791,40.69223573433115,38.12206165608441,10.844562438093686,NA,2.087618981207071,8.955223880597016,NA,27.86069651741294,23.036691172144252,1.6949152542372885,NA,15.511178641198176,NA,28.897083473013748,16.239135380577043,1.5828043117038049,88.49056603773585,77.38095238095238,NA,NA,NA,NA,NA,NA,NA,NA,NA,NA
4801,Lajes das Flores,42.708333333333336,43.75000000000001,27.386117136659426,76.47320435846119,12.27810650887574,99.78251755581176,97.49365508560116,99.92755872917314,49.48453608247424,27.03412073490814,0.7665094339622637,26.07910153775987,64.51612903225808,NA,NA,NA,27.216856892010533,50.74626865671642,23.49951597289448,35.528596184381655,22.686314579873812,20.798253819769258,40.18562378482657,1.8653630072117615,NA,4.652906105086991,77.1729587357331,NA,65.17412935323382,81.89863647069443,2.542372881355932,NA,38.168005209463864,NA,29.93630573248407,0.9710107845157394,0.08947211452430659,78.49056603773585,54.4642857142857,NA,NA,NA,NA,NA,NA,NA,NA,NA,NA
4802,Santa Cruz das Flores,41.49305555555555,63.541666666666664,23.101952277657265,74.64976651100731,2.8106508875739644,99.66460538727596,98.48879971579946,99.86546621132156,49.48453608247424,49.08136482939633,1.8278301886792456,26.07910153775987,55.52182163187855,NA,NA,NA,7.59438103599649,66.15310544053924,23.49951597289448,35.528596184381655,22.686314579873812,54.44340505144996,48.94278325306201,7.2358289259151665,NA,8.73139011889404,52.09247878255779,NA,78.60696517412936,58.509980597332586,2.421307506053269,NA,0.898632515736924,NA,20.5497820985585,3.669472574442043,0.15444591197648164,77.54716981132074,75,NA,NA,NA,NA,NA,NA,NA,NA,NA,NA
4901,Corvo,46.70138888888889,98.95833333333331,12.798264642082424,69.95774961085168,4.1420118343195265,99.72094120113196,99.836022670436,100,49.48453608247424,24.409448818897644,9.905660377358492,26.07910153775987,45.16129032258064,NA,NA,NA,0,53.41839191141069,23.49951597289448,35.528596184381655,22.686314579873812,0,80.03023713828597,0,NA,0,39.127889961954935,NA,85.5721393034826,41.55313525141495,3.14769975786925,NA,26.833080095506833,NA,8.827801989049048,7.953920685748732,0,0,100,NA,NA,NA,NA,NA,NA,NA,NA,NA,NA
