municipality_code,municipality_name,indicator_id,raw_value,source
0101,Águeda,acessos_internet_banda_larga,40.03,static
0101,Águeda,certificacao_energetica_cf,59.7977244,static
0101,Águeda,coeficiente_gini,42.9,static
0101,Águeda,consumo_energia_eletrica,1328.3,static
0101,Águeda,densidade_populacional,142.4,static
0101,Águeda,disparidade_ganho_mensal,10.5,static
0101,Águeda,duracao_pendulares,14.74,static
0101,Águeda,emissoes_gee_edificios,10.75,static
0101,Águeda,emissoes_gee_transportes,65.64,static
0101,Águeda,empresas_volume_negocios,358122.9,static
0101,Águeda,indice_envelhecimento_edificios,636.7,static
0101,Águeda,percentagem_poder_compra,0.397,static
0101,Águeda,prop_agregados_unipessoais,20.8,static
0101,Águeda,prop_alojamentos_arrendados,0.0434,static
0101,Águeda,prop_alojamentos_locais,1.51,static
0101,Águeda,prop_alojamentos_nao_classicos,0.02,static
0101,Águeda,prop_alojamentos_sobrelotados,9.04769893194654,static
0101,Águeda,prop_alojamentos_vagos,12.6,static
0101,Águeda,prop_ar_condicionado,11.79332327,static
0101,Águeda,prop_edificios_fora_urbano,1,static
0101,Águeda,prop_ensino_secundario,38.47,static
0101,Águeda,prop_habitacao_social,0.32785452,static
0101,Águeda,prop_mais_20min_escola,82.87,static
0101,Águeda,prop_mais_30min_hospital,0,static
0101,Águeda,prop_modo_pedonal,8.7,static
0101,Águeda,prop_nacionalidade_estrangeira,0.103,static
0101,Águeda,prop_necessidade_reparacao,16.44,static
0101,Águeda,prop_pop_65_mais,25.71,static
0101,Águeda,prop_reabilitacao_edificado,1.4,static
0101,Águeda,prop_risco_pobreza,18.48844376,static
0101,Águeda,prop_sem_aquecimento,19.71,static
0101,Águeda,prop_transporte_coletivo,5.9,static
0101,Águeda,prop_vagos_bom_estado,56.61412,static
0101,Águeda,racio_vendas_estrangeiros,1,static
0101,Águeda,risco_galgamentos_costeiros,0,static
0101,Águeda,risco_incendio_rural,59.749,static
0101,Águeda,risco_inundacao,0.44,static
0101,Águeda,risco_movimento_massa,10.729,static
0101,Águeda,risco_nevao,0.763,static
0101,Águeda,risco_ondas_calor,47.228,static
0101,Águeda,risco_ondas_frio,66.667,static
0101,Águeda,risco_seca,33.341,static
0101,Águeda,risco_sismo,44.217,static
0101,Águeda,risco_tsunami,1.069,static
0101,Águeda,taxa_bruta_natalidade,7.3,static
0101,Águeda,taxa_crescimento_efetivo,1.07,static
0101,Águeda,taxa_desemprego,4.57,static
0101,Águeda,taxa_esforco_arrendamento,30.55485305,static
0101,Águeda,valor_mediano_vendas_m2,990,static
0102,Albergaria-a-Velha,acessos_internet_banda_larga,38.37,static
0102,Albergaria-a-Velha,certificacao_energetica_cf,53.10173697,static
0102,Albergaria-a-Velha,coeficiente_gini,39.5,static
0102,Albergaria-a-Velha,consumo_energia_eletrica,1258.7,static
0102,Albergaria-a-Velha,densidade_populacional,164.8,static
0102,Albergaria-a-Velha,disparidade_ganho_mensal,10.5,static
0102,Albergaria-a-Velha,duracao_pendulares,15.99,static
0102,Albergaria-a-Velha,emissoes_gee_edificios,5.39,static
0102,Albergaria-a-Velha,emissoes_gee_transportes,68.63,static
0102,Albergaria-a-Velha,empresas_volume_negocios,470233,static
0102,Albergaria-a-Velha,indice_envelhecimento_edificios,840.6,static
0102,Albergaria-a-Velha,percentagem_poder_compra,0.207,static
0102,Albergaria-a-Velha,prop_agregados_unipessoais,20.32,static
0102,Albergaria-a-Velha,prop_alojamentos_arrendados,0.043,static
0102,Albergaria-a-Velha,prop_alojamentos_locais,3.58,static
0102,Albergaria-a-Velha,prop_alojamentos_nao_classicos,0,static
0102,Albergaria-a-Velha,prop_alojamentos_sobrelotados,10.7357512953367,static
0102,Albergaria-a-Velha,prop_alojamentos_vagos,11.4,static
0102,Albergaria-a-Velha,prop_ar_condicionado,13.43005181,static
0102,Albergaria-a-Velha,prop_edificios_fora_urbano,2.6,static
0102,Albergaria-a-Velha,prop_ensino_secundario,38.82,static
0102,Albergaria-a-Velha,prop_habitacao_social,0.63992124,static
0102,Albergaria-a-Velha,prop_mais_20min_escola,68.49,static
0102,Albergaria-a-Velha,prop_mais_30min_hospital,0,static
0102,Albergaria-a-Velha,prop_modo_pedonal,10.2,static
0102,Albergaria-a-Velha,prop_nacionalidade_estrangeira,0.076,static
0102,Albergaria-a-Velha,prop_necessidade_reparacao,13.38,static
0102,Albergaria-a-Velha,prop_pop_65_mais,22.81,static
0102,Albergaria-a-Velha,prop_reabilitacao_edificado,0,static
0102,Albergaria-a-Velha,prop_risco_pobreza,18.67271458,static
0102,Albergaria-a-Velha,prop_sem_aquecimento,21.34,static
0102,Albergaria-a-Velha,prop_transporte_coletivo,7.3,static
0102,Albergaria-a-Velha,prop_vagos_bom_estado,56.30252,static
0102,Albergaria-a-Velha,racio_vendas_estrangeiros,1,static
0102,Albergaria-a-Velha,risco_galgamentos_costeiros,7.93,static
0102,Albergaria-a-Velha,risco_incendio_rural,47.401,static
0102,Albergaria-a-Velha,risco_inundacao,3.999,static
0102,Albergaria-a-Velha,risco_movimento_massa,5.269,static
0102,Albergaria-a-Velha,risco_nevao,0,static
0102,Albergaria-a-Velha,risco_ondas_calor,28.798,static
0102,Albergaria-a-Velha,risco_ondas_frio,66.667,static
0102,Albergaria-a-Velha,risco_seca,33.333,static
0102,Albergaria-a-Velha,risco_sismo,42.363,static
0102,Albergaria-a-Velha,risco_tsunami,8.501,static
0102,Albergaria-a-Velha,taxa_bruta_natalidade,6.8,static
0102,Albergaria-a-Velha,taxa_crescimento_efetivo,1.51,static
0102,Albergaria-a-Velha,taxa_desemprego,4.92,static
0102,Albergaria-a-Velha,taxa_esforco_arrendamento,28.59790812,static
0102,Albergaria-a-Velha,valor_mediano_vendas_m2,1184,static
0103,Anadia,acessos_internet_banda_larga,40.28,static
0103,Anadia,certificacao_energetica_cf,64.63963964,static
0103,Anadia,coeficiente_gini,43.1,static
0103,Anadia,consumo_energia_eletrica,1416.7,static
0103,Anadia,densidade_populacional,131.6,static
0103,Anadia,disparidade_ganho_mensal,7.8,static
0103,Anadia,duracao_pendulares,16.06,static
0103,Anadia,emissoes_gee_edificios,6.51,static
0103,Anadia,emissoes_gee_transportes,47.29,static
0103,Anadia,empresas_volume_negocios,219396.3,static
0103,Anadia,indice_envelhecimento_edificios,1137.3,static
0103,Anadia,percentagem_poder_compra,0.218,static
0103,Anadia,prop_agregados_unipessoais,23.24,static
0103,Anadia,prop_alojamentos_arrendados,0.0256,static
0103,Anadia,prop_alojamentos_locais,3.51,static
0103,Anadia,prop_alojamentos_nao_classicos,0.11,static
0103,Anadia,prop_alojamentos_sobrelotados,6.94624053205246,static
0103,Anadia,prop_alojamentos_vagos,15.5,static
0103,Anadia,prop_ar_condicionado,9.606502863,static
0103,Anadia,prop_edificios_fora_urbano,2.5,static
0103,Anadia,prop_ensino_secundario,38.17,static
0103,Anadia,prop_habitacao_social,0.114996956,static
0103,Anadia,prop_mais_20min_escola,83.12,static
0103,Anadia,prop_mais_30min_hospital,0,static
0103,Anadia,prop_modo_pedonal,8.6,static
0103,Anadia,prop_nacionalidade_estrangeira,0.084,static
0103,Anadia,prop_necessidade_reparacao,19.29,static
0103,Anadia,prop_pop_65_mais,29.46,static
0103,Anadia,prop_reabilitacao_edificado,20,static
0103,Anadia,prop_risco_pobreza,20.77777778,static
0103,Anadia,prop_sem_aquecimento,19.43,static
0103,Anadia,prop_transporte_coletivo,7.5,static
0103,Anadia,prop_vagos_bom_estado,47.63339,static
0103,Anadia,racio_vendas_estrangeiros,1,static
0103,Anadia,risco_galgamentos_costeiros,0,static
0103,Anadia,risco_incendio_rural,44.001,static
0103,Anadia,risco_inundacao,0,static
0103,Anadia,risco_movimento_massa,4.86,static
0103,Anadia,risco_nevao,0.001,static
0103,Anadia,risco_ondas_calor,50,static
0103,Anadia,risco_ondas_frio,66.667,static
0103,Anadia,risco_seca,33.333,static
0103,Anadia,risco_sismo,51.588,static
0103,Anadia,risco_tsunami,0,static
0103,Anadia,taxa_bruta_natalidade,6.2,static
0103,Anadia,taxa_crescimento_efetivo,1.08,static
0103,Anadia,taxa_desemprego,4.33,static
0103,Anadia,taxa_esforco_arrendamento,27.73606662,static
0103,Anadia,valor_mediano_vendas_m2,776,static
0104,Arouca,acessos_internet_banda_larga,32.92,static
0104,Arouca,certificacao_energetica_cf,27.42474916,static
0104,Arouca,coeficiente_gini,39.5,static
0104,Arouca,consumo_energia_eletrica,1312.2,static
0104,Arouca,densidade_populacional,63.3,static
0104,Arouca,disparidade_ganho_mensal,7.7,static
0104,Arouca,duracao_pendulares,18.41,static
0104,Arouca,emissoes_gee_edificios,4.46,static
0104,Arouca,emissoes_gee_transportes,20.68,static
0104,Arouca,empresas_volume_negocios,291594.3,static
0104,Arouca,indice_envelhecimento_edificios,523.3,static
0104,Arouca,percentagem_poder_compra,0.148,static
0104,Arouca,prop_agregados_unipessoais,17.43,static
0104,Arouca,prop_alojamentos_arrendados,0.0578,static
0104,Arouca,prop_alojamentos_locais,5.86,static
0104,Arouca,prop_alojamentos_nao_classicos,0.04,static
0104,Arouca,prop_alojamentos_sobrelotados,11.963674651224,static
0104,Arouca,prop_alojamentos_vagos,10.1,static
0104,Arouca,prop_ar_condicionado,11.71360884,static
0104,Arouca,prop_edificios_fora_urbano,15,static
0104,Arouca,prop_ensino_secundario,31.66,static
0104,Arouca,prop_habitacao_social,0.21812233,static
0104,Arouca,prop_mais_20min_escola,77.78,static
0104,Arouca,prop_mais_30min_hospital,21,static
0104,Arouca,prop_modo_pedonal,12,static
0104,Arouca,prop_nacionalidade_estrangeira,0.025,static
0104,Arouca,prop_necessidade_reparacao,16.72,static
0104,Arouca,prop_pop_65_mais,23.79,static
0104,Arouca,prop_reabilitacao_edificado,25.9,static
0104,Arouca,prop_risco_pobreza,26.15665236,static
0104,Arouca,prop_sem_aquecimento,19.85,static
0104,Arouca,prop_transporte_coletivo,11.6,static
0104,Arouca,prop_vagos_bom_estado,47.73736,static
0104,Arouca,racio_vendas_estrangeiros,1,static
0104,Arouca,risco_galgamentos_costeiros,0,static
0104,Arouca,risco_incendio_rural,82.112,static
0104,Arouca,risco_inundacao,0,static
0104,Arouca,risco_movimento_massa,29.526,static
0104,Arouca,risco_nevao,14.741,static
0104,Arouca,risco_ondas_calor,50,static
0104,Arouca,risco_ondas_frio,66.667,static
0104,Arouca,risco_seca,33.333,static
0104,Arouca,risco_sismo,33.333,static
0104,Arouca,risco_tsunami,0,static
0104,Arouca,taxa_bruta_natalidade,6.2,static
0104,Arouca,taxa_crescimento_efetivo,-0.43,static
0104,Arouca,taxa_desemprego,4.83,static
0104,Arouca,taxa_esforco_arrendamento,30.26373626,static
0104,Arouca,valor_mediano_vendas_m2,1017,static
0105,Aveiro,acessos_internet_banda_larga,46.87,static
0105,Aveiro,certificacao_energetica_cf,39.05053599,static
0105,Aveiro,coeficiente_gini,45.7,static
0105,Aveiro,consumo_energia_eletrica,1259.1,static
0105,Aveiro,densidade_populacional,446.2,static
0105,Aveiro,disparidade_ganho_mensal,12.1,static
0105,Aveiro,duracao_pendulares,16.18,static
0105,Aveiro,emissoes_gee_edificios,30.74,static
0105,Aveiro,emissoes_gee_transportes,152.28,static
0105,Aveiro,empresas_volume_negocios,366032.6,static
0105,Aveiro,indice_envelhecimento_edificios,598.5,static
0105,Aveiro,percentagem_poder_compra,0.953,static
0105,Aveiro,prop_agregados_unipessoais,25.29,static
0105,Aveiro,prop_alojamentos_arrendados,0.0577,static
0105,Aveiro,prop_alojamentos_locais,9.1,static
0105,Aveiro,prop_alojamentos_nao_classicos,0.24,static
0105,Aveiro,prop_alojamentos_sobrelotados,11.3201229720269,static
0105,Aveiro,prop_alojamentos_vagos,10.9,static
0105,Aveiro,prop_ar_condicionado,7.414847959,static
0105,Aveiro,prop_edificios_fora_urbano,2,static
0105,Aveiro,prop_ensino_secundario,54.45,static
0105,Aveiro,prop_habitacao_social,2.175824176,static
0105,Aveiro,prop_mais_20min_escola,55.42,static
0105,Aveiro,prop_mais_30min_hospital,0,static
0105,Aveiro,prop_modo_pedonal,14.9,static
0105,Aveiro,prop_nacionalidade_estrangeira,0.158,static
0105,Aveiro,prop_necessidade_reparacao,8.94,static
0105,Aveiro,prop_pop_65_mais,21.01,static
0105,Aveiro,prop_reabilitacao_edificado,12.6,static
0105,Aveiro,prop_risco_pobreza,15.51187905,static
0105,Aveiro,prop_sem_aquecimento,25.4,static
0105,Aveiro,prop_transporte_coletivo,7.8,static
0105,Aveiro,prop_vagos_bom_estado,69.41075,static
0105,Aveiro,racio_vendas_estrangeiros,1,static
0105,Aveiro,risco_galgamentos_costeiros,33.043,static
0105,Aveiro,risco_incendio_rural,19.528,static
0105,Aveiro,risco_inundacao,14.495,static
0105,Aveiro,risco_movimento_massa,0.092,static
0105,Aveiro,risco_nevao,0,static
0105,Aveiro,risco_ondas_calor,25,static
0105,Aveiro,risco_ondas_frio,66.63,static
0105,Aveiro,risco_seca,33.333,static
0105,Aveiro,risco_sismo,56.134,static
0105,Aveiro,risco_tsunami,30.441,static
0105,Aveiro,taxa_bruta_natalidade,7.4,static
0105,Aveiro,taxa_crescimento_efetivo,2.43,static
0105,Aveiro,taxa_desemprego,5.7,static
0105,Aveiro,taxa_esforco_arrendamento,39.41397913,static
0105,Aveiro,valor_mediano_vendas_m2,2096,static
0106,Castelo de Paiva,acessos_internet_banda_larga,32.92,static
0106,Castelo de Paiva,certificacao_energetica_cf,42.67782427,static
0106,Castelo de Paiva,coeficiente_gini,36.9,static
0106,Castelo de Paiva,consumo_energia_eletrica,1216.7,static
0106,Castelo de Paiva,densidade_populacional,133.9,static
0106,Castelo de Paiva,disparidade_ganho_mensal,7.3,static
0106,Castelo de Paiva,duracao_pendulares,22.52,static
0106,Castelo de Paiva,emissoes_gee_edificios,3.5,static
0106,Castelo de Paiva,emissoes_gee_transportes,17.75,static
0106,Castelo de Paiva,empresas_volume_negocios,173193.8,static
0106,Castelo de Paiva,indice_envelhecimento_edificios,794.2,static
0106,Castelo de Paiva,percentagem_poder_compra,0.103,static
0106,Castelo de Paiva,prop_agregados_unipessoais,15.53,static
0106,Castelo de Paiva,prop_alojamentos_arrendados,0.0362,static
0106,Castelo de Paiva,prop_alojamentos_locais,1.55,static
0106,Castelo de Paiva,prop_alojamentos_nao_classicos,0,static
0106,Castelo de Paiva,prop_alojamentos_sobrelotados,11.9293865905848,static
0106,Castelo de Paiva,prop_alojamentos_vagos,12.9,static
0106,Castelo de Paiva,prop_ar_condicionado,20.91654779,static
0106,Castelo de Paiva,prop_edificios_fora_urbano,24.8,static
0106,Castelo de Paiva,prop_ensino_secundario,30.16,static
0106,Castelo de Paiva,prop_habitacao_social,0.542184607,static
0106,Castelo de Paiva,prop_mais_20min_escola,100,static
0106,Castelo de Paiva,prop_mais_30min_hospital,41,static
0106,Castelo de Paiva,prop_modo_pedonal,11.2,static
0106,Castelo de Paiva,prop_nacionalidade_estrangeira,0.028,static
0106,Castelo de Paiva,prop_necessidade_reparacao,14.91,static
0106,Castelo de Paiva,prop_pop_65_mais,20.86,static
0106,Castelo de Paiva,prop_reabilitacao_edificado,40,static
0106,Castelo de Paiva,prop_risco_pobreza,28.10268949,static
0106,Castelo de Paiva,prop_sem_aquecimento,22.56,static
0106,Castelo de Paiva,prop_transporte_coletivo,20,static
0106,Castelo de Paiva,prop_vagos_bom_estado,60.79027,static
0106,Castelo de Paiva,racio_vendas_estrangeiros,1,static
0106,Castelo de Paiva,risco_galgamentos_costeiros,0,static
0106,Castelo de Paiva,risco_incendio_rural,74.567,static
0106,Castelo de Paiva,risco_inundacao,0,static
0106,Castelo de Paiva,risco_movimento_massa,27.953,static
0106,Castelo de Paiva,risco_nevao,0.203,static
0106,Castelo de Paiva,risco_ondas_calor,50,static
0106,Castelo de Paiva,risco_ondas_frio,66.667,static
0106,Castelo de Paiva,risco_seca,33.333,static
0106,Castelo de Paiva,risco_sismo,33.333,static
0106,Castelo de Paiva,risco_tsunami,0,static
0106,Castelo de Paiva,taxa_bruta_natalidade,5.6,static
0106,Castelo de Paiva,taxa_crescimento_efetivo,-0.34,static
0106,Castelo de Paiva,taxa_desemprego,7.06,static
0106,Castelo de Paiva,taxa_esforco_arrendamento,25.3540856,static
0106,Castelo de Paiva,valor_mediano_vendas_m2,886,static
0107,Espinho,acessos_internet_banda_larga,42.56,static
0107,Espinho,certificacao_energetica_cf,38.10848401,static
0107,Espinho,coeficiente_gini,44.5,static
0107,Espinho,consumo_energia_eletrica,1284.1,static
0107,Espinho,densidade_populacional,1554.4,static
0107,Espinho,disparidade_ganho_mensal,8.7,static
0107,Espinho,duracao_pendulares,19.23,static
0107,Espinho,emissoes_gee_edificios,6.67,static
0107,Espinho,emissoes_gee_transportes,59.97,static
0107,Espinho,empresas_volume_negocios,161652.4,static
0107,Espinho,indice_envelhecimento_edificios,935.3,static
0107,Espinho,percentagem_poder_compra,0.306,static
0107,Espinho,prop_agregados_unipessoais,24.04,static
0107,Espinho,prop_alojamentos_arrendados,0.0841,static
0107,Espinho,prop_alojamentos_locais,5.8,static
0107,Espinho,prop_alojamentos_nao_classicos,0.02,static
0107,Espinho,prop_alojamentos_sobrelotados,13.3829889476213,static
0107,Espinho,prop_alojamentos_vagos,10.1,static
0107,Espinho,prop_ar_condicionado,4.717283357,static
0107,Espinho,prop_edificios_fora_urbano,2.1,static
0107,Espinho,prop_ensino_secundario,42.78,static
0107,Espinho,prop_habitacao_social,4.900101163,static
0107,Espinho,prop_mais_20min_escola,30.5,static
0107,Espinho,prop_mais_30min_hospital,1,static
0107,Espinho,prop_modo_pedonal,22,static
0107,Espinho,prop_nacionalidade_estrangeira,0.055,static
0107,Espinho,prop_necessidade_reparacao,18.77,static
0107,Espinho,prop_pop_65_mais,28.26,static
0107,Espinho,prop_reabilitacao_edificado,14,static
0107,Espinho,prop_risco_pobreza,18.82255846,static
0107,Espinho,prop_sem_aquecimento,37.38,static
0107,Espinho,prop_transporte_coletivo,13.5,static
0107,Espinho,prop_vagos_bom_estado,60.57811,static
0107,Espinho,racio_vendas_estrangeiros,1,static
0107,Espinho,risco_galgamentos_costeiros,22.403,static
0107,Espinho,risco_incendio_rural,19.892,static
0107,Espinho,risco_inundacao,0,static
0107,Espinho,risco_movimento_massa,0.031,static
0107,Espinho,risco_nevao,0,static
0107,Espinho,risco_ondas_calor,25,static
0107,Espinho,risco_ondas_frio,66.667,static
0107,Espinho,risco_seca,33.333,static
0107,Espinho,risco_sismo,54.109,static
0107,Espinho,risco_tsunami,12.314,static
0107,Espinho,taxa_bruta_natalidade,4.9,static
0107,Espinho,taxa_crescimento_efetivo,1.05,static
0107,Espinho,taxa_desemprego,10.07,static
0107,Espinho,taxa_esforco_arrendamento,40.24555735,static
0107,Espinho,valor_mediano_vendas_m2,2558,static
0108,Estarreja,acessos_internet_banda_larga,37.39,static
0108,Estarreja,certificacao_energetica_cf,62.42236025,static
0108,Estarreja,coeficiente_gini,41,static
0108,Estarreja,consumo_energia_eletrica,1244.9,static
0108,Estarreja,densidade_populacional,254,static
0108,Estarreja,disparidade_ganho_mensal,12.5,static
0108,Estarreja,duracao_pendulares,17.04,static
0108,Estarreja,emissoes_gee_edificios,7.8,static
0108,Estarreja,emissoes_gee_transportes,88.51,static
0108,Estarreja,empresas_volume_negocios,740189.5,static
0108,Estarreja,indice_envelhecimento_edificios,654.1,static
0108,Estarreja,percentagem_poder_compra,0.219,static
0108,Estarreja,prop_agregados_unipessoais,19.9,static
0108,Estarreja,prop_alojamentos_arrendados,0.0723,static
0108,Estarreja,prop_alojamentos_locais,1.06,static
0108,Estarreja,prop_alojamentos_nao_classicos,0.63,static
0108,Estarreja,prop_alojamentos_sobrelotados,10.5855855855855,static
0108,Estarreja,prop_alojamentos_vagos,14.4,static
0108,Estarreja,prop_ar_condicionado,8.548321048,static
0108,Estarreja,prop_edificios_fora_urbano,7.6,static
0108,Estarreja,prop_ensino_secundario,37.03,static
0108,Estarreja,prop_habitacao_social,0.378787879,static
0108,Estarreja,prop_mais_20min_escola,78.46,static
0108,Estarreja,prop_mais_30min_hospital,0,static
0108,Estarreja,prop_modo_pedonal,10.6,static
0108,Estarreja,prop_nacionalidade_estrangeira,0.064,static
0108,Estarreja,prop_necessidade_reparacao,19.29,static
0108,Estarreja,prop_pop_65_mais,24.39,static
0108,Estarreja,prop_reabilitacao_edificado,7.1,static
0108,Estarreja,prop_risco_pobreza,20.12727273,static
0108,Estarreja,prop_sem_aquecimento,26.92,static
0108,Estarreja,prop_transporte_coletivo,9.6,static
0108,Estarreja,prop_vagos_bom_estado,51.38741,static
0108,Estarreja,racio_vendas_estrangeiros,1,static
0108,Estarreja,risco_galgamentos_costeiros,27.229,static
0108,Estarreja,risco_incendio_rural,25.444,static
0108,Estarreja,risco_inundacao,10.48,static
0108,Estarreja,risco_movimento_massa,0.344,static
0108,Estarreja,risco_nevao,0,static
0108,Estarreja,risco_ondas_calor,25,static
0108,Estarreja,risco_ondas_frio,66.667,static
0108,Estarreja,risco_seca,33.333,static
0108,Estarreja,risco_sismo,56.683,static
0108,Estarreja,risco_tsunami,21.056,static
0108,Estarreja,taxa_bruta_natalidade,7,static
0108,Estarreja,taxa_crescimento_efetivo,1.38,static
0108,Estarreja,taxa_desemprego,6.24,static
0108,Estarreja,taxa_esforco_arrendamento,27.99676637,static
0108,Estarreja,valor_mediano_vendas_m2,1071,static
0109,Santa Maria da Feira,acessos_internet_banda_larga,39.28,static
0109,Santa Maria da Feira,certificacao_energetica_cf,57.95454545,static
0109,Santa Maria da Feira,coeficiente_gini,41.6,static
0109,Santa Maria da Feira,consumo_energia_eletrica,1279,static
0109,Santa Maria da Feira,densidade_populacional,651.1,static
0109,Santa Maria da Feira,disparidade_ganho_mensal,7.6,static
0109,Santa Maria da Feira,duracao_pendulares,17.08,static
0109,Santa Maria da Feira,emissoes_gee_edificios,11.59,static
0109,Santa Maria da Feira,emissoes_gee_transportes,269.77,static
0109,Santa Maria da Feira,empresas_volume_negocios,307660.6,static
0109,Santa Maria da Feira,indice_envelhecimento_edificios,586.9,static
0109,Santa Maria da Feira,percentagem_poder_compra,1.17,static
0109,Santa Maria da Feira,prop_agregados_unipessoais,17.55,static
0109,Santa Maria da Feira,prop_alojamentos_arrendados,0.0547,static
0109,Santa Maria da Feira,prop_alojamentos_locais,0.75,static
0109,Santa Maria da Feira,prop_alojamentos_nao_classicos,0.08,static
0109,Santa Maria da Feira,prop_alojamentos_sobrelotados,12.4685830977065,static
0109,Santa Maria da Feira,prop_alojamentos_vagos,9.3,static
0109,Santa Maria da Feira,prop_ar_condicionado,15.12331134,static
0109,Santa Maria da Feira,prop_edificios_fora_urbano,1.9,static
0109,Santa Maria da Feira,prop_ensino_secundario,39.45,static
0109,Santa Maria da Feira,prop_habitacao_social,1.284644134,static
0109,Santa Maria da Feira,prop_mais_20min_escola,76.1,static
0109,Santa Maria da Feira,prop_mais_30min_hospital,0,static
0109,Santa Maria da Feira,prop_modo_pedonal,9.5,static
0109,Santa Maria da Feira,prop_nacionalidade_estrangeira,0.033,static
0109,Santa Maria da Feira,prop_necessidade_reparacao,15.74,static
0109,Santa Maria da Feira,prop_pop_65_mais,20.95,static
0109,Santa Maria da Feira,prop_reabilitacao_edificado,0,static
0109,Santa Maria da Feira,prop_risco_pobreza,19.89283019,static
0109,Santa Maria da Feira,prop_sem_aquecimento,28.72,static
0109,Santa Maria da Feira,prop_transporte_coletivo,8.9,static
0109,Santa Maria da Feira,prop_vagos_bom_estado,54.2405,static
0109,Santa Maria da Feira,racio_vendas_estrangeiros,1,static
0109,Santa Maria da Feira,risco_galgamentos_costeiros,0,static
0109,Santa Maria da Feira,risco_incendio_rural,38.305,static
0109,Santa Maria da Feira,risco_inundacao,0,static
0109,Santa Maria da Feira,risco_movimento_massa,3.697,static
0109,Santa Maria da Feira,risco_nevao,0,static
0109,Santa Maria da Feira,risco_ondas_calor,40.526,static
0109,Santa Maria da Feira,risco_ondas_frio,66.667,static
0109,Santa Maria da Feira,risco_seca,33.333,static
0109,Santa Maria da Feira,risco_sismo,34.863,static
0109,Santa Maria da Feira,risco_tsunami,0,static
0109,Santa Maria da Feira,taxa_bruta_natalidade,7.1,static
0109,Santa Maria da Feira,taxa_crescimento_efetivo,0.52,static
0109,Santa Maria da Feira,taxa_desemprego,7.71,static
0109,Santa Maria da Feira,taxa_esforco_arrendamento,30.46730529,static
0109,Santa Maria da Feira,valor_mediano_vendas_m2,1327,static
0110,Ílhavo,acessos_internet_banda_larga,44.77,static
0110,Ílhavo,certificacao_energetica_cf,42.47881356,static
0110,Ílhavo,coeficiente_gini,44.1,static
0110,Ílhavo,consumo_energia_eletrica,1280.9,static
0110,Ílhavo,densidade_populacional,588.1,static
0110,Ílhavo,disparidade_ganho_mensal,13.9,static
0110,Ílhavo,duracao_pendulares,15.57,static
0110,Ílhavo,emissoes_gee_edificios,11.77,static
0110,Ílhavo,emissoes_gee_transportes,59.92,static
0110,Ílhavo,empresas_volume_negocios,738642.8,static
0110,Ílhavo,indice_envelhecimento_edificios,618.7,static
0110,Ílhavo,percentagem_poder_compra,0.347,static
0110,Ílhavo,prop_agregados_unipessoais,23.16,static
0110,Ílhavo,prop_alojamentos_arrendados,0.0337,static
0110,Ílhavo,prop_alojamentos_locais,7.61,static
0110,Ílhavo,prop_alojamentos_nao_classicos,0.82,static
0110,Ílhavo,prop_alojamentos_sobrelotados,10.3594897564746,static
0110,Ílhavo,prop_alojamentos_vagos,9.8,static
0110,Ílhavo,prop_ar_condicionado,5.985053472,static
0110,Ílhavo,prop_edificios_fora_urbano,3.6,static
0110,Ílhavo,prop_ensino_secundario,46.54,static
0110,Ílhavo,prop_habitacao_social,0.205104831,static
0110,Ílhavo,prop_mais_20min_escola,54.91,static
0110,Ílhavo,prop_mais_30min_hospital,1,static
0110,Ílhavo,prop_modo_pedonal,9.5,static
0110,Ílhavo,prop_nacionalidade_estrangeira,0.094,static
0110,Ílhavo,prop_necessidade_reparacao,13.08,static
0110,Ílhavo,prop_pop_65_mais,21.52,static
0110,Ílhavo,prop_reabilitacao_edificado,10.4,static
0110,Ílhavo,prop_risco_pobreza,17.5045977,static
0110,Ílhavo,prop_sem_aquecimento,25.9,static
0110,Ílhavo,prop_transporte_coletivo,5.4,static
0110,Ílhavo,prop_vagos_bom_estado,58.42799,static
0110,Ílhavo,racio_vendas_estrangeiros,1,static
0110,Ílhavo,risco_galgamentos_costeiros,56.223,static
0110,Ílhavo,risco_incendio_rural,17.2,static
0110,Ílhavo,risco_inundacao,8.508,static
0110,Ílhavo,risco_movimento_massa,0,static
0110,Ílhavo,risco_nevao,0,static
0110,Ílhavo,risco_ondas_calor,25,static
0110,Ílhavo,risco_ondas_frio,66.664,static
0110,Ílhavo,risco_seca,33.333,static
0110,Ílhavo,risco_sismo,55.677,static
0110,Ílhavo,risco_tsunami,33.717,static
0110,Ílhavo,taxa_bruta_natalidade,6.8,static
0110,Ílhavo,taxa_crescimento_efetivo,2.53,static
0110,Ílhavo,taxa_desemprego,6.34,static
0110,Ílhavo,taxa_esforco_arrendamento,37.57242439,static
0110,Ílhavo,valor_mediano_vendas_m2,1706,static
0111,Mealhada,acessos_internet_banda_larga,40.18,static
0111,Mealhada,certificacao_energetica_cf,54.85893417,static
0111,Mealhada,coeficiente_gini,40.8,static
0111,Mealhada,consumo_energia_eletrica,1254.9,static
0111,Mealhada,densidade_populacional,180.9,static
0111,Mealhada,disparidade_ganho_mensal,11.3,static
0111,Mealhada,duracao_pendulares,17.35,static
0111,Mealhada,emissoes_gee_edificios,4.86,static
0111,Mealhada,emissoes_gee_transportes,34.35,static
0111,Mealhada,empresas_volume_negocios,491325.5,static
0111,Mealhada,indice_envelhecimento_edificios,735.6,static
0111,Mealhada,percentagem_poder_compra,0.166,static
0111,Mealhada,prop_agregados_unipessoais,21.77,static
0111,Mealhada,prop_alojamentos_arrendados,0.0444,static
0111,Mealhada,prop_alojamentos_locais,2.42,static
0111,Mealhada,prop_alojamentos_nao_classicos,0.07,static
0111,Mealhada,prop_alojamentos_sobrelotados,6.21321124918247,static
0111,Mealhada,prop_alojamentos_vagos,15.1,static
0111,Mealhada,prop_ar_condicionado,11.06605625,static
0111,Mealhada,prop_edificios_fora_urbano,2.1,static
0111,Mealhada,prop_ensino_secundario,42.44,static
0111,Mealhada,prop_habitacao_social,0.3658067,static
0111,Mealhada,prop_mais_20min_escola,93.38,static
0111,Mealhada,prop_mais_30min_hospital,0,static
0111,Mealhada,prop_modo_pedonal,10.6,static
0111,Mealhada,prop_nacionalidade_estrangeira,0.052,static
0111,Mealhada,prop_necessidade_reparacao,15.48,static
0111,Mealhada,prop_pop_65_mais,25.99,static
0111,Mealhada,prop_reabilitacao_edificado,25,static
0111,Mealhada,prop_risco_pobreza,17.51068229,static
0111,Mealhada,prop_sem_aquecimento,17.17,static
0111,Mealhada,prop_transporte_coletivo,10.8,static
0111,Mealhada,prop_vagos_bom_estado,55.23627,static
0111,Mealhada,racio_vendas_estrangeiros,1,static
0111,Mealhada,risco_galgamentos_costeiros,0,static
0111,Mealhada,risco_incendio_rural,41.972,static
0111,Mealhada,risco_inundacao,0,static
0111,Mealhada,risco_movimento_massa,5.804,static
0111,Mealhada,risco_nevao,0.024,static
0111,Mealhada,risco_ondas_calor,50,static
0111,Mealhada,risco_ondas_frio,66.667,static
0111,Mealhada,risco_seca,38.023,static
0111,Mealhada,risco_sismo,45.993,static
0111,Mealhada,risco_tsunami,0,static
0111,Mealhada,taxa_bruta_natalidade,5.9,static
0111,Mealhada,taxa_crescimento_efetivo,1.19,static
0111,Mealhada,taxa_desemprego,4.81,static
0111,Mealhada,taxa_esforco_arrendamento,23.68573824,static
0111,Mealhada,valor_mediano_vendas_m2,984,static
0112,Murtosa,acessos_internet_banda_larga,38.11,static
0112,Murtosa,certificacao_energetica_cf,61.36363636,static
0112,Murtosa,coeficiente_gini,43.4,static
0112,Murtosa,consumo_energia_eletrica,1490.6,static
0112,Murtosa,densidade_populacional,155.4,static
0112,Murtosa,disparidade_ganho_mensal,7.7,static
0112,Murtosa,duracao_pendulares,18.99,static
0112,Murtosa,emissoes_gee_edificios,1.99,static
0112,Murtosa,emissoes_gee_transportes,9.06,static
0112,Murtosa,empresas_volume_negocios,102984.9,static
0112,Murtosa,indice_envelhecimento_edificios,1107.5,static
0112,Murtosa,percentagem_poder_compra,0.075,static
0112,Murtosa,prop_agregados_unipessoais,23.45,static
0112,Murtosa,prop_alojamentos_arrendados,0.112,static
0112,Murtosa,prop_alojamentos_locais,6.24,static
0112,Murtosa,prop_alojamentos_nao_classicos,0.01,static
0112,Murtosa,prop_alojamentos_sobrelotados,10.647233201581,static
0112,Murtosa,prop_alojamentos_vagos,6.9,static
0112,Murtosa,prop_ar_condicionado,4.718379447,static
0112,Murtosa,prop_edificios_fora_urbano,5.4,static
0112,Murtosa,prop_ensino_secundario,32.37,static
0112,Murtosa,prop_habitacao_social,1.731319969,static
0112,Murtosa,prop_mais_20min_escola,62.36,static
0112,Murtosa,prop_mais_30min_hospital,2,static
0112,Murtosa,prop_modo_pedonal,11.2,static
0112,Murtosa,prop_nacionalidade_estrangeira,0.043,static
0112,Murtosa,prop_necessidade_reparacao,8.24,static
0112,Murtosa,prop_pop_65_mais,24.66,static
0112,Murtosa,prop_reabilitacao_edificado,37,static
0112,Murtosa,prop_risco_pobreza,27.0765625,static
0112,Murtosa,prop_sem_aquecimento,30.34,static
0112,Murtosa,prop_transporte_coletivo,9.9,static
0112,Murtosa,prop_vagos_bom_estado,60.52142,static
0112,Murtosa,racio_vendas_estrangeiros,1,static
0112,Murtosa,risco_galgamentos_costeiros,67.444,static
0112,Murtosa,risco_incendio_rural,18.082,static
0112,Murtosa,risco_inundacao,19.037,static
0112,Murtosa,risco_movimento_massa,0,static
0112,Murtosa,risco_nevao,0,static
0112,Murtosa,risco_ondas_calor,25,static
0112,Murtosa,risco_ondas_frio,66.667,static
0112,Murtosa,risco_seca,33.333,static
0112,Murtosa,risco_sismo,47.398,static
0112,Murtosa,risco_tsunami,55.977,static
0112,Murtosa,taxa_bruta_natalidade,7.2,static
0112,Murtosa,taxa_crescimento_efetivo,2.89,static
0112,Murtosa,taxa_desemprego,5.06,static
0112,Murtosa,taxa_esforco_arrendamento,32.03475994,static
0112,Murtosa,valor_mediano_vendas_m2,1117,static
0113,Oliveira de Azeméis,acessos_internet_banda_larga,38.76,static
0113,Oliveira de Azeméis,certificacao_energetica_cf,37.81278962,static
0113,Oliveira de Azeméis,coeficiente_gini,40.3,static
0113,Oliveira de Azeméis,consumo_energia_eletrica,1397.5,static
0113,Oliveira de Azeméis,densidade_populacional,418.8,static
0113,Oliveira de Azeméis,disparidade_ganho_mensal,12.5,static
0113,Oliveira de Azeméis,duracao_pendulares,14.41,static
0113,Oliveira de Azeméis,emissoes_gee_edificios,16.51,static
0113,Oliveira de Azeméis,emissoes_gee_transportes,85.38,static
0113,Oliveira de Azeméis,empresas_volume_negocios,380618.2,static
0113,Oliveira de Azeméis,indice_envelhecimento_edificios,822.3,static
0113,Oliveira de Azeméis,percentagem_poder_compra,0.538,static
0113,Oliveira de Azeméis,prop_agregados_unipessoais,17.9,static
0113,Oliveira de Azeméis,prop_alojamentos_arrendados,0.0658,static
0113,Oliveira de Azeméis,prop_alojamentos_locais,0.51,static
0113,Oliveira de Azeméis,prop_alojamentos_nao_classicos,0,static
0113,Oliveira de Azeméis,prop_alojamentos_sobrelotados,10.2273640234594,static
0113,Oliveira de Azeméis,prop_alojamentos_vagos,11.5,static
0113,Oliveira de Azeméis,prop_ar_condicionado,21.9570981,static
0113,Oliveira de Azeméis,prop_edificios_fora_urbano,2,static
0113,Oliveira de Azeméis,prop_ensino_secundario,35.91,static
0113,Oliveira de Azeméis,prop_habitacao_social,0.168050613,static
0113,Oliveira de Azeméis,prop_mais_20min_escola,59.86,static
0113,Oliveira de Azeméis,prop_mais_30min_hospital,0,static
0113,Oliveira de Azeméis,prop_modo_pedonal,12.9,static
0113,Oliveira de Azeméis,prop_nacionalidade_estrangeira,0.049,static
0113,Oliveira de Azeméis,prop_necessidade_reparacao,17.31,static
0113,Oliveira de Azeméis,prop_pop_65_mais,23.07,static
0113,Oliveira de Azeméis,prop_reabilitacao_edificado,15,static
0113,Oliveira de Azeméis,prop_risco_pobreza,18.09480813,static
0113,Oliveira de Azeméis,prop_sem_aquecimento,23.03,static
0113,Oliveira de Azeméis,prop_transporte_coletivo,5.2,static
0113,Oliveira de Azeméis,prop_vagos_bom_estado,47.95571,static
0113,Oliveira de Azeméis,racio_vendas_estrangeiros,1,static
0113,Oliveira de Azeméis,risco_galgamentos_costeiros,0,static
0113,Oliveira de Azeméis,risco_incendio_rural,44.224,static
0113,Oliveira de Azeméis,risco_inundacao,0,static
0113,Oliveira de Azeméis,risco_movimento_massa,8.448,static
0113,Oliveira de Azeméis,risco_nevao,0.098,static
0113,Oliveira de Azeméis,risco_ondas_calor,40.497,static
0113,Oliveira de Azeméis,risco_ondas_frio,66.667,static
0113,Oliveira de Azeméis,risco_seca,33.333,static
0113,Oliveira de Azeméis,risco_sismo,35.88,static
0113,Oliveira de Azeméis,risco_tsunami,0,static
0113,Oliveira de Azeméis,taxa_bruta_natalidade,6.4,static
0113,Oliveira de Azeméis,taxa_crescimento_efetivo,0.29,static
0113,Oliveira de Azeméis,taxa_desemprego,6.06,static
0113,Oliveira de Azeméis,taxa_esforco_arrendamento,25.48240559,static
0113,Oliveira de Azeméis,valor_mediano_vendas_m2,1111,static
0114,Oliveira do Bairro,acessos_internet_banda_larga,37.82,static
0114,Oliveira do Bairro,certificacao_energetica_cf,49.14529915,static
0114,Oliveira do Bairro,coeficiente_gini,40.1,static
0114,Oliveira do Bairro,consumo_energia_eletrica,1286.2,static
0114,Oliveira do Bairro,densidade_populacional,295.2,static
0114,Oliveira do Bairro,disparidade_ganho_mensal,11,static
0114,Oliveira do Bairro,duracao_pendulares,16.21,static
0114,Oliveira do Bairro,emissoes_gee_edificios,4.45,static
0114,Oliveira do Bairro,emissoes_gee_transportes,38.33,static
0114,Oliveira do Bairro,empresas_volume_negocios,398457.3,static
0114,Oliveira do Bairro,indice_envelhecimento_edificios,656.2,static
0114,Oliveira do Bairro,percentagem_poder_compra,0.198,static
0114,Oliveira do Bairro,prop_agregados_unipessoais,20.11,static
0114,Oliveira do Bairro,prop_alojamentos_arrendados,0.042,static
0114,Oliveira do Bairro,prop_alojamentos_locais,1.09,static
0114,Oliveira do Bairro,prop_alojamentos_nao_classicos,0.8,static
0114,Oliveira do Bairro,prop_alojamentos_sobrelotados,9.21478060046189,static
0114,Oliveira do Bairro,prop_alojamentos_vagos,12.5,static
0114,Oliveira do Bairro,prop_ar_condicionado,10.81986143,static
0114,Oliveira do Bairro,prop_edificios_fora_urbano,3.1,static
0114,Oliveira do Bairro,prop_ensino_secundario,41.77,static
0114,Oliveira do Bairro,prop_habitacao_social,0.044216484,static
0114,Oliveira do Bairro,prop_mais_20min_escola,77.31,static
0114,Oliveira do Bairro,prop_mais_30min_hospital,0,static
0114,Oliveira do Bairro,prop_modo_pedonal,8.7,static
0114,Oliveira do Bairro,prop_nacionalidade_estrangeira,0.104,static
0114,Oliveira do Bairro,prop_necessidade_reparacao,17.91,static
0114,Oliveira do Bairro,prop_pop_65_mais,23.55,static
0114,Oliveira do Bairro,prop_reabilitacao_edificado,7.3,static
0114,Oliveira do Bairro,prop_risco_pobreza,19.00483092,static
0114,Oliveira do Bairro,prop_sem_aquecimento,20.83,static
0114,Oliveira do Bairro,prop_transporte_coletivo,7.1,static
0114,Oliveira do Bairro,prop_vagos_bom_estado,48,static
0114,Oliveira do Bairro,racio_vendas_estrangeiros,1,static
0114,Oliveira do Bairro,risco_galgamentos_costeiros,0,static
0114,Oliveira do Bairro,risco_incendio_rural,29.334,static
0114,Oliveira do Bairro,risco_inundacao,0,static
0114,Oliveira do Bairro,risco_movimento_massa,0.202,static
0114,Oliveira do Bairro,risco_nevao,0,static
0114,Oliveira do Bairro,risco_ondas_calor,34.74,static
0114,Oliveira do Bairro,risco_ondas_frio,66.667,static
0114,Oliveira do Bairro,risco_seca,33.333,static
0114,Oliveira do Bairro,risco_sismo,65.251,static
0114,Oliveira do Bairro,risco_tsunami,0.999,static
0114,Oliveira do Bairro,taxa_bruta_natalidade,7.4,static
0114,Oliveira do Bairro,taxa_crescimento_efetivo,2.85,static
0114,Oliveira do Bairro,taxa_desemprego,4.59,static
0114,Oliveira do Bairro,taxa_esforco_arrendamento,28.17583919,static
0114,Oliveira do Bairro,valor_mediano_vendas_m2,1130,static
0115,Ovar,acessos_internet_banda_larga,42.47,static
0115,Ovar,certificacao_energetica_cf,51.02586976,static
0115,Ovar,coeficiente_gini,42.4,static
0115,Ovar,consumo_energia_eletrica,1289.3,static
0115,Ovar,densidade_populacional,390.5,static
0115,Ovar,disparidade_ganho_mensal,9.4,static
0115,Ovar,duracao_pendulares,18.24,static
0115,Ovar,emissoes_gee_edificios,33.45,static
0115,Ovar,emissoes_gee_transportes,112.42,static
0115,Ovar,empresas_volume_negocios,498648.8,static
0115,Ovar,indice_envelhecimento_edificios,726.2,static
0115,Ovar,percentagem_poder_compra,0.476,static
0115,Ovar,prop_agregados_unipessoais,19.66,static
0115,Ovar,prop_alojamentos_arrendados,0.0673,static
0115,Ovar,prop_alojamentos_locais,7.75,static
0115,Ovar,prop_alojamentos_nao_classicos,0.05,static
0115,Ovar,prop_alojamentos_sobrelotados,11.8964444657127,static
0115,Ovar,prop_alojamentos_vagos,8,static
0115,Ovar,prop_ar_condicionado,7.077570943,static
0115,Ovar,prop_edificios_fora_urbano,3.9,static
0115,Ovar,prop_ensino_secundario,43.36,static
0115,Ovar,prop_habitacao_social,0.933422904,static
0115,Ovar,prop_mais_20min_escola,65.85,static
0115,Ovar,prop_mais_30min_hospital,1,static
0115,Ovar,prop_modo_pedonal,12.2,static
0115,Ovar,prop_nacionalidade_estrangeira,0.049,static
0115,Ovar,prop_necessidade_reparacao,11.95,static
0115,Ovar,prop_pop_65_mais,21.47,static
0115,Ovar,prop_reabilitacao_edificado,1,static
0115,Ovar,prop_risco_pobreza,18.18360196,static
0115,Ovar,prop_sem_aquecimento,30.17,static
0115,Ovar,prop_transporte_coletivo,10.1,static
0115,Ovar,prop_vagos_bom_estado,55.21151,static
0115,Ovar,racio_vendas_estrangeiros,1,static
0115,Ovar,risco_galgamentos_costeiros,24.98,static
0115,Ovar,risco_incendio_rural,26.149,static
0115,Ovar,risco_inundacao,4.105,static
0115,Ovar,risco_movimento_massa,0.036,static
0115,Ovar,risco_nevao,0,static
0115,Ovar,risco_ondas_calor,25.01,static
0115,Ovar,risco_ondas_frio,66.658,static
0115,Ovar,risco_seca,33.333,static
0115,Ovar,risco_sismo,56.721,static
0115,Ovar,risco_tsunami,14.206,static
0115,Ovar,taxa_bruta_natalidade,7.2,static
0115,Ovar,taxa_crescimento_efetivo,1.65,static
0115,Ovar,taxa_desemprego,7.12,static
0115,Ovar,taxa_esforco_arrendamento,32.83827119,static
0115,Ovar,valor_mediano_vendas_m2,1515,static
0116,São João da Madeira,acessos_internet_banda_larga,43.57,static
0116,São João da Madeira,certificacao_energetica_cf,60.21505376,static
0116,São João da Madeira,coeficiente_gini,43.7,static
0116,São João da Madeira,consumo_energia_eletrica,1130.5,static
0116,São João da Madeira,densidade_populacional,3053.8,static
0116,São João da Madeira,disparidade_ganho_mensal,8.4,static
0116,São João da Madeira,duracao_pendulares,15.4,static
0116,São João da Madeira,emissoes_gee_edificios,5.42,static
0116,São João da Madeira,emissoes_gee_transportes,29.45,static
0116,São João da Madeira,empresas_volume_negocios,504368.6,static
0116,São João da Madeira,indice_envelhecimento_edificios,1166.7,static
0116,São João da Madeira,percentagem_poder_compra,0.25,static
0116,São João da Madeira,prop_agregados_unipessoais,22.31,static
0116,São João da Madeira,prop_alojamentos_arrendados,0.1334,static
0116,São João da Madeira,prop_alojamentos_locais,1.42,static
0116,São João da Madeira,prop_alojamentos_nao_classicos,0,static
0116,São João da Madeira,prop_alojamentos_sobrelotados,10.8054138007543,static
0116,São João da Madeira,prop_alojamentos_vagos,9.2,static
0116,São João da Madeira,prop_ar_condicionado,13.7009097,static
0116,São João da Madeira,prop_edificios_fora_urbano,0.2,static
0116,São João da Madeira,prop_ensino_secundario,44.95,static
0116,São João da Madeira,prop_habitacao_social,6.24688652,static
0116,São João da Madeira,prop_mais_20min_escola,0.54,static
0116,São João da Madeira,prop_mais_30min_hospital,0,static
0116,São João da Madeira,prop_modo_pedonal,22.1,static
0116,São João da Madeira,prop_nacionalidade_estrangeira,0.106,static
0116,São João da Madeira,prop_necessidade_reparacao,10.02,static
0116,São João da Madeira,prop_pop_65_mais,22.16,static
0116,São João da Madeira,prop_reabilitacao_edificado,36.4,static
0116,São João da Madeira,prop_risco_pobreza,18.1858006,static
0116,São João da Madeira,prop_sem_aquecimento,32.48,static
0116,São João da Madeira,prop_transporte_coletivo,4.9,static
0116,São João da Madeira,prop_vagos_bom_estado,65.64103,static
0116,São João da Madeira,racio_vendas_estrangeiros,1,static
0116,São João da Madeira,risco_galgamentos_costeiros,0,static
0116,São João da Madeira,risco_incendio_rural,13.087,static
0116,São João da Madeira,risco_inundacao,0,static
0116,São João da Madeira,risco_movimento_massa,0.221,static
0116,São João da Madeira,risco_nevao,0,static
0116,São João da Madeira,risco_ondas_calor,50,static
0116,São João da Madeira,risco_ondas_frio,66.667,static
0116,São João da Madeira,risco_seca,33.333,static
0116,São João da Madeira,risco_sismo,33.333,static
0116,São João da Madeira,risco_tsunami,0,static
0116,São João da Madeira,taxa_bruta_natalidade,5.9,static
0116,São João da Madeira,taxa_crescimento_efetivo,1.6,static
0116,São João da Madeira,taxa_desemprego,8.73,static
0116,São João da Madeira,taxa_esforco_arrendamento,32.00901535,static
0116,São João da Madeira,valor_mediano_vendas_m2,1288,static
0117,Sever do Vouga,acessos_internet_banda_larga,37.24,static
0117,Sever do Vouga,certificacao_energetica_cf,54.49438202,static
0117,Sever do Vouga,coeficiente_gini,39.4,static
0117,Sever do Vouga,consumo_energia_eletrica,1449.8,static
0117,Sever do Vouga,densidade_populacional,84.9,static
0117,Sever do Vouga,disparidade_ganho_mensal,11.3,static
0117,Sever do Vouga,duracao_pendulares,17.18,static
0117,Sever do Vouga,emissoes_gee_edificios,2.32,static
0117,Sever do Vouga,emissoes_gee_transportes,17.95,static
0117,Sever do Vouga,empresas_volume_negocios,293671.8,static
0117,Sever do Vouga,indice_envelhecimento_edificios,718.1,static
0117,Sever do Vouga,percentagem_poder_compra,0.083,static
0117,Sever do Vouga,prop_agregados_unipessoais,23.03,static
0117,Sever do Vouga,prop_alojamentos_arrendados,0.0549,static
0117,Sever do Vouga,prop_alojamentos_locais,3.66,static
0117,Sever do Vouga,prop_alojamentos_nao_classicos,0,static
0117,Sever do Vouga,prop_alojamentos_sobrelotados,7.6888489208633,static
0117,Sever do Vouga,prop_alojamentos_vagos,16.6,static
0117,Sever do Vouga,prop_ar_condicionado,16.29946043,static
0117,Sever do Vouga,prop_edificios_fora_urbano,3.5,static
0117,Sever do Vouga,prop_ensino_secundario,35.45,static
0117,Sever do Vouga,prop_habitacao_social,0.264182425,static
0117,Sever do Vouga,prop_mais_20min_escola,86.95,static
0117,Sever do Vouga,prop_mais_30min_hospital,25,static
0117,Sever do Vouga,prop_modo_pedonal,9,static
0117,Sever do Vouga,prop_nacionalidade_estrangeira,0.084,static
0117,Sever do Vouga,prop_necessidade_reparacao,12.68,static
0117,Sever do Vouga,prop_pop_65_mais,29.46,static
0117,Sever do Vouga,prop_reabilitacao_edificado,38.1,static
0117,Sever do Vouga,prop_risco_pobreza,21.59031657,static
0117,Sever do Vouga,prop_sem_aquecimento,15.24,static
0117,Sever do Vouga,prop_transporte_coletivo,10.8,static
0117,Sever do Vouga,prop_vagos_bom_estado,57.54237,static
0117,Sever do Vouga,racio_vendas_estrangeiros,1,static
0117,Sever do Vouga,risco_galgamentos_costeiros,0,static
0117,Sever do Vouga,risco_incendio_rural,69.484,static
0117,Sever do Vouga,risco_inundacao,0,static
0117,Sever do Vouga,risco_movimento_massa,23.449,static
0117,Sever do Vouga,risco_nevao,1.258,static
0117,Sever do Vouga,risco_ondas_calor,50,static
0117,Sever do Vouga,risco_ondas_frio,66.667,static
0117,Sever do Vouga,risco_seca,33.333,static
0117,Sever do Vouga,risco_sismo,33.434,static
0117,Sever do Vouga,risco_tsunami,0,static
0117,Sever do Vouga,taxa_bruta_natalidade,7.8,static
0117,Sever do Vouga,taxa_crescimento_efetivo,0.72,static
0117,Sever do Vouga,taxa_desemprego,3.43,static
0117,Sever do Vouga,taxa_esforco_arrendamento,20.72812701,static
0117,Sever do Vouga,valor_mediano_vendas_m2,703,static
0118,Vagos,acessos_internet_banda_larga,39.5,static
0118,Vagos,certificacao_energetica_cf,38.00383877,static
0118,Vagos,coeficiente_gini,41.3,static
0118,Vagos,consumo_energia_eletrica,1418.4,static
0118,Vagos,densidade_populacional,152.6,static
0118,Vagos,disparidade_ganho_mensal,8.8,static
0118,Vagos,duracao_pendulares,17.41,static
0118,Vagos,emissoes_gee_edificios,6.23,static
0118,Vagos,emissoes_gee_transportes,33.82,static
0118,Vagos,empresas_volume_negocios,377049.1,static
0118,Vagos,indice_envelhecimento_edificios,270.8,static
0118,Vagos,percentagem_poder_compra,0.184,static
0118,Vagos,prop_agregados_unipessoais,21.93,static
0118,Vagos,prop_alojamentos_arrendados,0.0506,static
0118,Vagos,prop_alojamentos_locais,3.93,static
0118,Vagos,prop_alojamentos_nao_classicos,0.16,static
0118,Vagos,prop_alojamentos_sobrelotados,8.86032365430965,static
0118,Vagos,prop_alojamentos_vagos,10,static
0118,Vagos,prop_ar_condicionado,5.658211867,static
0118,Vagos,prop_edificios_fora_urbano,2.8,static
0118,Vagos,prop_ensino_secundario,37.59,static
0118,Vagos,prop_habitacao_social,0.319683361,static
0118,Vagos,prop_mais_20min_escola,84,static
0118,Vagos,prop_mais_30min_hospital,0,static
0118,Vagos,prop_modo_pedonal,7.3,static
0118,Vagos,prop_nacionalidade_estrangeira,0.09,static
0118,Vagos,prop_necessidade_reparacao,17.07,static
0118,Vagos,prop_pop_65_mais,24.07,static
0118,Vagos,prop_reabilitacao_edificado,0,static
0118,Vagos,prop_risco_pobreza,22.72434916,static
0118,Vagos,prop_sem_aquecimento,21.35,static
0118,Vagos,prop_transporte_coletivo,9.5,static
0118,Vagos,prop_vagos_bom_estado,51.57658,static
0118,Vagos,racio_vendas_estrangeiros,1,static
0118,Vagos,risco_galgamentos_costeiros,12.662,static
0118,Vagos,risco_incendio_rural,38.976,static
0118,Vagos,risco_inundacao,1.512,static
0118,Vagos,risco_movimento_massa,0.121,static
0118,Vagos,risco_nevao,0,static
0118,Vagos,risco_ondas_calor,25,static
0118,Vagos,risco_ondas_frio,66.667,static
0118,Vagos,risco_seca,33.333,static
0118,Vagos,risco_sismo,65.434,static
0118,Vagos,risco_tsunami,7.365,static
0118,Vagos,taxa_bruta_natalidade,7.8,static
0118,Vagos,taxa_crescimento_efetivo,2.88,static
0118,Vagos,taxa_desemprego,5.01,static
0118,Vagos,taxa_esforco_arrendamento,32.20374876,static
0118,Vagos,valor_mediano_vendas_m2,1399,static
0119,Vale de Cambra,acessos_internet_banda_larga,39.17,static
0119,Vale de Cambra,certificacao_energetica_cf,41.31736527,static
0119,Vale de Cambra,coeficiente_gini,40.5,static
0119,Vale de Cambra,consumo_energia_eletrica,1305.3,static
0119,Vale de Cambra,densidade_populacional,144.2,static
0119,Vale de Cambra,disparidade_ganho_mensal,11.4,static
0119,Vale de Cambra,duracao_pendulares,15.76,static
0119,Vale de Cambra,emissoes_gee_edificios,5.38,static
0119,Vale de Cambra,emissoes_gee_transportes,25.02,static
0119,Vale de Cambra,empresas_volume_negocios,339822.9,static
0119,Vale de Cambra,indice_envelhecimento_edificios,762.9,static
0119,Vale de Cambra,percentagem_poder_compra,0.173,static
0119,Vale de Cambra,prop_agregados_unipessoais,20.61,static
0119,Vale de Cambra,prop_alojamentos_arrendados,0.0163,static
0119,Vale de Cambra,prop_alojamentos_locais,2.23,static
0119,Vale de Cambra,prop_alojamentos_nao_classicos,0.02,static
0119,Vale de Cambra,prop_alojamentos_sobrelotados,8.4125475285171,static
0119,Vale de Cambra,prop_alojamentos_vagos,12.1,static
0119,Vale de Cambra,prop_ar_condicionado,26.52091255,static
0119,Vale de Cambra,prop_edificios_fora_urbano,7.9,static
0119,Vale de Cambra,prop_ensino_secundario,35.93,static
0119,Vale de Cambra,prop_habitacao_social,0.025150905,static
0119,Vale de Cambra,prop_mais_20min_escola,73.44,static
0119,Vale de Cambra,prop_mais_30min_hospital,4,static
0119,Vale de Cambra,prop_modo_pedonal,11,static
0119,Vale de Cambra,prop_nacionalidade_estrangeira,0.059,static
0119,Vale de Cambra,prop_necessidade_reparacao,14.68,static
0119,Vale de Cambra,prop_pop_65_mais,28.18,static
0119,Vale de Cambra,prop_reabilitacao_edificado,13.7,static
0119,Vale de Cambra,prop_risco_pobreza,18.86602871,static
0119,Vale de Cambra,prop_sem_aquecimento,16.28,static
0119,Vale de Cambra,prop_transporte_coletivo,6.9,static
0119,Vale de Cambra,prop_vagos_bom_estado,51.66898,static
0119,Vale de Cambra,racio_vendas_estrangeiros,1,static
0119,Vale de Cambra,risco_galgamentos_costeiros,0,static
0119,Vale de Cambra,risco_incendio_rural,70.704,static
0119,Vale de Cambra,risco_inundacao,0,static
0119,Vale de Cambra,risco_movimento_massa,27.435,static
0119,Vale de Cambra,risco_nevao,9.248,static
0119,Vale de Cambra,risco_ondas_calor,50,static
0119,Vale de Cambra,risco_ondas_frio,66.667,static
0119,Vale de Cambra,risco_seca,33.333,static
0119,Vale de Cambra,risco_sismo,34.026,static
0119,Vale de Cambra,risco_tsunami,0,static
0119,Vale de Cambra,taxa_bruta_natalidade,6.8,static
0119,Vale de Cambra,taxa_crescimento_efetivo,-0.06,static
0119,Vale de Cambra,taxa_desemprego,4.21,static
0119,Vale de Cambra,taxa_esforco_arrendamento,29.10658942,static
0119,Vale de Cambra,valor_mediano_vendas_m2,1101,static
0201,Aljustrel,acessos_internet_banda_larga,40.76,static
0201,Aljustrel,certificacao_energetica_cf,78.98089172,static
0201,Aljustrel,coeficiente_gini,40.6,static
0201,Aljustrel,consumo_energia_eletrica,1429.6,static
0201,Aljustrel,densidade_populacional,19.5,static
0201,Aljustrel,disparidade_ganho_mensal,14,static
0201,Aljustrel,duracao_pendulares,16.11,static
0201,Aljustrel,emissoes_gee_edificios,2.4,static
0201,Aljustrel,emissoes_gee_transportes,27.71,static
0201,Aljustrel,empresas_volume_negocios,458737.4,static
0201,Aljustrel,indice_envelhecimento_edificios,1134.7,static
0201,Aljustrel,percentagem_poder_compra,0.073,static
0201,Aljustrel,prop_agregados_unipessoais,27.35,static
0201,Aljustrel,prop_alojamentos_arrendados,0.0571,static
0201,Aljustrel,prop_alojamentos_locais,1.29,static
0201,Aljustrel,prop_alojamentos_nao_classicos,0.64,static
0201,Aljustrel,prop_alojamentos_sobrelotados,9.8086769064942,static
0201,Aljustrel,prop_alojamentos_vagos,17,static
0201,Aljustrel,prop_ar_condicionado,35.56992724,static
0201,Aljustrel,prop_edificios_fora_urbano,3.9,static
0201,Aljustrel,prop_ensino_secundario,33.47,static
0201,Aljustrel,prop_habitacao_social,0.508733254,static
0201,Aljustrel,prop_mais_20min_escola,54.83,static
0201,Aljustrel,prop_mais_30min_hospital,16,static
0201,Aljustrel,prop_modo_pedonal,24.7,static
0201,Aljustrel,prop_nacionalidade_estrangeira,0.07,static
0201,Aljustrel,prop_necessidade_reparacao,14.09,static
0201,Aljustrel,prop_pop_65_mais,28.63,static
0201,Aljustrel,prop_reabilitacao_edificado,0,static
0201,Aljustrel,prop_risco_pobreza,14.12129964,static
0201,Aljustrel,prop_sem_aquecimento,15.71,static
0201,Aljustrel,prop_transporte_coletivo,11.4,static
0201,Aljustrel,prop_vagos_bom_estado,63.12625,static
0201,Aljustrel,racio_vendas_estrangeiros,1,static
0201,Aljustrel,risco_galgamentos_costeiros,0,static
0201,Aljustrel,risco_incendio_rural,22.519,static
0201,Aljustrel,risco_inundacao,0,static
0201,Aljustrel,risco_movimento_massa,0.061,static
0201,Aljustrel,risco_nevao,0,static
0201,Aljustrel,risco_ondas_calor,74.05,static
0201,Aljustrel,risco_ondas_frio,66.667,static
0201,Aljustrel,risco_seca,86.559,static
0201,Aljustrel,risco_sismo,37.508,static
0201,Aljustrel,risco_tsunami,0,static
0201,Aljustrel,taxa_bruta_natalidade,8.3,static
0201,Aljustrel,taxa_crescimento_efetivo,0.01,static
0201,Aljustrel,taxa_desemprego,6.44,static
0201,Aljustrel,taxa_esforco_arrendamento,27.70829673,static
0201,Aljustrel,valor_mediano_vendas_m2,619,static
0202,Almodôvar,acessos_internet_banda_larga,38.05,static
0202,Almodôvar,certificacao_energetica_cf,60.50420168,static
0202,Almodôvar,coeficiente_gini,43.2,static
0202,Almodôvar,consumo_energia_eletrica,1614.6,static
0202,Almodôvar,densidade_populacional,8.6,static
0202,Almodôvar,disparidade_ganho_mensal,5.9,static
0202,Almodôvar,duracao_pendulares,16.42,static
0202,Almodôvar,emissoes_gee_edificios,1.52,static
0202,Almodôvar,emissoes_gee_transportes,28.74,static
0202,Almodôvar,empresas_volume_negocios,98525.32,static
0202,Almodôvar,indice_envelhecimento_edificios,1659,static
0202,Almodôvar,percentagem_poder_compra,0.052,static
0202,Almodôvar,prop_agregados_unipessoais,29.29,static
0202,Almodôvar,prop_alojamentos_arrendados,0.0286,static
0202,Almodôvar,prop_alojamentos_locais,3.43,static
0202,Almodôvar,prop_alojamentos_nao_classicos,0.01,static
0202,Almodôvar,prop_alojamentos_sobrelotados,10.1182197496522,static
0202,Almodôvar,prop_alojamentos_vagos,15.3,static
0202,Almodôvar,prop_ar_condicionado,33.13630042,static
0202,Almodôvar,prop_edificios_fora_urbano,30.3,static
0202,Almodôvar,prop_ensino_secundario,31.89,static
0202,Almodôvar,prop_habitacao_social,0.177085178,static
0202,Almodôvar,prop_mais_20min_escola,60.75,static
0202,Almodôvar,prop_mais_30min_hospital,99,static
0202,Almodôvar,prop_modo_pedonal,31.6,static
0202,Almodôvar,prop_nacionalidade_estrangeira,0.098,static
0202,Almodôvar,prop_necessidade_reparacao,11.08,static
0202,Almodôvar,prop_pop_65_mais,32.63,static
0202,Almodôvar,prop_reabilitacao_edificado,27.3,static
0202,Almodôvar,prop_risco_pobreza,22,static
0202,Almodôvar,prop_sem_aquecimento,16.27,static
0202,Almodôvar,prop_transporte_coletivo,13,static
0202,Almodôvar,prop_vagos_bom_estado,70.91121,static
0202,Almodôvar,racio_vendas_estrangeiros,1,static
0202,Almodôvar,risco_galgamentos_costeiros,0,static
0202,Almodôvar,risco_incendio_rural,41.781,static
0202,Almodôvar,risco_inundacao,0,static
0202,Almodôvar,risco_movimento_massa,3.138,static
0202,Almodôvar,risco_nevao,0,static
0202,Almodôvar,risco_ondas_calor,59.324,static
0202,Almodôvar,risco_ondas_frio,41.107,static
0202,Almodôvar,risco_seca,100,static
0202,Almodôvar,risco_sismo,55.725,static
0202,Almodôvar,risco_tsunami,0,static
0202,Almodôvar,taxa_bruta_natalidade,6,static
0202,Almodôvar,taxa_crescimento_efetivo,-0.63,static
0202,Almodôvar,taxa_desemprego,6.07,static
0202,Almodôvar,taxa_esforco_arrendamento,29.43675246,static
0202,Almodôvar,valor_mediano_vendas_m2,618,static
0203,Alvito,acessos_internet_banda_larga,42.38,static
0203,Alvito,certificacao_energetica_cf,67.9245283,static
0203,Alvito,coeficiente_gini,42.6,static
0203,Alvito,consumo_energia_eletrica,1707.9,static
0203,Alvito,densidade_populacional,8.7,static
0203,Alvito,disparidade_ganho_mensal,13,static
0203,Alvito,duracao_pendulares,17.09,static
0203,Alvito,emissoes_gee_edificios,0.43,static
0203,Alvito,emissoes_gee_transportes,1.94,static
0203,Alvito,empresas_volume_negocios,164703.8,static
0203,Alvito,indice_envelhecimento_edificios,3057.9,static
0203,Alvito,percentagem_poder_compra,0.017,static
0203,Alvito,prop_agregados_unipessoais,27.64,static
0203,Alvito,prop_alojamentos_arrendados,0.1704,static
0203,Alvito,prop_alojamentos_locais,7.48,static
0203,Alvito,prop_alojamentos_nao_classicos,1.01,static
0203,Alvito,prop_alojamentos_sobrelotados,7.89473684210526,static
0203,Alvito,prop_alojamentos_vagos,25.4,static
0203,Alvito,prop_ar_condicionado,25.76754386,static
0203,Alvito,prop_edificios_fora_urbano,20,static
0203,Alvito,prop_ensino_secundario,34.7,static
0203,Alvito,prop_habitacao_social,1.697792869,static
0203,Alvito,prop_mais_20min_escola,100,static
0203,Alvito,prop_mais_30min_hospital,69,static
0203,Alvito,prop_modo_pedonal,31.4,static
0203,Alvito,prop_nacionalidade_estrangeira,0.059,static
0203,Alvito,prop_necessidade_reparacao,22.3,static
0203,Alvito,prop_pop_65_mais,30.04,static
0203,Alvito,prop_reabilitacao_edificado,50,static
0203,Alvito,prop_risco_pobreza,19.35273243,static
0203,Alvito,prop_sem_aquecimento,25,static
0203,Alvito,prop_transporte_coletivo,16.9,static
0203,Alvito,prop_vagos_bom_estado,51.46067,static
0203,Alvito,racio_vendas_estrangeiros,1,static
0203,Alvito,risco_galgamentos_costeiros,0,static
0203,Alvito,risco_incendio_rural,21.986,static
0203,Alvito,risco_inundacao,0,static
0203,Alvito,risco_movimento_massa,0.091,static
0203,Alvito,risco_nevao,0,static
0203,Alvito,risco_ondas_calor,75,static
0203,Alvito,risco_ondas_frio,66.667,static
0203,Alvito,risco_seca,99.479,static
0203,Alvito,risco_sismo,33.995,static
0203,Alvito,risco_tsunami,0,static
0203,Alvito,taxa_bruta_natalidade,9.6,static
0203,Alvito,taxa_crescimento_efetivo,1.05,static
0203,Alvito,taxa_desemprego,7.23,static
0203,Alvito,taxa_esforco_arrendamento,29.24805532,static
0203,Alvito,valor_mediano_vendas_m2,764,static
0204,Barrancos,acessos_internet_banda_larga,33.04,static
0204,Barrancos,certificacao_energetica_cf,86.36363636,static
0204,Barrancos,coeficiente_gini,42.6,static
0204,Barrancos,consumo_energia_eletrica,1310,static
0204,Barrancos,densidade_populacional,8.4,static
0204,Barrancos,disparidade_ganho_mensal,2.9,static
0204,Barrancos,duracao_pendulares,16.59,static
0204,Barrancos,emissoes_gee_edificios,0.2,static
0204,Barrancos,emissoes_gee_transportes,1.42,static
0204,Barrancos,empresas_volume_negocios,160344.2,static
0204,Barrancos,indice_envelhecimento_edificios,2471.4,static
0204,Barrancos,percentagem_poder_compra,0.009,static
0204,Barrancos,prop_agregados_unipessoais,28.05,static
0204,Barrancos,prop_alojamentos_arrendados,0.0189,static
0204,Barrancos,prop_alojamentos_locais,4.22,static
0204,Barrancos,prop_alojamentos_nao_classicos,0,static
0204,Barrancos,prop_alojamentos_sobrelotados,7.34557595993322,static
0204,Barrancos,prop_alojamentos_vagos,11.3,static
0204,Barrancos,prop_ar_condicionado,40.23372287,static
0204,Barrancos,prop_edificios_fora_urbano,9.7,static
0204,Barrancos,prop_ensino_secundario,37.25,static
0204,Barrancos,prop_habitacao_social,0.616808019,static
0204,Barrancos,prop_mais_20min_escola,100,static
0204,Barrancos,prop_mais_30min_hospital,100,static
0204,Barrancos,prop_modo_pedonal,42.1,static
0204,Barrancos,prop_nacionalidade_estrangeira,0.023,static
0204,Barrancos,prop_necessidade_reparacao,4.69,static
0204,Barrancos,prop_pop_65_mais,27.47,static
0204,Barrancos,prop_reabilitacao_edificado,100,static
0204,Barrancos,prop_risco_pobreza,19.35273243,static
0204,Barrancos,prop_sem_aquecimento,17.53,static
0204,Barrancos,prop_transporte_coletivo,6.6,static
0204,Barrancos,prop_vagos_bom_estado,79.86111,static
0204,Barrancos,racio_vendas_estrangeiros,1,static
0204,Barrancos,risco_galgamentos_costeiros,0,static
0204,Barrancos,risco_incendio_rural,36.336,static
0204,Barrancos,risco_inundacao,0,static
0204,Barrancos,risco_movimento_massa,2.835,static
0204,Barrancos,risco_nevao,0,static
0204,Barrancos,risco_ondas_calor,100,static
0204,Barrancos,risco_ondas_frio,33.331,static
0204,Barrancos,risco_seca,100,static
0204,Barrancos,risco_sismo,32.859,static
0204,Barrancos,risco_tsunami,0,static
0204,Barrancos,taxa_bruta_natalidade,6.3,static
0204,Barrancos,taxa_crescimento_efetivo,-1.05,static
0204,Barrancos,taxa_desemprego,9.32,static
0204,Barrancos,taxa_esforco_arrendamento,29.24805532,static
0204,Barrancos,valor_mediano_vendas_m2,688,static
0205,Beja,acessos_internet_banda_larga,45.13,static
0205,Beja,certificacao_energetica_cf,73.07086614,static
0205,Beja,coeficiente_gini,44.9,static
0205,Beja,consumo_energia_eletrica,1410,static
0205,Beja,densidade_populacional,29.6,static
0205,Beja,disparidade_ganho_mensal,4.2,static
0205,Beja,duracao_pendulares,14.65,static
0205,Beja,emissoes_gee_edificios,8.66,static
0205,Beja,emissoes_gee_transportes,34.29,static
0205,Beja,empresas_volume_negocios,305694.2,static
0205,Beja,indice_envelhecimento_edificios,3315.1,static
0205,Beja,percentagem_poder_compra,0.322,static
0205,Beja,prop_agregados_unipessoais,27.69,static
0205,Beja,prop_alojamentos_arrendados,0.0654,static
0205,Beja,prop_alojamentos_locais,2.75,static
0205,Beja,prop_alojamentos_nao_classicos,0.81,static
0205,Beja,prop_alojamentos_sobrelotados,10.4151223128243,static
0205,Beja,prop_alojamentos_vagos,14.9,static
0205,Beja,prop_ar_condicionado,38.96219422,static
0205,Beja,prop_edificios_fora_urbano,10.5,static
0205,Beja,prop_ensino_secundario,47.79,static
0205,Beja,prop_habitacao_social,1.758338639,static
0205,Beja,prop_mais_20min_escola,42.11,static
0205,Beja,prop_mais_30min_hospital,0,static
0205,Beja,prop_modo_pedonal,24.9,static
0205,Beja,prop_nacionalidade_estrangeira,0.202,static
0205,Beja,prop_necessidade_reparacao,12.54,static
0205,Beja,prop_pop_65_mais,23.54,static
0205,Beja,prop_reabilitacao_edificado,6.7,static
0205,Beja,prop_risco_pobreza,16.94277286,static
0205,Beja,prop_sem_aquecimento,15.92,static
0205,Beja,prop_transporte_coletivo,8.4,static
0205,Beja,prop_vagos_bom_estado,70.69597,static
0205,Beja,racio_vendas_estrangeiros,1,static
0205,Beja,risco_galgamentos_costeiros,0,static
0205,Beja,risco_incendio_rural,22.315,static
0205,Beja,risco_inundacao,0,static
0205,Beja,risco_movimento_massa,0.181,static
0205,Beja,risco_nevao,0,static
0205,Beja,risco_ondas_calor,75.071,static
0205,Beja,risco_ondas_frio,57.072,static
0205,Beja,risco_seca,100,static
0205,Beja,risco_sismo,34.727,static
0205,Beja,risco_tsunami,0,static
0205,Beja,taxa_bruta_natalidade,8.9,static
0205,Beja,taxa_crescimento_efetivo,0.34,static
0205,Beja,taxa_desemprego,5.83,static
0205,Beja,taxa_esforco_arrendamento,33.04315097,static
0205,Beja,valor_mediano_vendas_m2,935,static
0206,Castro Verde,acessos_internet_banda_larga,40.66,static
0206,Castro Verde,certificacao_energetica_cf,63.71681416,static
0206,Castro Verde,coeficiente_gini,42.1,static
0206,Castro Verde,consumo_energia_eletrica,1490.1,static
0206,Castro Verde,densidade_populacional,12.2,static
0206,Castro Verde,disparidade_ganho_mensal,19.9,static
0206,Castro Verde,duracao_pendulares,15.72,static
0206,Castro Verde,emissoes_gee_edificios,2.2,static
0206,Castro Verde,emissoes_gee_transportes,18.11,static
0206,Castro Verde,empresas_volume_negocios,574937,static
0206,Castro Verde,indice_envelhecimento_edificios,1047.4,static
0206,Castro Verde,percentagem_poder_compra,0.069,static
0206,Castro Verde,prop_agregados_unipessoais,26.73,static
0206,Castro Verde,prop_alojamentos_arrendados,0.0822,static
0206,Castro Verde,prop_alojamentos_locais,2.8,static
0206,Castro Verde,prop_alojamentos_nao_classicos,0.25,static
0206,Castro Verde,prop_alojamentos_sobrelotados,8.11001410437235,static
0206,Castro Verde,prop_alojamentos_vagos,17.6,static
0206,Castro Verde,prop_ar_condicionado,36.56558533,static
0206,Castro Verde,prop_edificios_fora_urbano,8,static
0206,Castro Verde,prop_ensino_secundario,39.48,static
0206,Castro Verde,prop_habitacao_social,0.99938813,static
0206,Castro Verde,prop_mais_20min_escola,39.79,static
0206,Castro Verde,prop_mais_30min_hospital,91,static
0206,Castro Verde,prop_modo_pedonal,29.3,static
0206,Castro Verde,prop_nacionalidade_estrangeira,0.062,static
0206,Castro Verde,prop_necessidade_reparacao,8.08,static
0206,Castro Verde,prop_pop_65_mais,26.98,static
0206,Castro Verde,prop_reabilitacao_edificado,4.8,static
0206,Castro Verde,prop_risco_pobreza,13.21020521,static
0206,Castro Verde,prop_sem_aquecimento,17.24,static
0206,Castro Verde,prop_transporte_coletivo,11.3,static
0206,Castro Verde,prop_vagos_bom_estado,71.59488,static
0206,Castro Verde,racio_vendas_estrangeiros,1,static
0206,Castro Verde,risco_galgamentos_costeiros,0,static
0206,Castro Verde,risco_incendio_rural,24.675,static
0206,Castro Verde,risco_inundacao,0,static
0206,Castro Verde,risco_movimento_massa,0.038,static
0206,Castro Verde,risco_nevao,0,static
0206,Castro Verde,risco_ondas_calor,75,static
0206,Castro Verde,risco_ondas_frio,59.93,static
0206,Castro Verde,risco_seca,100,static
0206,Castro Verde,risco_sismo,33.663,static
0206,Castro Verde,risco_tsunami,0,static
0206,Castro Verde,taxa_bruta_natalidade,7.9,static
0206,Castro Verde,taxa_crescimento_efetivo,-0.27,static
0206,Castro Verde,taxa_desemprego,6.03,static
0206,Castro Verde,taxa_esforco_arrendamento,25.35657686,static
0206,Castro Verde,valor_mediano_vendas_m2,819,static
0207,Cuba,acessos_internet_banda_larga,42.3,static
0207,Cuba,certificacao_energetica_cf,81.96721311,static
0207,Cuba,coeficiente_gini,43.1,static
0207,Cuba,consumo_energia_eletrica,1473.3,static
0207,Cuba,densidade_populacional,26,static
0207,Cuba,disparidade_ganho_mensal,4.4,static
0207,Cuba,duracao_pendulares,16.42,static
0207,Cuba,emissoes_gee_edificios,0.9,static
0207,Cuba,emissoes_gee_transportes,3.79,static
0207,Cuba,empresas_volume_negocios,103164.5,static
0207,Cuba,indice_envelhecimento_edificios,2368.4,static
0207,Cuba,percentagem_poder_compra,0.032,static
0207,Cuba,prop_agregados_unipessoais,25.39,static
0207,Cuba,prop_alojamentos_arrendados,0.1781,static
0207,Cuba,prop_alojamentos_locais,6.35,static
0207,Cuba,prop_alojamentos_nao_classicos,0.62,static
0207,Cuba,prop_alojamentos_sobrelotados,8.29924021040327,static
0207,Cuba,prop_alojamentos_vagos,19.3,static
0207,Cuba,prop_ar_condicionado,30.62536528,static
0207,Cuba,prop_edificios_fora_urbano,9.3,static
0207,Cuba,prop_ensino_secundario,37.68,static
0207,Cuba,prop_habitacao_social,2.009377093,static
0207,Cuba,prop_mais_20min_escola,100,static
0207,Cuba,prop_mais_30min_hospital,3,static
0207,Cuba,prop_modo_pedonal,24,static
0207,Cuba,prop_nacionalidade_estrangeira,0.096,static
0207,Cuba,prop_necessidade_reparacao,7.65,static
0207,Cuba,prop_pop_65_mais,26.71,static
0207,Cuba,prop_reabilitacao_edificado,16,static
0207,Cuba,prop_risco_pobreza,19.28484848,static
0207,Cuba,prop_sem_aquecimento,17.3,static
0207,Cuba,prop_transporte_coletivo,12,static
0207,Cuba,prop_vagos_bom_estado,76.35727,static
0207,Cuba,racio_vendas_estrangeiros,1,static
0207,Cuba,risco_galgamentos_costeiros,0,static
0207,Cuba,risco_incendio_rural,23.21,static
0207,Cuba,risco_inundacao,0,static
0207,Cuba,risco_movimento_massa,0.035,static
0207,Cuba,risco_nevao,0,static
0207,Cuba,risco_ondas_calor,75,static
0207,Cuba,risco_ondas_frio,66.667,static
0207,Cuba,risco_seca,100,static
0207,Cuba,risco_sismo,34.476,static
0207,Cuba,risco_tsunami,0,static
0207,Cuba,taxa_bruta_natalidade,8.3,static
0207,Cuba,taxa_crescimento_efetivo,-0.04,static
0207,Cuba,taxa_desemprego,6.75,static
0207,Cuba,taxa_esforco_arrendamento,29.5718031,static
0207,Cuba,valor_mediano_vendas_m2,643,static
0208,Ferreira do Alentejo,acessos_internet_banda_larga,39.51,static
0208,Ferreira do Alentejo,certificacao_energetica_cf,89.18918919,static
0208,Ferreira do Alentejo,coeficiente_gini,41.7,static
0208,Ferreira do Alentejo,consumo_energia_eletrica,1448.6,static
0208,Ferreira do Alentejo,densidade_populacional,12.2,static
0208,Ferreira do Alentejo,disparidade_ganho_mensal,5,static
0208,Ferreira do Alentejo,duracao_pendulares,17.05,static
0208,Ferreira do Alentejo,emissoes_gee_edificios,2.08,static
0208,Ferreira do Alentejo,emissoes_gee_transportes,23.87,static
0208,Ferreira do Alentejo,empresas_volume_negocios,390708.5,static
0208,Ferreira do Alentejo,indice_envelhecimento_edificios,2388.2,static
0208,Ferreira do Alentejo,percentagem_poder_compra,0.057,static
0208,Ferreira do Alentejo,prop_agregados_unipessoais,28.99,static
0208,Ferreira do Alentejo,prop_alojamentos_arrendados,0.0082,static
0208,Ferreira do Alentejo,prop_alojamentos_locais,5.53,static
0208,Ferreira do Alentejo,prop_alojamentos_nao_classicos,0.01,static
0208,Ferreira do Alentejo,prop_alojamentos_sobrelotados,10.2498398462524,static
0208,Ferreira do Alentejo,prop_alojamentos_vagos,21.2,static
0208,Ferreira do Alentejo,prop_ar_condicionado,37.12363869,static
0208,Ferreira do Alentejo,prop_edificios_fora_urbano,14.7,static
0208,Ferreira do Alentejo,prop_ensino_secundario,32.35,static
0208,Ferreira do Alentejo,prop_habitacao_social,0,static
0208,Ferreira do Alentejo,prop_mais_20min_escola,56.51,static
0208,Ferreira do Alentejo,prop_mais_30min_hospital,11,static
0208,Ferreira do Alentejo,prop_modo_pedonal,26.8,static
0208,Ferreira do Alentejo,prop_nacionalidade_estrangeira,0.299,static
0208,Ferreira do Alentejo,prop_necessidade_reparacao,6.48,static
0208,Ferreira do Alentejo,prop_pop_65_mais,29.13,static
0208,Ferreira do Alentejo,prop_reabilitacao_edificado,0,static
0208,Ferreira do Alentejo,prop_risco_pobreza,23.70934256,static
0208,Ferreira do Alentejo,prop_sem_aquecimento,16.69,static
0208,Ferreira do Alentejo,prop_transporte_coletivo,17.2,static
0208,Ferreira do Alentejo,prop_vagos_bom_estado,78.72531,static
0208,Ferreira do Alentejo,racio_vendas_estrangeiros,1,static
0208,Ferreira do Alentejo,risco_galgamentos_costeiros,0,static
0208,Ferreira do Alentejo,risco_incendio_rural,21.211,static
0208,Ferreira do Alentejo,risco_inundacao,0,static
0208,Ferreira do Alentejo,risco_movimento_massa,0.056,static
0208,Ferreira do Alentejo,risco_nevao,0,static
0208,Ferreira do Alentejo,risco_ondas_calor,72.129,static
0208,Ferreira do Alentejo,risco_ondas_frio,66.667,static
0208,Ferreira do Alentejo,risco_seca,79.33,static
0208,Ferreira do Alentejo,risco_sismo,43.1,static
0208,Ferreira do Alentejo,risco_tsunami,0.257,static
0208,Ferreira do Alentejo,taxa_bruta_natalidade,7.5,static
0208,Ferreira do Alentejo,taxa_crescimento_efetivo,-0.13,static
0208,Ferreira do Alentejo,taxa_desemprego,7.53,static
0208,Ferreira do Alentejo,taxa_esforco_arrendamento,29.06763036,static
0208,Ferreira do Alentejo,valor_mediano_vendas_m2,539,static
0209,Mértola,acessos_internet_banda_larga,40.51,static
0209,Mértola,certificacao_energetica_cf,78.84615385,static
0209,Mértola,coeficiente_gini,37.3,static
0209,Mértola,consumo_energia_eletrica,1688,static
0209,Mértola,densidade_populacional,4.7,static
0209,Mértola,disparidade_ganho_mensal,1,static
0209,Mértola,duracao_pendulares,16.68,static
0209,Mértola,emissoes_gee_edificios,1.74,static
0209,Mértola,emissoes_gee_transportes,5.65,static
0209,Mértola,empresas_volume_negocios,90521.22,static
0209,Mértola,indice_envelhecimento_edificios,1727.6,static
0209,Mértola,percentagem_poder_compra,0.041,static
0209,Mértola,prop_agregados_unipessoais,33.97,static
0209,Mértola,prop_alojamentos_arrendados,0.0837,static
0209,Mértola,prop_alojamentos_locais,4.21,static
0209,Mértola,prop_alojamentos_nao_classicos,0.05,static
0209,Mértola,prop_alojamentos_sobrelotados,11.5157821713492,static
0209,Mértola,prop_alojamentos_vagos,21.6,static
0209,Mértola,prop_ar_condicionado,34.40860215,static
0209,Mértola,prop_edificios_fora_urbano,52.1,static
0209,Mértola,prop_ensino_secundario,29.02,static
0209,Mértola,prop_habitacao_social,0.539052644,static
0209,Mértola,prop_mais_20min_escola,79.24,static
0209,Mértola,prop_mais_30min_hospital,88,static
0209,Mértola,prop_modo_pedonal,25.1,static
0209,Mértola,prop_nacionalidade_estrangeira,0.052,static
0209,Mértola,prop_necessidade_reparacao,11.13,static
0209,Mértola,prop_pop_65_mais,36.8,static
0209,Mértola,prop_reabilitacao_edificado,36.4,static
0209,Mértola,prop_risco_pobreza,22.6221374,static
0209,Mértola,prop_sem_aquecimento,19.7,static
0209,Mértola,prop_transporte_coletivo,13,static
0209,Mértola,prop_vagos_bom_estado,67.16578,static
0209,Mértola,racio_vendas_estrangeiros,1,static
0209,Mértola,risco_galgamentos_costeiros,0,static
0209,Mértola,risco_incendio_rural,31.123,static
0209,Mértola,risco_inundacao,0,static
0209,Mértola,risco_movimento_massa,1.09,static
0209,Mértola,risco_nevao,0,static
0209,Mértola,risco_ondas_calor,57.993,static
0209,Mértola,risco_ondas_frio,33.848,static
0209,Mértola,risco_seca,100,static
0209,Mértola,risco_sismo,33.259,static
0209,Mértola,risco_tsunami,0.2,static
0209,Mértola,taxa_bruta_natalidade,4.4,static
0209,Mértola,taxa_crescimento_efetivo,-1.16,static
0209,Mértola,taxa_desemprego,6.67,static
0209,Mértola,taxa_esforco_arrendamento,31.83692669,static
0209,Mértola,valor_mediano_vendas_m2,500,static
0210,Moura,acessos_internet_banda_larga,38.08,static
0210,Moura,certificacao_energetica_cf,87.06896552,static
0210,Moura,coeficiente_gini,40,static
0210,Moura,consumo_energia_eletrica,1583.9,static
0210,Moura,densidade_populacional,13.9,static
0210,Moura,disparidade_ganho_mensal,3.2,static
0210,Moura,duracao_pendulares,15.15,static
0210,Moura,emissoes_gee_edificios,2.72,static
0210,Moura,emissoes_gee_transportes,11.78,static
0210,Moura,empresas_volume_negocios,164195.6,static
0210,Moura,indice_envelhecimento_edificios,3086.4,static
0210,Moura,percentagem_poder_compra,0.096,static
0210,Moura,prop_agregados_unipessoais,27.29,static
0210,Moura,prop_alojamentos_arrendados,0.0445,static
0210,Moura,prop_alojamentos_locais,1.66,static
0210,Moura,prop_alojamentos_nao_classicos,2.01,static
0210,Moura,prop_alojamentos_sobrelotados,12.2010920730559,static
0210,Moura,prop_alojamentos_vagos,14.4,static
0210,Moura,prop_ar_condicionado,49.72698174,static
0210,Moura,prop_edificios_fora_urbano,11.7,static
0210,Moura,prop_ensino_secundario,32.78,static
0210,Moura,prop_habitacao_social,0.45045045,static
0210,Moura,prop_mais_20min_escola,51.19,static
0210,Moura,prop_mais_30min_hospital,40,static
0210,Moura,prop_modo_pedonal,35,static
0210,Moura,prop_nacionalidade_estrangeira,0.034,static
0210,Moura,prop_necessidade_reparacao,11.92,static
0210,Moura,prop_pop_65_mais,26.23,static
0210,Moura,prop_reabilitacao_edificado,57.1,static
0210,Moura,prop_risco_pobreza,23.361426260000002,static
0210,Moura,prop_sem_aquecimento,12.75,static
0210,Moura,prop_transporte_coletivo,7.9,static
0210,Moura,prop_vagos_bom_estado,67.27029,static
0210,Moura,racio_vendas_estrangeiros,1,static
0210,Moura,risco_galgamentos_costeiros,0,static
0210,Moura,risco_incendio_rural,28.424,static
0210,Moura,risco_inundacao,0,static
0210,Moura,risco_movimento_massa,1.099,static
0210,Moura,risco_nevao,0,static
0210,Moura,risco_ondas_calor,100,static
0210,Moura,risco_ondas_frio,33.333,static
0210,Moura,risco_seca,100,static
0210,Moura,risco_sismo,37.101,static
0210,Moura,risco_tsunami,0,static
0210,Moura,taxa_bruta_natalidade,8.9,static
0210,Moura,taxa_crescimento_efetivo,0.08,static
0210,Moura,taxa_desemprego,16.51,static
0210,Moura,taxa_esforco_arrendamento,27.01039501,static
0210,Moura,valor_mediano_vendas_m2,535,static
0211,Odemira,acessos_internet_banda_larga,33.77,static
0211,Odemira,certificacao_energetica_cf,61.00746269,static
0211,Odemira,coeficiente_gini,43.3,static
0211,Odemira,consumo_energia_eletrica,1216,static
0211,Odemira,densidade_populacional,19.7,static
0211,Odemira,disparidade_ganho_mensal,1.3,static
0211,Odemira,duracao_pendulares,17.32,static
0211,Odemira,emissoes_gee_edificios,7.21,static
0211,Odemira,emissoes_gee_transportes,20.24,static
0211,Odemira,empresas_volume_negocios,197538,static
0211,Odemira,indice_envelhecimento_edificios,1005,static
0211,Odemira,percentagem_poder_compra,0.241,static
0211,Odemira,prop_agregados_unipessoais,29.22,static
0211,Odemira,prop_alojamentos_arrendados,0.0209,static
0211,Odemira,prop_alojamentos_locais,23.07,static
0211,Odemira,prop_alojamentos_nao_classicos,1.43,static
0211,Odemira,prop_alojamentos_sobrelotados,20.4809583407831,static
0211,Odemira,prop_alojamentos_vagos,17.9,static
0211,Odemira,prop_ar_condicionado,6.052208117,static
0211,Odemira,prop_edificios_fora_urbano,54.8,static
0211,Odemira,prop_ensino_secundario,37.55,static
0211,Odemira,prop_habitacao_social,0.067805804,static
0211,Odemira,prop_mais_20min_escola,85.06,static
0211,Odemira,prop_mais_30min_hospital,99,static
0211,Odemira,prop_modo_pedonal,22.9,static
0211,Odemira,prop_nacionalidade_estrangeira,0.687,static
0211,Odemira,prop_necessidade_reparacao,13.53,static
0211,Odemira,prop_pop_65_mais,22.65,static
0211,Odemira,prop_reabilitacao_edificado,33.3,static
0211,Odemira,prop_risco_pobreza,33.04366812,static
0211,Odemira,prop_sem_aquecimento,34.64,static
0211,Odemira,prop_transporte_coletivo,20.3,static
0211,Odemira,prop_vagos_bom_estado,60.96392,static
0211,Odemira,racio_vendas_estrangeiros,1.141099855,static
0211,Odemira,risco_galgamentos_costeiros,0.504,static
0211,Odemira,risco_incendio_rural,38.36,static
0211,Odemira,risco_inundacao,0,static
0211,Odemira,risco_movimento_massa,4.341,static
0211,Odemira,risco_nevao,0,static
0211,Odemira,risco_ondas_calor,43.984,static
0211,Odemira,risco_ondas_frio,53.247,static
0211,Odemira,risco_seca,76.333,static
0211,Odemira,risco_sismo,58.037,static
0211,Odemira,risco_tsunami,1.44,static
0211,Odemira,taxa_bruta_natalidade,9,static
0211,Odemira,taxa_crescimento_efetivo,2.22,static
0211,Odemira,taxa_desemprego,5.11,static
0211,Odemira,taxa_esforco_arrendamento,44.86490872,static
0211,Odemira,valor_mediano_vendas_m2,1379,static
0212,Ourique,acessos_internet_banda_larga,40.09,static
0212,Ourique,certificacao_energetica_cf,69.23076923,static
0212,Ourique,coeficiente_gini,40.9,static
0212,Ourique,consumo_energia_eletrica,1629.1,static
0212,Ourique,densidade_populacional,7.2,static
0212,Ourique,disparidade_ganho_mensal,2.8,static
0212,Ourique,duracao_pendulares,15.96,static
0212,Ourique,emissoes_gee_edificios,1.28,static
0212,Ourique,emissoes_gee_transportes,20.9,static
0212,Ourique,empresas_volume_negocios,127872.8,static
0212,Ourique,indice_envelhecimento_edificios,2658,static
0212,Ourique,percentagem_poder_compra,0.036,static
0212,Ourique,prop_agregados_unipessoais,32.89,static
0212,Ourique,prop_alojamentos_arrendados,0.0833,static
0212,Ourique,prop_alojamentos_locais,1.82,static
0212,Ourique,prop_alojamentos_nao_classicos,0,static
0212,Ourique,prop_alojamentos_sobrelotados,9.53477660064486,static
0212,Ourique,prop_alojamentos_vagos,9.6,static
0212,Ourique,prop_ar_condicionado,22.1096269,static
0212,Ourique,prop_edificios_fora_urbano,36.4,static
0212,Ourique,prop_ensino_secundario,31.62,static
0212,Ourique,prop_habitacao_social,0.966628308,static
0212,Ourique,prop_mais_20min_escola,67.62,static
0212,Ourique,prop_mais_30min_hospital,100,static
0212,Ourique,prop_modo_pedonal,27.3,static
0212,Ourique,prop_nacionalidade_estrangeira,0.125,static
0212,Ourique,prop_necessidade_reparacao,10.54,static
0212,Ourique,prop_pop_65_mais,34.41,static
0212,Ourique,prop_reabilitacao_edificado,33.3,static
0212,Ourique,prop_risco_pobreza,19.83877996,static
0212,Ourique,prop_sem_aquecimento,21.65,static
0212,Ourique,prop_transporte_coletivo,11.3,static
0212,Ourique,prop_vagos_bom_estado,60.97561,static
0212,Ourique,racio_vendas_estrangeiros,1,static
0212,Ourique,risco_galgamentos_costeiros,0,static
0212,Ourique,risco_incendio_rural,31.485,static
0212,Ourique,risco_inundacao,0,static
0212,Ourique,risco_movimento_massa,1.883,static
0212,Ourique,risco_nevao,0,static
0212,Ourique,risco_ondas_calor,62.471,static
0212,Ourique,risco_ondas_frio,65.859,static
0212,Ourique,risco_seca,92.671,static
0212,Ourique,risco_sismo,36.538,static
0212,Ourique,risco_tsunami,0,static
0212,Ourique,taxa_bruta_natalidade,5.6,static
0212,Ourique,taxa_crescimento_efetivo,-0.92,static
0212,Ourique,taxa_desemprego,7.13,static
0212,Ourique,taxa_esforco_arrendamento,30.71244896,static
0212,Ourique,valor_mediano_vendas_m2,601,static
0213,Serpa,acessos_internet_banda_larga,36.78,static
0213,Serpa,certificacao_energetica_cf,77.36842105,static
0213,Serpa,coeficiente_gini,40.6,static
0213,Serpa,consumo_energia_eletrica,1511,static
0213,Serpa,densidade_populacional,12.4,static
0213,Serpa,disparidade_ganho_mensal,4.2,static
0213,Serpa,duracao_pendulares,16.39,static
0213,Serpa,emissoes_gee_edificios,2.98,static
0213,Serpa,emissoes_gee_transportes,12.13,static
0213,Serpa,empresas_volume_negocios,169492.4,static
0213,Serpa,indice_envelhecimento_edificios,2473.3,static
0213,Serpa,percentagem_poder_compra,0.098,static
0213,Serpa,prop_agregados_unipessoais,26.69,static
0213,Serpa,prop_alojamentos_arrendados,0.0141,static
0213,Serpa,prop_alojamentos_locais,2.28,static
0213,Serpa,prop_alojamentos_nao_classicos,0.27,static
0213,Serpa,prop_alojamentos_sobrelotados,10.4232804232804,static
0213,Serpa,prop_alojamentos_vagos,13.1,static
0213,Serpa,prop_ar_condicionado,38.48324515,static
0213,Serpa,prop_edificios_fora_urbano,18.1,static
0213,Serpa,prop_ensino_secundario,33.07,static
0213,Serpa,prop_habitacao_social,0,static
0213,Serpa,prop_mais_20min_escola,67.57,static
0213,Serpa,prop_mais_30min_hospital,1,static
0213,Serpa,prop_modo_pedonal,29.7,static
0213,Serpa,prop_nacionalidade_estrangeira,0.097,static
0213,Serpa,prop_necessidade_reparacao,8.67,static
0213,Serpa,prop_pop_65_mais,28.28,static
0213,Serpa,prop_reabilitacao_edificado,36.7,static
0213,Serpa,prop_risco_pobreza,23.89001692,static
0213,Serpa,prop_sem_aquecimento,18.31,static
0213,Serpa,prop_transporte_coletivo,10.3,static
0213,Serpa,prop_vagos_bom_estado,76.95113,static
0213,Serpa,racio_vendas_estrangeiros,1,static
0213,Serpa,risco_galgamentos_costeiros,0,static
0213,Serpa,risco_incendio_rural,25.318,static
0213,Serpa,risco_inundacao,0,static
0213,Serpa,risco_movimento_massa,0.441,static
0213,Serpa,risco_nevao,0,static
0213,Serpa,risco_ondas_calor,82.107,static
0213,Serpa,risco_ondas_frio,33.333,static
0213,Serpa,risco_seca,100,static
0213,Serpa,risco_sismo,34.187,static
0213,Serpa,risco_tsunami,0,static
0213,Serpa,taxa_bruta_natalidade,6.6,static
0213,Serpa,taxa_crescimento_efetivo,-0.42,static
0213,Serpa,taxa_desemprego,10.83,static
0213,Serpa,taxa_esforco_arrendamento,32.03786982,static
0213,Serpa,valor_mediano_vendas_m2,677,static
0214,Vidigueira,acessos_internet_banda_larga,43.18,static
0214,Vidigueira,certificacao_energetica_cf,80,static
0214,Vidigueira,coeficiente_gini,39.4,static
0214,Vidigueira,consumo_energia_eletrica,1603.3,static
0214,Vidigueira,densidade_populacional,16.6,static
0214,Vidigueira,disparidade_ganho_mensal,8.7,static
0214,Vidigueira,duracao_pendulares,16.65,static
0214,Vidigueira,emissoes_gee_edificios,0.93,static
0214,Vidigueira,emissoes_gee_transportes,4.61,static
0214,Vidigueira,empresas_volume_negocios,127506.9,static
0214,Vidigueira,indice_envelhecimento_edificios,4265.1,static
0214,Vidigueira,percentagem_poder_compra,0.038,static
0214,Vidigueira,prop_agregados_unipessoais,28.22,static
0214,Vidigueira,prop_alojamentos_arrendados,0.0703,static
0214,Vidigueira,prop_alojamentos_locais,0,static
0214,Vidigueira,prop_alojamentos_nao_classicos,1.97,static
0214,Vidigueira,prop_alojamentos_sobrelotados,7.78414517669532,static
0214,Vidigueira,prop_alojamentos_vagos,19.1,static
0214,Vidigueira,prop_ar_condicionado,35.81661891,static
0214,Vidigueira,prop_edificios_fora_urbano,14,static
0214,Vidigueira,prop_ensino_secundario,35.13,static
0214,Vidigueira,prop_habitacao_social,0,static
0214,Vidigueira,prop_mais_20min_escola,100,static
0214,Vidigueira,prop_mais_30min_hospital,0,static
0214,Vidigueira,prop_modo_pedonal,22.5,static
0214,Vidigueira,prop_nacionalidade_estrangeira,0.077,static
0214,Vidigueira,prop_necessidade_reparacao,15.14,static
0214,Vidigueira,prop_pop_65_mais,27.9,static
0214,Vidigueira,prop_reabilitacao_edificado,55.6,static
0214,Vidigueira,prop_risco_pobreza,19.52957172,static
0214,Vidigueira,prop_sem_aquecimento,24.07,static
0214,Vidigueira,prop_transporte_coletivo,12.6,static
0214,Vidigueira,prop_vagos_bom_estado,66.34877,static
0214,Vidigueira,racio_vendas_estrangeiros,1,static
0214,Vidigueira,risco_galgamentos_costeiros,0,static
0214,Vidigueira,risco_incendio_rural,30.312,static
0214,Vidigueira,risco_inundacao,0,static
0214,Vidigueira,risco_movimento_massa,2.403,static
0214,Vidigueira,risco_nevao,0,static
0214,Vidigueira,risco_ondas_calor,83.656,static
0214,Vidigueira,risco_ondas_frio,52.82,static
0214,Vidigueira,risco_seca,100,static
0214,Vidigueira,risco_sismo,40.245,static
0214,Vidigueira,risco_tsunami,0,static
0214,Vidigueira,taxa_bruta_natalidade,5.9,static
0214,Vidigueira,taxa_crescimento_efetivo,0.61,static
0214,Vidigueira,taxa_desemprego,8.35,static
0214,Vidigueira,taxa_esforco_arrendamento,30.0310605,static
0214,Vidigueira,valor_mediano_vendas_m2,576,static
0301,Amares,acessos_internet_banda_larga,35.86,static
0301,Amares,certificacao_energetica_cf,36.72055427,static
0301,Amares,coeficiente_gini,39.7,static
0301,Amares,consumo_energia_eletrica,1344.2,static
0301,Amares,densidade_populacional,241.4,static
0301,Amares,disparidade_ganho_mensal,7.5,static
0301,Amares,duracao_pendulares,19.19,static
0301,Amares,emissoes_gee_edificios,3.99,static
0301,Amares,emissoes_gee_transportes,21.07,static
0301,Amares,empresas_volume_negocios,336649.9,static
0301,Amares,indice_envelhecimento_edificios,272.9,static
0301,Amares,percentagem_poder_compra,0.138,static
0301,Amares,prop_agregados_unipessoais,16.32,static
0301,Amares,prop_alojamentos_arrendados,0.111,static
0301,Amares,prop_alojamentos_locais,7.88,static
0301,Amares,prop_alojamentos_nao_classicos,0.03,static
0301,Amares,prop_alojamentos_sobrelotados,10.0167453189222,static
0301,Amares,prop_alojamentos_vagos,8.9,static
0301,Amares,prop_ar_condicionado,21.3274471,static
0301,Amares,prop_edificios_fora_urbano,12.3,static
0301,Amares,prop_ensino_secundario,39.29,static
0301,Amares,prop_habitacao_social,0,static
0301,Amares,prop_mais_20min_escola,75.57,static
0301,Amares,prop_mais_30min_hospital,2,static
0301,Amares,prop_modo_pedonal,12,static
0301,Amares,prop_nacionalidade_estrangeira,0.055,static
0301,Amares,prop_necessidade_reparacao,10.9,static
0301,Amares,prop_pop_65_mais,21.5,static
0301,Amares,prop_reabilitacao_edificado,20,static
0301,Amares,prop_risco_pobreza,24.13523132,static
0301,Amares,prop_sem_aquecimento,18.95,static
0301,Amares,prop_transporte_coletivo,15,static
0301,Amares,prop_vagos_bom_estado,62.27876,static
0301,Amares,racio_vendas_estrangeiros,1,static
0301,Amares,risco_galgamentos_costeiros,0,static
0301,Amares,risco_incendio_rural,49.423,static
0301,Amares,risco_inundacao,0,static
0301,Amares,risco_movimento_massa,28.051,static
0301,Amares,risco_nevao,2.973,static
0301,Amares,risco_ondas_calor,75,static
0301,Amares,risco_ondas_frio,100,static
0301,Amares,risco_seca,33.333,static
0301,Amares,risco_sismo,33.94,static
0301,Amares,risco_tsunami,0,static
0301,Amares,taxa_bruta_natalidade,6.5,static
0301,Amares,taxa_crescimento_efetivo,1.04,static
0301,Amares,taxa_desemprego,6.72,static
0301,Amares,taxa_esforco_arrendamento,26.14153846,static
0301,Amares,valor_mediano_vendas_m2,1118,static
0302,Barcelos,acessos_internet_banda_larga,35.92,static
0302,Barcelos,certificacao_energetica_cf,25.6512301,static
0302,Barcelos,coeficiente_gini,39.5,static
0302,Barcelos,consumo_energia_eletrica,1360.9,static
0302,Barcelos,densidade_populacional,308.7,static
0302,Barcelos,disparidade_ganho_mensal,6,static
0302,Barcelos,duracao_pendulares,16.51,static
0302,Barcelos,emissoes_gee_edificios,28.62,static
0302,Barcelos,emissoes_gee_transportes,172.71,static
0302,Barcelos,empresas_volume_negocios,319900.9,static
0302,Barcelos,indice_envelhecimento_edificios,300.5,static
0302,Barcelos,percentagem_poder_compra,0.903,static
0302,Barcelos,prop_agregados_unipessoais,15.24,static
0302,Barcelos,prop_alojamentos_arrendados,0.0989,static
0302,Barcelos,prop_alojamentos_locais,1.59,static
0302,Barcelos,prop_alojamentos_nao_classicos,0.08,static
0302,Barcelos,prop_alojamentos_sobrelotados,12.2759410476,static
0302,Barcelos,prop_alojamentos_vagos,8.5,static
0302,Barcelos,prop_ar_condicionado,16.48078072,static
0302,Barcelos,prop_edificios_fora_urbano,5.3,static
0302,Barcelos,prop_ensino_secundario,36.37,static
0302,Barcelos,prop_habitacao_social,0.371623726,static
0302,Barcelos,prop_mais_20min_escola,75.06,static
0302,Barcelos,prop_mais_30min_hospital,0,static
0302,Barcelos,prop_modo_pedonal,13.2,static
0302,Barcelos,prop_nacionalidade_estrangeira,0.054,static
0302,Barcelos,prop_necessidade_reparacao,11.73,static
0302,Barcelos,prop_pop_65_mais,19.71,static
0302,Barcelos,prop_reabilitacao_edificado,4.8,static
0302,Barcelos,prop_risco_pobreza,20.74422735,static
0302,Barcelos,prop_sem_aquecimento,31.29,static
0302,Barcelos,prop_transporte_coletivo,13.3,static
0302,Barcelos,prop_vagos_bom_estado,61.67537,static
0302,Barcelos,racio_vendas_estrangeiros,1,static
0302,Barcelos,risco_galgamentos_costeiros,0.003,static
0302,Barcelos,risco_incendio_rural,38.072,static
0302,Barcelos,risco_inundacao,0,static
0302,Barcelos,risco_movimento_massa,7.798,static
0302,Barcelos,risco_nevao,0,static
0302,Barcelos,risco_ondas_calor,47.758,static
0302,Barcelos,risco_ondas_frio,100,static
0302,Barcelos,risco_seca,33.333,static
0302,Barcelos,risco_sismo,34.278,static
0302,Barcelos,risco_tsunami,0.124,static
0302,Barcelos,taxa_bruta_natalidade,7.4,static
0302,Barcelos,taxa_crescimento_efetivo,-0.04,static
0302,Barcelos,taxa_desemprego,5.31,static
0302,Barcelos,taxa_esforco_arrendamento,30.31578947,static
0302,Barcelos,valor_mediano_vendas_m2,1347,static
0303,Braga,acessos_internet_banda_larga,41.65,static
0303,Braga,certificacao_energetica_cf,43.49963136,static
0303,Braga,coeficiente_gini,45.6,static
0303,Braga,consumo_energia_eletrica,1233.3,static
0303,Braga,densidade_populacional,1109.7,static
0303,Braga,disparidade_ganho_mensal,8.1,static
0303,Braga,duracao_pendulares,17.6,static
0303,Braga,emissoes_gee_edificios,65.33,static
0303,Braga,emissoes_gee_transportes,290.78,static
0303,Braga,empresas_volume_negocios,367211.5,static
0303,Braga,indice_envelhecimento_edificios,255,static
0303,Braga,percentagem_poder_compra,1.999,static
0303,Braga,prop_agregados_unipessoais,19.52,static
0303,Braga,prop_alojamentos_arrendados,0.0615,static
0303,Braga,prop_alojamentos_locais,4.08,static
0303,Braga,prop_alojamentos_nao_classicos,0.01,static
0303,Braga,prop_alojamentos_sobrelotados,11.4460760478459,static
0303,Braga,prop_alojamentos_vagos,8.8,static
0303,Braga,prop_ar_condicionado,24.20499854,static
0303,Braga,prop_edificios_fora_urbano,2.8,static
0303,Braga,prop_ensino_secundario,53.91,static
0303,Braga,prop_habitacao_social,0.77202915,static
0303,Braga,prop_mais_20min_escola,43.14,static
0303,Braga,prop_mais_30min_hospital,0,static
0303,Braga,prop_modo_pedonal,15.8,static
0303,Braga,prop_nacionalidade_estrangeira,0.14,static
0303,Braga,prop_necessidade_reparacao,10.18,static
0303,Braga,prop_pop_65_mais,18.19,static
0303,Braga,prop_reabilitacao_edificado,13.4,static
0303,Braga,prop_risco_pobreza,17.63659961,static
0303,Braga,prop_sem_aquecimento,24.42,static
0303,Braga,prop_transporte_coletivo,13.3,static
0303,Braga,prop_vagos_bom_estado,75.8106,static
0303,Braga,racio_vendas_estrangeiros,1.16828479,static
0303,Braga,risco_galgamentos_costeiros,0,static
0303,Braga,risco_incendio_rural,38.931,static
0303,Braga,risco_inundacao,0,static
0303,Braga,risco_movimento_massa,11.624,static
0303,Braga,risco_nevao,0.551,static
0303,Braga,risco_ondas_calor,67.285,static
0303,Braga,risco_ondas_frio,100,static
0303,Braga,risco_seca,33.333,static
0303,Braga,risco_sismo,33.87,static
0303,Braga,risco_tsunami,0,static
0303,Braga,taxa_bruta_natalidade,7.8,static
0303,Braga,taxa_crescimento_efetivo,0.96,static
0303,Braga,taxa_desemprego,7.61,static
0303,Braga,taxa_esforco_arrendamento,37.86000376,static
0303,Braga,valor_mediano_vendas_m2,1671,static
0304,Cabeceiras de Basto,acessos_internet_banda_larga,32.19,static
0304,Cabeceiras de Basto,certificacao_energetica_cf,31.92612137,static
0304,Cabeceiras de Basto,coeficiente_gini,39.3,static
0304,Cabeceiras de Basto,consumo_energia_eletrica,1291.2,static
0304,Cabeceiras de Basto,densidade_populacional,64.3,static
0304,Cabeceiras de Basto,disparidade_ganho_mensal,2.9,static
0304,Cabeceiras de Basto,duracao_pendulares,18.19,static
0304,Cabeceiras de Basto,emissoes_gee_edificios,4.57,static
0304,Cabeceiras de Basto,emissoes_gee_transportes,16.13,static
0304,Cabeceiras de Basto,empresas_volume_negocios,140346.1,static
0304,Cabeceiras de Basto,indice_envelhecimento_edificios,314.9,static
0304,Cabeceiras de Basto,percentagem_poder_compra,0.102,static
0304,Cabeceiras de Basto,prop_agregados_unipessoais,19.54,static
0304,Cabeceiras de Basto,prop_alojamentos_arrendados,0.0306,static
0304,Cabeceiras de Basto,prop_alojamentos_locais,6.36,static
0304,Cabeceiras de Basto,prop_alojamentos_nao_classicos,0.01,static
0304,Cabeceiras de Basto,prop_alojamentos_sobrelotados,11.6809116809116,static
0304,Cabeceiras de Basto,prop_alojamentos_vagos,9.2,static
0304,Cabeceiras de Basto,prop_ar_condicionado,7.336182336,static
0304,Cabeceiras de Basto,prop_edificios_fora_urbano,12.2,static
0304,Cabeceiras de Basto,prop_ensino_secundario,33.32,static
0304,Cabeceiras de Basto,prop_habitacao_social,0.214899713,static
0304,Cabeceiras de Basto,prop_mais_20min_escola,75.81,static
0304,Cabeceiras de Basto,prop_mais_30min_hospital,0,static
0304,Cabeceiras de Basto,prop_modo_pedonal,15.5,static
0304,Cabeceiras de Basto,prop_nacionalidade_estrangeira,0.028,static
0304,Cabeceiras de Basto,prop_necessidade_reparacao,15,static
0304,Cabeceiras de Basto,prop_pop_65_mais,22.65,static
0304,Cabeceiras de Basto,prop_reabilitacao_edificado,37.9,static
0304,Cabeceiras de Basto,prop_risco_pobreza,30.2144873,static
0304,Cabeceiras de Basto,prop_sem_aquecimento,12.09,static
0304,Cabeceiras de Basto,prop_transporte_coletivo,15.2,static
0304,Cabeceiras de Basto,prop_vagos_bom_estado,53.99113,static
0304,Cabeceiras de Basto,racio_vendas_estrangeiros,1,static
0304,Cabeceiras de Basto,risco_galgamentos_costeiros,0,static
0304,Cabeceiras de Basto,risco_incendio_rural,78.104,static
0304,Cabeceiras de Basto,risco_inundacao,0,static
0304,Cabeceiras de Basto,risco_movimento_massa,34.193,static
0304,Cabeceiras de Basto,risco_nevao,32.665,static
0304,Cabeceiras de Basto,risco_ondas_calor,75,static
0304,Cabeceiras de Basto,risco_ondas_frio,100,static
0304,Cabeceiras de Basto,risco_seca,33.333,static
0304,Cabeceiras de Basto,risco_sismo,33.333,static
0304,Cabeceiras de Basto,risco_tsunami,0,static
0304,Cabeceiras de Basto,taxa_bruta_natalidade,6.5,static
0304,Cabeceiras de Basto,taxa_crescimento_efetivo,-0.14,static
0304,Cabeceiras de Basto,taxa_desemprego,8.59,static
0304,Cabeceiras de Basto,taxa_esforco_arrendamento,22.49622039,static
0304,Cabeceiras de Basto,valor_mediano_vendas_m2,750,static
0305,Celorico de Basto,acessos_internet_banda_larga,29.07,static
0305,Celorico de Basto,certificacao_energetica_cf,31.33333333,static
0305,Celorico de Basto,coeficiente_gini,39.5,static
0305,Celorico de Basto,consumo_energia_eletrica,1208.4,static
0305,Celorico de Basto,densidade_populacional,97.4,static
0305,Celorico de Basto,disparidade_ganho_mensal,3.8,static
0305,Celorico de Basto,duracao_pendulares,20.12,static
0305,Celorico de Basto,emissoes_gee_edificios,4.79,static
0305,Celorico de Basto,emissoes_gee_transportes,20.04,static
0305,Celorico de Basto,empresas_volume_negocios,183893.5,static
0305,Celorico de Basto,indice_envelhecimento_edificios,435.3,static
0305,Celorico de Basto,percentagem_poder_compra,0.108,static
0305,Celorico de Basto,prop_agregados_unipessoais,21.52,static
0305,Celorico de Basto,prop_alojamentos_arrendados,0.0242,static
0305,Celorico de Basto,prop_alojamentos_locais,5.79,static
0305,Celorico de Basto,prop_alojamentos_nao_classicos,0.08,static
0305,Celorico de Basto,prop_alojamentos_sobrelotados,9.10054512416717,static
0305,Celorico de Basto,prop_alojamentos_vagos,13.1,static
0305,Celorico de Basto,prop_ar_condicionado,7.041187159,static
0305,Celorico de Basto,prop_edificios_fora_urbano,22.8,static
0305,Celorico de Basto,prop_ensino_secundario,30.23,static
0305,Celorico de Basto,prop_habitacao_social,0,static
0305,Celorico de Basto,prop_mais_20min_escola,90.87,static
0305,Celorico de Basto,prop_mais_30min_hospital,2,static
0305,Celorico de Basto,prop_modo_pedonal,11.7,static
0305,Celorico de Basto,prop_nacionalidade_estrangeira,0.018,static
0305,Celorico de Basto,prop_necessidade_reparacao,20.12,static
0305,Celorico de Basto,prop_pop_65_mais,23.9,static
0305,Celorico de Basto,prop_reabilitacao_edificado,0,static
0305,Celorico de Basto,prop_risco_pobreza,31.43373494,static
0305,Celorico de Basto,prop_sem_aquecimento,12.57,static
0305,Celorico de Basto,prop_transporte_coletivo,20.8,static
0305,Celorico de Basto,prop_vagos_bom_estado,45.70231,static
0305,Celorico de Basto,racio_vendas_estrangeiros,1,static
0305,Celorico de Basto,risco_galgamentos_costeiros,0,static
0305,Celorico de Basto,risco_incendio_rural,67.208,static
0305,Celorico de Basto,risco_inundacao,0,static
0305,Celorico de Basto,risco_movimento_massa,23.073,static
0305,Celorico de Basto,risco_nevao,17.542,static
0305,Celorico de Basto,risco_ondas_calor,75,static
0305,Celorico de Basto,risco_ondas_frio,100,static
0305,Celorico de Basto,risco_seca,33.333,static
0305,Celorico de Basto,risco_sismo,33.333,static
0305,Celorico de Basto,risco_tsunami,0,static
0305,Celorico de Basto,taxa_bruta_natalidade,4.8,static
0305,Celorico de Basto,taxa_crescimento_efetivo,-0.1,static
0305,Celorico de Basto,taxa_desemprego,7.17,static
0305,Celorico de Basto,taxa_esforco_arrendamento,25.42725294,static
0305,Celorico de Basto,valor_mediano_vendas_m2,669,static
0306,Esposende,acessos_internet_banda_larga,42.86,static
0306,Esposende,certificacao_energetica_cf,30.85824494,static
0306,Esposende,coeficiente_gini,43.9,static
0306,Esposende,consumo_energia_eletrica,1521.4,static
0306,Esposende,densidade_populacional,395.4,static
0306,Esposende,disparidade_ganho_mensal,6.3,static
0306,Esposende,duracao_pendulares,17.39,static
0306,Esposende,emissoes_gee_edificios,9.51,static
0306,Esposende,emissoes_gee_transportes,70.12,static
0306,Esposende,empresas_volume_negocios,266009.6,static
0306,Esposende,indice_envelhecimento_edificios,182.5,static
0306,Esposende,percentagem_poder_compra,0.307,static
0306,Esposende,prop_agregados_unipessoais,18.16,static
0306,Esposende,prop_alojamentos_arrendados,0.0516,static
0306,Esposende,prop_alojamentos_locais,13.66,static
0306,Esposende,prop_alojamentos_nao_classicos,0.02,static
0306,Esposende,prop_alojamentos_sobrelotados,10.0813925376742,static
0306,Esposende,prop_alojamentos_vagos,6.7,static
0306,Esposende,prop_ar_condicionado,4.698202917,static
0306,Esposende,prop_edificios_fora_urbano,2.6,static
0306,Esposende,prop_ensino_secundario,43.17,static
0306,Esposende,prop_habitacao_social,0.308223976,static
0306,Esposende,prop_mais_20min_escola,83.64,static
0306,Esposende,prop_mais_30min_hospital,0,static
0306,Esposende,prop_modo_pedonal,11.5,static
0306,Esposende,prop_nacionalidade_estrangeira,0.078,static
0306,Esposende,prop_necessidade_reparacao,8.06,static
0306,Esposende,prop_pop_65_mais,20.04,static
0306,Esposende,prop_reabilitacao_edificado,4.5,static
0306,Esposende,prop_risco_pobreza,21.46,static
0306,Esposende,prop_sem_aquecimento,27.96,static
0306,Esposende,prop_transporte_coletivo,11.3,static
0306,Esposende,prop_vagos_bom_estado,66.66667,static
0306,Esposende,racio_vendas_estrangeiros,0.909090909,static
0306,Esposende,risco_galgamentos_costeiros,26.916,static
0306,Esposende,risco_incendio_rural,29.092,static
0306,Esposende,risco_inundacao,4.438,static
0306,Esposende,risco_movimento_massa,2.225,static
0306,Esposende,risco_nevao,0,static
0306,Esposende,risco_ondas_calor,25,static
0306,Esposende,risco_ondas_frio,99.999,static
0306,Esposende,risco_seca,33.333,static
0306,Esposende,risco_sismo,40.556,static
0306,Esposende,risco_tsunami,12.608,static
0306,Esposende,taxa_bruta_natalidade,8.3,static
0306,Esposende,taxa_crescimento_efetivo,1.58,static
0306,Esposende,taxa_desemprego,5.17,static
0306,Esposende,taxa_esforco_arrendamento,40.89188052,static
0306,Esposende,valor_mediano_vendas_m2,1986,static
0307,Fafe,acessos_internet_banda_larga,37.63,static
0307,Fafe,certificacao_energetica_cf,37.77267509,static
0307,Fafe,coeficiente_gini,40.8,static
0307,Fafe,consumo_energia_eletrica,1277.1,static
0307,Fafe,densidade_populacional,221,static
0307,Fafe,disparidade_ganho_mensal,3.8,static
0307,Fafe,duracao_pendulares,15.94,static
0307,Fafe,emissoes_gee_edificios,12.25,static
0307,Fafe,emissoes_gee_transportes,63.85,static
0307,Fafe,empresas_volume_negocios,236565.6,static
0307,Fafe,indice_envelhecimento_edificios,311.5,static
0307,Fafe,percentagem_poder_compra,0.351,static
0307,Fafe,prop_agregados_unipessoais,19.38,static
0307,Fafe,prop_alojamentos_arrendados,0.0655,static
0307,Fafe,prop_alojamentos_locais,0.69,static
0307,Fafe,prop_alojamentos_nao_classicos,0.02,static
0307,Fafe,prop_alojamentos_sobrelotados,9.85723626852659,static
0307,Fafe,prop_alojamentos_vagos,10.3,static
0307,Fafe,prop_ar_condicionado,18.65191805,static
0307,Fafe,prop_edificios_fora_urbano,10.5,static
0307,Fafe,prop_ensino_secundario,33.04,static
0307,Fafe,prop_habitacao_social,0.823837388,static
0307,Fafe,prop_mais_20min_escola,72.64,static
0307,Fafe,prop_mais_30min_hospital,0,static
0307,Fafe,prop_modo_pedonal,15.6,static
0307,Fafe,prop_nacionalidade_estrangeira,0.033,static
0307,Fafe,prop_necessidade_reparacao,11.43,static
0307,Fafe,prop_pop_65_mais,23.07,static
0307,Fafe,prop_reabilitacao_edificado,6.9,static
0307,Fafe,prop_risco_pobreza,25.81947262,static
0307,Fafe,prop_sem_aquecimento,20.53,static
0307,Fafe,prop_transporte_coletivo,13.1,static
0307,Fafe,prop_vagos_bom_estado,59.91189,static
0307,Fafe,racio_vendas_estrangeiros,1,static
0307,Fafe,risco_galgamentos_costeiros,0,static
0307,Fafe,risco_incendio_rural,68.393,static
0307,Fafe,risco_inundacao,0,static
0307,Fafe,risco_movimento_massa,21.046,static
0307,Fafe,risco_nevao,20.665,static
0307,Fafe,risco_ondas_calor,75,static
0307,Fafe,risco_ondas_frio,100,static
0307,Fafe,risco_seca,33.333,static
0307,Fafe,risco_sismo,33.333,static
0307,Fafe,risco_tsunami,0,static
0307,Fafe,taxa_bruta_natalidade,6.6,static
0307,Fafe,taxa_crescimento_efetivo,-0.19,static
0307,Fafe,taxa_desemprego,8.34,static
0307,Fafe,taxa_esforco_arrendamento,24.8130107,static
0307,Fafe,valor_mediano_vendas_m2,1078,static
0308,Guimarães,acessos_internet_banda_larga,39.09,static
0308,Guimarães,certificacao_energetica_cf,39.56110942,static
0308,Guimarães,coeficiente_gini,41,static
0308,Guimarães,consumo_energia_eletrica,1311.3,static
0308,Guimarães,densidade_populacional,649.4,static
0308,Guimarães,disparidade_ganho_mensal,5.3,static
0308,Guimarães,duracao_pendulares,16.04,static
0308,Guimarães,emissoes_gee_edificios,40.71,static
0308,Guimarães,emissoes_gee_transportes,243.66,static
0308,Guimarães,empresas_volume_negocios,375404.6,static
0308,Guimarães,indice_envelhecimento_edificios,374.5,static
0308,Guimarães,percentagem_poder_compra,1.314,static
0308,Guimarães,prop_agregados_unipessoais,16.98,static
0308,Guimarães,prop_alojamentos_arrendados,0.0535,static
0308,Guimarães,prop_alojamentos_locais,1.9,static
0308,Guimarães,prop_alojamentos_nao_classicos,0,static
0308,Guimarães,prop_alojamentos_sobrelotados,12.6706395953156,static
0308,Guimarães,prop_alojamentos_vagos,7.8,static
0308,Guimarães,prop_ar_condicionado,25.2650544,static
0308,Guimarães,prop_edificios_fora_urbano,17.2,static
0308,Guimarães,prop_ensino_secundario,38,static
0308,Guimarães,prop_habitacao_social,2.384066587,static
0308,Guimarães,prop_mais_20min_escola,70.85,static
0308,Guimarães,prop_mais_30min_hospital,0,static
0308,Guimarães,prop_modo_pedonal,15.1,static
0308,Guimarães,prop_nacionalidade_estrangeira,0.055,static
0308,Guimarães,prop_necessidade_reparacao,10.19,static
0308,Guimarães,prop_pop_65_mais,19.98,static
0308,Guimarães,prop_reabilitacao_edificado,13.2,static
0308,Guimarães,prop_risco_pobreza,17.75037594,static
0308,Guimarães,prop_sem_aquecimento,26.81,static
0308,Guimarães,prop_transporte_coletivo,11.9,static
0308,Guimarães,prop_vagos_bom_estado,67.55859,static
0308,Guimarães,racio_vendas_estrangeiros,0.920583468,static
0308,Guimarães,risco_galgamentos_costeiros,0,static
0308,Guimarães,risco_incendio_rural,43.972,static
0308,Guimarães,risco_inundacao,0,static
0308,Guimarães,risco_movimento_massa,15.759,static
0308,Guimarães,risco_nevao,0.803,static
0308,Guimarães,risco_ondas_calor,73.172,static
0308,Guimarães,risco_ondas_frio,100,static
0308,Guimarães,risco_seca,33.333,static
0308,Guimarães,risco_sismo,33.333,static
0308,Guimarães,risco_tsunami,0,static
0308,Guimarães,taxa_bruta_natalidade,7.2,static
0308,Guimarães,taxa_crescimento_efetivo,-0.18,static
0308,Guimarães,taxa_desemprego,7.4,static
0308,Guimarães,taxa_esforco_arrendamento,29.7868784,static
0308,Guimarães,valor_mediano_vendas_m2,1358,static
0309,Póvoa de Lanhoso,acessos_internet_banda_larga,37.01,static
0309,Póvoa de Lanhoso,certificacao_energetica_cf,40.47186933,static
0309,Póvoa de Lanhoso,coeficiente_gini,38.4,static
0309,Póvoa de Lanhoso,consumo_energia_eletrica,1391,static
0309,Póvoa de Lanhoso,densidade_populacional,170.3,static
0309,Póvoa de Lanhoso,disparidade_ganho_mensal,2.7,static
0309,Póvoa de Lanhoso,duracao_pendulares,17.02,static
0309,Póvoa de Lanhoso,emissoes_gee_edificios,5.74,static
0309,Póvoa de Lanhoso,emissoes_gee_transportes,20.48,static
0309,Póvoa de Lanhoso,empresas_volume_negocios,265293.4,static
0309,Póvoa de Lanhoso,indice_envelhecimento_edificios,246.6,static
0309,Póvoa de Lanhoso,percentagem_poder_compra,0.154,static
0309,Póvoa de Lanhoso,prop_agregados_unipessoais,17.85,static
0309,Póvoa de Lanhoso,prop_alojamentos_arrendados,0.0593,static
0309,Póvoa de Lanhoso,prop_alojamentos_locais,1.72,static
0309,Póvoa de Lanhoso,prop_alojamentos_nao_classicos,0.05,static
0309,Póvoa de Lanhoso,prop_alojamentos_sobrelotados,9.23446184941889,static
0309,Póvoa de Lanhoso,prop_alojamentos_vagos,8.9,static
0309,Póvoa de Lanhoso,prop_ar_condicionado,14.86862052,static
0309,Póvoa de Lanhoso,prop_edificios_fora_urbano,18.7,static
0309,Póvoa de Lanhoso,prop_ensino_secundario,32.26,static
0309,Póvoa de Lanhoso,prop_habitacao_social,0.31260283,static
0309,Póvoa de Lanhoso,prop_mais_20min_escola,73.8,static
0309,Póvoa de Lanhoso,prop_mais_30min_hospital,1,static
0309,Póvoa de Lanhoso,prop_modo_pedonal,14.8,static
0309,Póvoa de Lanhoso,prop_nacionalidade_estrangeira,0.048,static
0309,Póvoa de Lanhoso,prop_necessidade_reparacao,16.76,static
0309,Póvoa de Lanhoso,prop_pop_65_mais,22.39,static
0309,Póvoa de Lanhoso,prop_reabilitacao_edificado,1.6,static
0309,Póvoa de Lanhoso,prop_risco_pobreza,26.11948529,static
0309,Póvoa de Lanhoso,prop_sem_aquecimento,16.73,static
0309,Póvoa de Lanhoso,prop_transporte_coletivo,16,static
0309,Póvoa de Lanhoso,prop_vagos_bom_estado,50.71685,static
0309,Póvoa de Lanhoso,racio_vendas_estrangeiros,1,static
0309,Póvoa de Lanhoso,risco_galgamentos_costeiros,0,static
0309,Póvoa de Lanhoso,risco_incendio_rural,60.764,static
0309,Póvoa de Lanhoso,risco_inundacao,0,static
0309,Póvoa de Lanhoso,risco_movimento_massa,23.251,static
0309,Póvoa de Lanhoso,risco_nevao,3.08,static
0309,Póvoa de Lanhoso,risco_ondas_calor,75,static
0309,Póvoa de Lanhoso,risco_ondas_frio,100,static
0309,Póvoa de Lanhoso,risco_seca,33.333,static
0309,Póvoa de Lanhoso,risco_sismo,33.333,static
0309,Póvoa de Lanhoso,risco_tsunami,0,static
0309,Póvoa de Lanhoso,taxa_bruta_natalidade,7.3,static
0309,Póvoa de Lanhoso,taxa_crescimento_efetivo,1.42,static
0309,Póvoa de Lanhoso,taxa_desemprego,7.53,static
0309,Póvoa de Lanhoso,taxa_esforco_arrendamento,25.92000001,static
0309,Póvoa de Lanhoso,valor_mediano_vendas_m2,997,static
0310,Terras de Bouro,acessos_internet_banda_larga,41.02,static
0310,Terras de Bouro,certificacao_energetica_cf,40.11976048,static
0310,Terras de Bouro,coeficiente_gini,38.6,static
0310,Terras de Bouro,consumo_energia_eletrica,1380.2,static
0310,Terras de Bouro,densidade_populacional,22.9,static
0310,Terras de Bouro,disparidade_ganho_mensal,15.7,static
0310,Terras de Bouro,duracao_pendulares,22.18,static
0310,Terras de Bouro,emissoes_gee_edificios,3.7,static
0310,Terras de Bouro,emissoes_gee_transportes,5.63,static
0310,Terras de Bouro,empresas_volume_negocios,103530.1,static
0310,Terras de Bouro,indice_envelhecimento_edificios,642.6,static
0310,Terras de Bouro,percentagem_poder_compra,0.041,static
0310,Terras de Bouro,prop_agregados_unipessoais,22.64,static
0310,Terras de Bouro,prop_alojamentos_arrendados,0.1979,static
0310,Terras de Bouro,prop_alojamentos_locais,41.9,static
0310,Terras de Bouro,prop_alojamentos_nao_classicos,0.03,static
0310,Terras de Bouro,prop_alojamentos_sobrelotados,9.81052631578947,static
0310,Terras de Bouro,prop_alojamentos_vagos,11.8,static
0310,Terras de Bouro,prop_ar_condicionado,9.094736842,static
0310,Terras de Bouro,prop_edificios_fora_urbano,13.9,static
0310,Terras de Bouro,prop_ensino_secundario,30.74,static
0310,Terras de Bouro,prop_habitacao_social,0.472861842,static
0310,Terras de Bouro,prop_mais_20min_escola,86.08,static
0310,Terras de Bouro,prop_mais_30min_hospital,89,static
0310,Terras de Bouro,prop_modo_pedonal,17.4,static
0310,Terras de Bouro,prop_nacionalidade_estrangeira,0.03,static
0310,Terras de Bouro,prop_necessidade_reparacao,22.02,static
0310,Terras de Bouro,prop_pop_65_mais,29.08,static
0310,Terras de Bouro,prop_reabilitacao_edificado,0,static
0310,Terras de Bouro,prop_risco_pobreza,28.39830508,static
0310,Terras de Bouro,prop_sem_aquecimento,15.45,static
0310,Terras de Bouro,prop_transporte_coletivo,20.6,static
0310,Terras de Bouro,prop_vagos_bom_estado,46.9459,static
0310,Terras de Bouro,racio_vendas_estrangeiros,1,static
0310,Terras de Bouro,risco_galgamentos_costeiros,0,static
0310,Terras de Bouro,risco_incendio_rural,80.12,static
0310,Terras de Bouro,risco_inundacao,0,static
0310,Terras de Bouro,risco_movimento_massa,55.051,static
0310,Terras de Bouro,risco_nevao,48.139,static
0310,Terras de Bouro,risco_ondas_calor,82.33,static
0310,Terras de Bouro,risco_ondas_frio,100,static
0310,Terras de Bouro,risco_seca,33.333,static
0310,Terras de Bouro,risco_sismo,33.315,static
0310,Terras de Bouro,risco_tsunami,0,static
0310,Terras de Bouro,taxa_bruta_natalidade,5.3,static
0310,Terras de Bouro,taxa_crescimento_efetivo,-0.5,static
0310,Terras de Bouro,taxa_desemprego,10.04,static
0310,Terras de Bouro,taxa_esforco_arrendamento,44.59762639,static
0310,Terras de Bouro,valor_mediano_vendas_m2,763,static
0311,Vieira do Minho,acessos_internet_banda_larga,38,static
0311,Vieira do Minho,certificacao_energetica_cf,41.70403587,static
0311,Vieira do Minho,coeficiente_gini,40.2,static
0311,Vieira do Minho,consumo_energia_eletrica,1348.8,static
0311,Vieira do Minho,densidade_populacional,55.8,static
0311,Vieira do Minho,disparidade_ganho_mensal,1.7,static
0311,Vieira do Minho,duracao_pendulares,20.39,static
0311,Vieira do Minho,emissoes_gee_edificios,2.23,static
0311,Vieira do Minho,emissoes_gee_transportes,11.39,static
0311,Vieira do Minho,empresas_volume_negocios,90942.06,static
0311,Vieira do Minho,indice_envelhecimento_edificios,488.4,static
0311,Vieira do Minho,percentagem_poder_compra,0.076,static
0311,Vieira do Minho,prop_agregados_unipessoais,21.77,static
0311,Vieira do Minho,prop_alojamentos_arrendados,0.2401,static
0311,Vieira do Minho,prop_alojamentos_locais,0,static
0311,Vieira do Minho,prop_alojamentos_nao_classicos,0.03,static
0311,Vieira do Minho,prop_alojamentos_sobrelotados,9.62848977797318,static
0311,Vieira do Minho,prop_alojamentos_vagos,10.1,static
0311,Vieira do Minho,prop_ar_condicionado,5.012090569,static
0311,Vieira do Minho,prop_edificios_fora_urbano,24,static
0311,Vieira do Minho,prop_ensino_secundario,29.78,static
0311,Vieira do Minho,prop_habitacao_social,1.253918495,static
0311,Vieira do Minho,prop_mais_20min_escola,80.29,static
0311,Vieira do Minho,prop_mais_30min_hospital,37,static
0311,Vieira do Minho,prop_modo_pedonal,15.3,static
0311,Vieira do Minho,prop_nacionalidade_estrangeira,0.027,static
0311,Vieira do Minho,prop_necessidade_reparacao,15.52,static
0311,Vieira do Minho,prop_pop_65_mais,29.53,static
0311,Vieira do Minho,prop_reabilitacao_edificado,26.5,static
0311,Vieira do Minho,prop_risco_pobreza,30.61871921,static
0311,Vieira do Minho,prop_sem_aquecimento,12.86,static
0311,Vieira do Minho,prop_transporte_coletivo,19,static
0311,Vieira do Minho,prop_vagos_bom_estado,46.8323,static
0311,Vieira do Minho,racio_vendas_estrangeiros,1,static
0311,Vieira do Minho,risco_galgamentos_costeiros,0,static
0311,Vieira do Minho,risco_incendio_rural,77.014,static
0311,Vieira do Minho,risco_inundacao,0,static
0311,Vieira do Minho,risco_movimento_massa,40.831,static
0311,Vieira do Minho,risco_nevao,35.189,static
0311,Vieira do Minho,risco_ondas_calor,75,static
0311,Vieira do Minho,risco_ondas_frio,100,static
0311,Vieira do Minho,risco_seca,33.333,static
0311,Vieira do Minho,risco_sismo,33.333,static
0311,Vieira do Minho,risco_tsunami,0,static
0311,Vieira do Minho,taxa_bruta_natalidade,4.1,static
0311,Vieira do Minho,taxa_crescimento_efetivo,0.01,static
0311,Vieira do Minho,taxa_desemprego,8.93,static
0311,Vieira do Minho,taxa_esforco_arrendamento,28.22727273,static
0311,Vieira do Minho,valor_mediano_vendas_m2,669,static
0312,Vila Nova de Famalicão,acessos_internet_banda_larga,37.78,static
0312,Vila Nova de Famalicão,certificacao_energetica_cf,33.11990687,static
0312,Vila Nova de Famalicão,coeficiente_gini,40.7,static
0312,Vila Nova de Famalicão,consumo_energia_eletrica,1347.7,static
0312,Vila Nova de Famalicão,densidade_populacional,678.1,static
0312,Vila Nova de Famalicão,disparidade_ganho_mensal,12.3,static
0312,Vila Nova de Famalicão,duracao_pendulares,16.78,static
0312,Vila Nova de Famalicão,emissoes_gee_edificios,38.61,static
0312,Vila Nova de Famalicão,emissoes_gee_transportes,236.59,static
0312,Vila Nova de Famalicão,empresas_volume_negocios,458738.1,static
0312,Vila Nova de Famalicão,indice_envelhecimento_edificios,338.5,static
0312,Vila Nova de Famalicão,percentagem_poder_compra,1.169,static
0312,Vila Nova de Famalicão,prop_agregados_unipessoais,16.14,static
0312,Vila Nova de Famalicão,prop_alojamentos_arrendados,0.0407,static
0312,Vila Nova de Famalicão,prop_alojamentos_locais,0,static
0312,Vila Nova de Famalicão,prop_alojamentos_nao_classicos,0.02,static
0312,Vila Nova de Famalicão,prop_alojamentos_sobrelotados,11.6510295582862,static
0312,Vila Nova de Famalicão,prop_alojamentos_vagos,9.1,static
0312,Vila Nova de Famalicão,prop_ar_condicionado,23.40376951,static
0312,Vila Nova de Famalicão,prop_edificios_fora_urbano,5.5,static
0312,Vila Nova de Famalicão,prop_ensino_secundario,40.48,static
0312,Vila Nova de Famalicão,prop_habitacao_social,0.652209066,static
0312,Vila Nova de Famalicão,prop_mais_20min_escola,73.85,static
0312,Vila Nova de Famalicão,prop_mais_30min_hospital,0,static
0312,Vila Nova de Famalicão,prop_modo_pedonal,12.4,static
0312,Vila Nova de Famalicão,prop_nacionalidade_estrangeira,0.063,static
0312,Vila Nova de Famalicão,prop_necessidade_reparacao,10.73,static
0312,Vila Nova de Famalicão,prop_pop_65_mais,19.68,static
0312,Vila Nova de Famalicão,prop_reabilitacao_edificado,15.9,static
0312,Vila Nova de Famalicão,prop_risco_pobreza,17.23768116,static
0312,Vila Nova de Famalicão,prop_sem_aquecimento,27.35,static
0312,Vila Nova de Famalicão,prop_transporte_coletivo,11.2,static
0312,Vila Nova de Famalicão,prop_vagos_bom_estado,63.74691,static
0312,Vila Nova de Famalicão,racio_vendas_estrangeiros,1,static
0312,Vila Nova de Famalicão,risco_galgamentos_costeiros,0,static
0312,Vila Nova de Famalicão,risco_incendio_rural,32.641,static
0312,Vila Nova de Famalicão,risco_inundacao,0,static
0312,Vila Nova de Famalicão,risco_movimento_massa,5.771,static
0312,Vila Nova de Famalicão,risco_nevao,0,static
0312,Vila Nova de Famalicão,risco_ondas_calor,50.027,static
0312,Vila Nova de Famalicão,risco_ondas_frio,100,static
0312,Vila Nova de Famalicão,risco_seca,33.333,static
0312,Vila Nova de Famalicão,risco_sismo,34.849,static
0312,Vila Nova de Famalicão,risco_tsunami,0,static
0312,Vila Nova de Famalicão,taxa_bruta_natalidade,8.1,static
0312,Vila Nova de Famalicão,taxa_crescimento_efetivo,0.52,static
0312,Vila Nova de Famalicão,taxa_desemprego,6.99,static
0312,Vila Nova de Famalicão,taxa_esforco_arrendamento,29.4196662,static
0312,Vila Nova de Famalicão,valor_mediano_vendas_m2,1402,static
0313,Vila Verde,acessos_internet_banda_larga,35.33,static
0313,Vila Verde,certificacao_energetica_cf,29.67625899,static
0313,Vila Verde,coeficiente_gini,40,static
0313,Vila Verde,consumo_energia_eletrica,1308.8,static
0313,Vila Verde,densidade_populacional,213,static
0313,Vila Verde,disparidade_ganho_mensal,4.3,static
0313,Vila Verde,duracao_pendulares,18.99,static
0313,Vila Verde,emissoes_gee_edificios,10.56,static
0313,Vila Verde,emissoes_gee_transportes,51.97,static
0313,Vila Verde,empresas_volume_negocios,201742.4,static
0313,Vila Verde,indice_envelhecimento_edificios,234.7,static
0313,Vila Verde,percentagem_poder_compra,0.342,static
0313,Vila Verde,prop_agregados_unipessoais,16.75,static
0313,Vila Verde,prop_alojamentos_arrendados,0.0348,static
0313,Vila Verde,prop_alojamentos_locais,0,static
0313,Vila Verde,prop_alojamentos_nao_classicos,0.27,static
0313,Vila Verde,prop_alojamentos_sobrelotados,10.6532601320091,static
0313,Vila Verde,prop_alojamentos_vagos,9.2,static
0313,Vila Verde,prop_ar_condicionado,18.02479798,static
0313,Vila Verde,prop_edificios_fora_urbano,11.2,static
0313,Vila Verde,prop_ensino_secundario,36.86,static
0313,Vila Verde,prop_habitacao_social,0.095305184,static
0313,Vila Verde,prop_mais_20min_escola,83.98,static
0313,Vila Verde,prop_mais_30min_hospital,1,static
0313,Vila Verde,prop_modo_pedonal,11.4,static
0313,Vila Verde,prop_nacionalidade_estrangeira,0.05,static
0313,Vila Verde,prop_necessidade_reparacao,10.44,static
0313,Vila Verde,prop_pop_65_mais,21.83,static
0313,Vila Verde,prop_reabilitacao_edificado,0,static
0313,Vila Verde,prop_risco_pobreza,26.43495146,static
0313,Vila Verde,prop_sem_aquecimento,21.65,static
0313,Vila Verde,prop_transporte_coletivo,13.5,static
0313,Vila Verde,prop_vagos_bom_estado,61.56915,static
0313,Vila Verde,racio_vendas_estrangeiros,1.035648995,static
0313,Vila Verde,risco_galgamentos_costeiros,0,static
0313,Vila Verde,risco_incendio_rural,53.268,static
0313,Vila Verde,risco_inundacao,0,static
0313,Vila Verde,risco_movimento_massa,23.034,static
0313,Vila Verde,risco_nevao,5.033,static
0313,Vila Verde,risco_ondas_calor,71.809,static
0313,Vila Verde,risco_ondas_frio,100,static
0313,Vila Verde,risco_seca,33.333,static
0313,Vila Verde,risco_sismo,34.257,static
0313,Vila Verde,risco_tsunami,0,static
0313,Vila Verde,taxa_bruta_natalidade,8.1,static
0313,Vila Verde,taxa_crescimento_efetivo,1.14,static
0313,Vila Verde,taxa_desemprego,6.72,static
0313,Vila Verde,taxa_esforco_arrendamento,31.57296921,static
0313,Vila Verde,valor_mediano_vendas_m2,1219,static
0314,Vizela,acessos_internet_banda_larga,36.15,static
0314,Vizela,certificacao_energetica_cf,24.46351931,static
0314,Vizela,coeficiente_gini,38.1,static
0314,Vizela,consumo_energia_eletrica,1208.4,static
0314,Vizela,densidade_populacional,999.5,static
0314,Vizela,disparidade_ganho_mensal,10.4,static
0314,Vizela,duracao_pendulares,15.84,static
0314,Vizela,emissoes_gee_edificios,6.32,static
0314,Vizela,emissoes_gee_transportes,33.5,static
0314,Vizela,empresas_volume_negocios,281144.1,static
0314,Vizela,indice_envelhecimento_edificios,185.3,static
0314,Vizela,percentagem_poder_compra,0.187,static
0314,Vizela,prop_agregados_unipessoais,14.51,static
0314,Vizela,prop_alojamentos_arrendados,0.0197,static
0314,Vizela,prop_alojamentos_locais,0,static
0314,Vizela,prop_alojamentos_nao_classicos,0.01,static
0314,Vizela,prop_alojamentos_sobrelotados,14.6841673502871,static
0314,Vizela,prop_alojamentos_vagos,7.8,static
0314,Vizela,prop_ar_condicionado,26.8018282,static
0314,Vizela,prop_edificios_fora_urbano,5.7,static
0314,Vizela,prop_ensino_secundario,33.6,static
0314,Vizela,prop_habitacao_social,0.189693329,static
0314,Vizela,prop_mais_20min_escola,56.56,static
0314,Vizela,prop_mais_30min_hospital,0,static
0314,Vizela,prop_modo_pedonal,18.5,static
0314,Vizela,prop_nacionalidade_estrangeira,0.034,static
0314,Vizela,prop_necessidade_reparacao,9.03,static
0314,Vizela,prop_pop_65_mais,17.51,static
0314,Vizela,prop_reabilitacao_edificado,19.2,static
0314,Vizela,prop_risco_pobreza,18.4649629,static
0314,Vizela,prop_sem_aquecimento,32.72,static
0314,Vizela,prop_transporte_coletivo,11.2,static
0314,Vizela,prop_vagos_bom_estado,63.79085,static
0314,Vizela,racio_vendas_estrangeiros,1,static
0314,Vizela,risco_galgamentos_costeiros,0,static
0314,Vizela,risco_incendio_rural,41.256,static
0314,Vizela,risco_inundacao,0,static
0314,Vizela,risco_movimento_massa,21.839,static
0314,Vizela,risco_nevao,0,static
0314,Vizela,risco_ondas_calor,75,static
0314,Vizela,risco_ondas_frio,100,static
0314,Vizela,risco_seca,33.333,static
0314,Vizela,risco_sismo,33.333,static
0314,Vizela,risco_tsunami,0,static
0314,Vizela,taxa_bruta_natalidade,8.4,static
0314,Vizela,taxa_crescimento_efetivo,0.65,static
0314,Vizela,taxa_desemprego,6.79,static
0314,Vizela,taxa_esforco_arrendamento,27.43355372,static
0314,Vizela,valor_mediano_vendas_m2,1089,static
0401,Alfândega da Fé,acessos_internet_banda_larga,32.98,static
0401,Alfândega da Fé,certificacao_energetica_cf,48.7804878,static
0401,Alfândega da Fé,coeficiente_gini,41.6,static
0401,Alfândega da Fé,consumo_energia_eletrica,1574,static
0401,Alfândega da Fé,densidade_populacional,13,static
0401,Alfândega da Fé,disparidade_ganho_mensal,0.5,static
0401,Alfândega da Fé,duracao_pendulares,14.9,static
0401,Alfândega da Fé,emissoes_gee_edificios,2.71,static
0401,Alfândega da Fé,emissoes_gee_transportes,3.96,static
0401,Alfândega da Fé,empresas_volume_negocios,52443.83,static
0401,Alfândega da Fé,indice_envelhecimento_edificios,834.3,static
0401,Alfândega da Fé,percentagem_poder_compra,0.027,static
0401,Alfândega da Fé,prop_agregados_unipessoais,27.14,static
0401,Alfândega da Fé,prop_alojamentos_arrendados,0.1437,static
0401,Alfândega da Fé,prop_alojamentos_locais,3.24,static
0401,Alfândega da Fé,prop_alojamentos_nao_classicos,0.12,static
0401,Alfândega da Fé,prop_alojamentos_sobrelotados,5.4259359739555,static
0401,Alfândega da Fé,prop_alojamentos_vagos,16,static
0401,Alfândega da Fé,prop_ar_condicionado,15.57243625,static
0401,Alfândega da Fé,prop_edificios_fora_urbano,3,static
0401,Alfândega da Fé,prop_ensino_secundario,30.61,static
0401,Alfândega da Fé,prop_habitacao_social,0.963733198,static
0401,Alfândega da Fé,prop_mais_20min_escola,63.19,static
0401,Alfândega da Fé,prop_mais_30min_hospital,25,static
0401,Alfândega da Fé,prop_modo_pedonal,24.9,static
0401,Alfândega da Fé,prop_nacionalidade_estrangeira,0.05,static
0401,Alfândega da Fé,prop_necessidade_reparacao,11.41,static
0401,Alfândega da Fé,prop_pop_65_mais,37.88,static
0401,Alfândega da Fé,prop_reabilitacao_edificado,0,static
0401,Alfândega da Fé,prop_risco_pobreza,31.8849252,static
0401,Alfândega da Fé,prop_sem_aquecimento,7.43,static
0401,Alfândega da Fé,prop_transporte_coletivo,7.1,static
0401,Alfândega da Fé,prop_vagos_bom_estado,69.41748,static
0401,Alfândega da Fé,racio_vendas_estrangeiros,1,static
0401,Alfândega da Fé,risco_galgamentos_costeiros,0,static
0401,Alfândega da Fé,risco_incendio_rural,66.616,static
0401,Alfândega da Fé,risco_inundacao,0,static
0401,Alfândega da Fé,risco_movimento_massa,14.935,static
0401,Alfândega da Fé,risco_nevao,19.986,static
0401,Alfândega da Fé,risco_ondas_calor,90.839,static
0401,Alfândega da Fé,risco_ondas_frio,100,static
0401,Alfândega da Fé,risco_seca,66.667,static
0401,Alfândega da Fé,risco_sismo,34.507,static
0401,Alfândega da Fé,risco_tsunami,0,static
0401,Alfândega da Fé,taxa_bruta_natalidade,2.6,static
0401,Alfândega da Fé,taxa_crescimento_efetivo,-1.05,static
0401,Alfândega da Fé,taxa_desemprego,9.69,static
0401,Alfândega da Fé,taxa_esforco_arrendamento,21.24356436,static
0401,Alfândega da Fé,valor_mediano_vendas_m2,417,static
0402,Bragança,acessos_internet_banda_larga,42.3,static
0402,Bragança,certificacao_energetica_cf,35.39381854,static
0402,Bragança,coeficiente_gini,44.4,static
0402,Bragança,consumo_energia_eletrica,1596.1,static
0402,Bragança,densidade_populacional,30.3,static
0402,Bragança,disparidade_ganho_mensal,3.8,static
0402,Bragança,duracao_pendulares,13.55,static
0402,Bragança,emissoes_gee_edificios,13.19,static
0402,Bragança,emissoes_gee_transportes,58.99,static
0402,Bragança,empresas_volume_negocios,128029.6,static
0402,Bragança,indice_envelhecimento_edificios,462.7,static
0402,Bragança,percentagem_poder_compra,0.316,static
0402,Bragança,prop_agregados_unipessoais,25.9,static
0402,Bragança,prop_alojamentos_arrendados,0.0627,static
0402,Bragança,prop_alojamentos_locais,4.42,static
0402,Bragança,prop_alojamentos_nao_classicos,0.11,static
0402,Bragança,prop_alojamentos_sobrelotados,8.06835691273287,static
0402,Bragança,prop_alojamentos_vagos,9.3,static
0402,Bragança,prop_ar_condicionado,6.68861185,static
0402,Bragança,prop_edificios_fora_urbano,5,static
0402,Bragança,prop_ensino_secundario,48.75,static
0402,Bragança,prop_habitacao_social,1.072501073,static
0402,Bragança,prop_mais_20min_escola,51.73,static
0402,Bragança,prop_mais_30min_hospital,1,static
0402,Bragança,prop_modo_pedonal,21.1,static
0402,Bragança,prop_nacionalidade_estrangeira,0.159,static
0402,Bragança,prop_necessidade_reparacao,9.9,static
0402,Bragança,prop_pop_65_mais,28.19,static
0402,Bragança,prop_reabilitacao_edificado,25,static
0402,Bragança,prop_risco_pobreza,19.99273168,static
0402,Bragança,prop_sem_aquecimento,8.4,static
0402,Bragança,prop_transporte_coletivo,4.4,static
0402,Bragança,prop_vagos_bom_estado,68.79167,static
0402,Bragança,racio_vendas_estrangeiros,1,static
0402,Bragança,risco_galgamentos_costeiros,0,static
0402,Bragança,risco_incendio_rural,70.169,static
0402,Bragança,risco_inundacao,0,static
0402,Bragança,risco_movimento_massa,10.715,static
0402,Bragança,risco_nevao,59.764,static
0402,Bragança,risco_ondas_calor,75.333,static
0402,Bragança,risco_ondas_frio,100,static
0402,Bragança,risco_seca,66.667,static
0402,Bragança,risco_sismo,34.382,static
0402,Bragança,risco_tsunami,0,static
0402,Bragança,taxa_bruta_natalidade,6.2,static
0402,Bragança,taxa_crescimento_efetivo,0.44,static
0402,Bragança,taxa_desemprego,6.62,static
0402,Bragança,taxa_esforco_arrendamento,18.37685025,static
0402,Bragança,valor_mediano_vendas_m2,932,static
0403,Carrazeda de Ansiães,acessos_internet_banda_larga,33.78,static
0403,Carrazeda de Ansiães,certificacao_energetica_cf,23.40425532,static
0403,Carrazeda de Ansiães,coeficiente_gini,41.5,static
0403,Carrazeda de Ansiães,consumo_energia_eletrica,1429.5,static
0403,Carrazeda de Ansiães,densidade_populacional,19.2,static
0403,Carrazeda de Ansiães,disparidade_ganho_mensal,1.2,static
0403,Carrazeda de Ansiães,duracao_pendulares,15.51,static
0403,Carrazeda de Ansiães,emissoes_gee_edificios,1.37,static
0403,Carrazeda de Ansiães,emissoes_gee_transportes,4.95,static
0403,Carrazeda de Ansiães,empresas_volume_negocios,79590.33,static
0403,Carrazeda de Ansiães,indice_envelhecimento_edificios,850.3,static
0403,Carrazeda de Ansiães,percentagem_poder_compra,0.035,static
0403,Carrazeda de Ansiães,prop_agregados_unipessoais,30.61,static
0403,Carrazeda de Ansiães,prop_alojamentos_arrendados,0.0489,static
0403,Carrazeda de Ansiães,prop_alojamentos_locais,2.74,static
0403,Carrazeda de Ansiães,prop_alojamentos_nao_classicos,1.38,static
0403,Carrazeda de Ansiães,prop_alojamentos_sobrelotados,8.26689047419219,static
0403,Carrazeda de Ansiães,prop_alojamentos_vagos,7.8,static
0403,Carrazeda de Ansiães,prop_ar_condicionado,9.064204784,static
0403,Carrazeda de Ansiães,prop_edificios_fora_urbano,5.9,static
0403,Carrazeda de Ansiães,prop_ensino_secundario,27.36,static
0403,Carrazeda de Ansiães,prop_habitacao_social,0.74019245,static
0403,Carrazeda de Ansiães,prop_mais_20min_escola,70.63,static
0403,Carrazeda de Ansiães,prop_mais_30min_hospital,99,static
0403,Carrazeda de Ansiães,prop_modo_pedonal,22.8,static
0403,Carrazeda de Ansiães,prop_nacionalidade_estrangeira,0.046,static
0403,Carrazeda de Ansiães,prop_necessidade_reparacao,32.02,static
0403,Carrazeda de Ansiães,prop_pop_65_mais,37.27,static
0403,Carrazeda de Ansiães,prop_reabilitacao_edificado,40,static
0403,Carrazeda de Ansiães,prop_risco_pobreza,30.84136546,static
0403,Carrazeda de Ansiães,prop_sem_aquecimento,7.72,static
0403,Carrazeda de Ansiães,prop_transporte_coletivo,12.8,static
0403,Carrazeda de Ansiães,prop_vagos_bom_estado,36.38554,static
0403,Carrazeda de Ansiães,racio_vendas_estrangeiros,1,static
0403,Carrazeda de Ansiães,risco_galgamentos_costeiros,0,static
0403,Carrazeda de Ansiães,risco_incendio_rural,72.518,static
0403,Carrazeda de Ansiães,risco_inundacao,0,static
0403,Carrazeda de Ansiães,risco_movimento_massa,30.809,static
0403,Carrazeda de Ansiães,risco_nevao,32.062,static
0403,Carrazeda de Ansiães,risco_ondas_calor,75,static
0403,Carrazeda de Ansiães,risco_ondas_frio,100,static
0403,Carrazeda de Ansiães,risco_seca,66.667,static
0403,Carrazeda de Ansiães,risco_sismo,33.834,static
0403,Carrazeda de Ansiães,risco_tsunami,0,static
0403,Carrazeda de Ansiães,taxa_bruta_natalidade,2.2,static
0403,Carrazeda de Ansiães,taxa_crescimento_efetivo,-0.41,static
0403,Carrazeda de Ansiães,taxa_desemprego,9.92,static
0403,Carrazeda de Ansiães,taxa_esforco_arrendamento,27.57602438,static
0403,Carrazeda de Ansiães,valor_mediano_vendas_m2,448,static
0404,Freixo de Espada à Cinta,acessos_internet_banda_larga,33.79,static
0404,Freixo de Espada à Cinta,certificacao_energetica_cf,69.3877551,static
0404,Freixo de Espada à Cinta,coeficiente_gini,38.2,static
0404,Freixo de Espada à Cinta,consumo_energia_eletrica,1627.3,static
0404,Freixo de Espada à Cinta,densidade_populacional,12.5,static
0404,Freixo de Espada à Cinta,disparidade_ganho_mensal,1.2,static
0404,Freixo de Espada à Cinta,duracao_pendulares,13.08,static
0404,Freixo de Espada à Cinta,emissoes_gee_edificios,0.77,static
0404,Freixo de Espada à Cinta,emissoes_gee_transportes,2.93,static
0404,Freixo de Espada à Cinta,empresas_volume_negocios,80298.94,static
0404,Freixo de Espada à Cinta,indice_envelhecimento_edificios,784.3,static
0404,Freixo de Espada à Cinta,percentagem_poder_compra,0.02,static
0404,Freixo de Espada à Cinta,prop_agregados_unipessoais,30.24,static
0404,Freixo de Espada à Cinta,prop_alojamentos_arrendados,0.0588,static
0404,Freixo de Espada à Cinta,prop_alojamentos_locais,4.06,static
0404,Freixo de Espada à Cinta,prop_alojamentos_nao_classicos,0,static
0404,Freixo de Espada à Cinta,prop_alojamentos_sobrelotados,5.89970501474926,static
0404,Freixo de Espada à Cinta,prop_alojamentos_vagos,7.9,static
0404,Freixo de Espada à Cinta,prop_ar_condicionado,16.00294985,static
0404,Freixo de Espada à Cinta,prop_edificios_fora_urbano,12.9,static
0404,Freixo de Espada à Cinta,prop_ensino_secundario,25.44,static
0404,Freixo de Espada à Cinta,prop_habitacao_social,1.470588235,static
0404,Freixo de Espada à Cinta,prop_mais_20min_escola,100,static
0404,Freixo de Espada à Cinta,prop_mais_30min_hospital,100,static
0404,Freixo de Espada à Cinta,prop_modo_pedonal,36.5,static
0404,Freixo de Espada à Cinta,prop_nacionalidade_estrangeira,0.054,static
0404,Freixo de Espada à Cinta,prop_necessidade_reparacao,15.51,static
0404,Freixo de Espada à Cinta,prop_pop_65_mais,37.31,static
0404,Freixo de Espada à Cinta,prop_reabilitacao_edificado,33.3,static
0404,Freixo de Espada à Cinta,prop_risco_pobreza,25.63541667,static
0404,Freixo de Espada à Cinta,prop_sem_aquecimento,4.28,static
0404,Freixo de Espada à Cinta,prop_transporte_coletivo,11.3,static
0404,Freixo de Espada à Cinta,prop_vagos_bom_estado,71.42857,static
0404,Freixo de Espada à Cinta,racio_vendas_estrangeiros,1,static
0404,Freixo de Espada à Cinta,risco_galgamentos_costeiros,0,static
0404,Freixo de Espada à Cinta,risco_incendio_rural,77.259,static
0404,Freixo de Espada à Cinta,risco_inundacao,0,static
0404,Freixo de Espada à Cinta,risco_movimento_massa,21.459,static
0404,Freixo de Espada à Cinta,risco_nevao,26.913,static
0404,Freixo de Espada à Cinta,risco_ondas_calor,100,static
0404,Freixo de Espada à Cinta,risco_ondas_frio,99.998,static
0404,Freixo de Espada à Cinta,risco_seca,66.667,static
0404,Freixo de Espada à Cinta,risco_sismo,31.659,static
0404,Freixo de Espada à Cinta,risco_tsunami,0,static
0404,Freixo de Espada à Cinta,taxa_bruta_natalidade,5.8,static
0404,Freixo de Espada à Cinta,taxa_crescimento_efetivo,-2.61,static
0404,Freixo de Espada à Cinta,taxa_desemprego,7.52,static
0404,Freixo de Espada à Cinta,taxa_esforco_arrendamento,26.44540066,static
0404,Freixo de Espada à Cinta,valor_mediano_vendas_m2,364,static
0405,Macedo de Cavaleiros,acessos_internet_banda_larga,34.48,static
0405,Macedo de Cavaleiros,certificacao_energetica_cf,52.07667732,static
0405,Macedo de Cavaleiros,coeficiente_gini,43.5,static
0405,Macedo de Cavaleiros,consumo_energia_eletrica,1470.8,static
0405,Macedo de Cavaleiros,densidade_populacional,20.4,static
0405,Macedo de Cavaleiros,disparidade_ganho_mensal,2,static
0405,Macedo de Cavaleiros,duracao_pendulares,15.21,static
0405,Macedo de Cavaleiros,emissoes_gee_edificios,5.64,static
0405,Macedo de Cavaleiros,emissoes_gee_transportes,23.12,static
0405,Macedo de Cavaleiros,empresas_volume_negocios,84603.42,static
0405,Macedo de Cavaleiros,indice_envelhecimento_edificios,812,static
0405,Macedo de Cavaleiros,percentagem_poder_compra,0.104,static
0405,Macedo de Cavaleiros,prop_agregados_unipessoais,28.06,static
0405,Macedo de Cavaleiros,prop_alojamentos_arrendados,0.081,static
0405,Macedo de Cavaleiros,prop_alojamentos_locais,4.07,static
0405,Macedo de Cavaleiros,prop_alojamentos_nao_classicos,0.06,static
0405,Macedo de Cavaleiros,prop_alojamentos_sobrelotados,7.26110473692837,static
0405,Macedo de Cavaleiros,prop_alojamentos_vagos,12.8,static
0405,Macedo de Cavaleiros,prop_ar_condicionado,6.703819046,static
0405,Macedo de Cavaleiros,prop_edificios_fora_urbano,5.2,static
0405,Macedo de Cavaleiros,prop_ensino_secundario,33.41,static
0405,Macedo de Cavaleiros,prop_habitacao_social,0.929996618,static
0405,Macedo de Cavaleiros,prop_mais_20min_escola,63.57,static
0405,Macedo de Cavaleiros,prop_mais_30min_hospital,1,static
0405,Macedo de Cavaleiros,prop_modo_pedonal,26.2,static
0405,Macedo de Cavaleiros,prop_nacionalidade_estrangeira,0.042,static
0405,Macedo de Cavaleiros,prop_necessidade_reparacao,18.3,static
0405,Macedo de Cavaleiros,prop_pop_65_mais,34.67,static
0405,Macedo de Cavaleiros,prop_reabilitacao_edificado,9.4,static
0405,Macedo de Cavaleiros,prop_risco_pobreza,32.53959965,static
0405,Macedo de Cavaleiros,prop_sem_aquecimento,7,static
0405,Macedo de Cavaleiros,prop_transporte_coletivo,9.3,static
0405,Macedo de Cavaleiros,prop_vagos_bom_estado,53.28032,static
0405,Macedo de Cavaleiros,racio_vendas_estrangeiros,1,static
0405,Macedo de Cavaleiros,risco_galgamentos_costeiros,0,static
0405,Macedo de Cavaleiros,risco_incendio_rural,66.379,static
0405,Macedo de Cavaleiros,risco_inundacao,0,static
0405,Macedo de Cavaleiros,risco_movimento_massa,9.952,static
0405,Macedo de Cavaleiros,risco_nevao,35.778,static
0405,Macedo de Cavaleiros,risco_ondas_calor,75.745,static
0405,Macedo de Cavaleiros,risco_ondas_frio,100,static
0405,Macedo de Cavaleiros,risco_seca,66.667,static
0405,Macedo de Cavaleiros,risco_sismo,34.639,static
0405,Macedo de Cavaleiros,risco_tsunami,0,static
0405,Macedo de Cavaleiros,taxa_bruta_natalidade,4.4,static
0405,Macedo de Cavaleiros,taxa_crescimento_efetivo,0.12,static
0405,Macedo de Cavaleiros,taxa_desemprego,7.41,static
0405,Macedo de Cavaleiros,taxa_esforco_arrendamento,21.13981359,static
0405,Macedo de Cavaleiros,valor_mediano_vendas_m2,624,static
0406,Miranda do Douro,acessos_internet_banda_larga,32.78,static
0406,Miranda do Douro,certificacao_energetica_cf,44.18604651,static
0406,Miranda do Douro,coeficiente_gini,41,static
0406,Miranda do Douro,consumo_energia_eletrica,1724.2,static
0406,Miranda do Douro,densidade_populacional,12.8,static
0406,Miranda do Douro,disparidade_ganho_mensal,4,static
0406,Miranda do Douro,duracao_pendulares,13.67,static
0406,Miranda do Douro,emissoes_gee_edificios,1.99,static
0406,Miranda do Douro,emissoes_gee_transportes,5.81,static
0406,Miranda do Douro,empresas_volume_negocios,75877.63,static
0406,Miranda do Douro,indice_envelhecimento_edificios,498.8,static
0406,Miranda do Douro,percentagem_poder_compra,0.044,static
0406,Miranda do Douro,prop_agregados_unipessoais,28.49,static
0406,Miranda do Douro,prop_alojamentos_arrendados,0.0393,static
0406,Miranda do Douro,prop_alojamentos_locais,4.33,static
0406,Miranda do Douro,prop_alojamentos_nao_classicos,0.02,static
0406,Miranda do Douro,prop_alojamentos_sobrelotados,5.18969219756621,static
0406,Miranda do Douro,prop_alojamentos_vagos,14.1,static
0406,Miranda do Douro,prop_ar_condicionado,7.766642806,static
0406,Miranda do Douro,prop_edificios_fora_urbano,2.8,static
0406,Miranda do Douro,prop_ensino_secundario,33.42,static
0406,Miranda do Douro,prop_habitacao_social,0.397373877,static
0406,Miranda do Douro,prop_mais_20min_escola,74.97,static
0406,Miranda do Douro,prop_mais_30min_hospital,100,static
0406,Miranda do Douro,prop_modo_pedonal,25.5,static
0406,Miranda do Douro,prop_nacionalidade_estrangeira,0.046,static
0406,Miranda do Douro,prop_necessidade_reparacao,12.58,static
0406,Miranda do Douro,prop_pop_65_mais,38.82,static
0406,Miranda do Douro,prop_reabilitacao_edificado,64.7,static
0406,Miranda do Douro,prop_risco_pobreza,24.77383178,static
0406,Miranda do Douro,prop_sem_aquecimento,11.1,static
0406,Miranda do Douro,prop_transporte_coletivo,8.8,static
0406,Miranda do Douro,prop_vagos_bom_estado,65.55556,static
0406,Miranda do Douro,racio_vendas_estrangeiros,1,static
0406,Miranda do Douro,risco_galgamentos_costeiros,0,static
0406,Miranda do Douro,risco_incendio_rural,58.578,static
0406,Miranda do Douro,risco_inundacao,0,static
0406,Miranda do Douro,risco_movimento_massa,1.513,static
0406,Miranda do Douro,risco_nevao,57.065,static
0406,Miranda do Douro,risco_ondas_calor,100,static
0406,Miranda do Douro,risco_ondas_frio,99.999,static
0406,Miranda do Douro,risco_seca,66.667,static
0406,Miranda do Douro,risco_sismo,36.09,static
0406,Miranda do Douro,risco_tsunami,0,static
0406,Miranda do Douro,taxa_bruta_natalidade,3.2,static
0406,Miranda do Douro,taxa_crescimento_efetivo,-1.25,static
0406,Miranda do Douro,taxa_desemprego,5.67,static
0406,Miranda do Douro,taxa_esforco_arrendamento,18.90396476,static
0406,Miranda do Douro,valor_mediano_vendas_m2,471,static
0407,Mirandela,acessos_internet_banda_larga,39.03,static
0407,Mirandela,certificacao_energetica_cf,51.02040816,static
0407,Mirandela,coeficiente_gini,43.1,static
0407,Mirandela,consumo_energia_eletrica,1547.6,static
0407,Mirandela,densidade_populacional,32.4,static
0407,Mirandela,disparidade_ganho_mensal,2.7,static
0407,Mirandela,duracao_pendulares,14.33,static
0407,Mirandela,emissoes_gee_edificios,7.76,static
0407,Mirandela,emissoes_gee_transportes,42.66,static
0407,Mirandela,empresas_volume_negocios,99184.34,static
0407,Mirandela,indice_envelhecimento_edificios,642.5,static
0407,Mirandela,percentagem_poder_compra,0.171,static
0407,Mirandela,prop_agregados_unipessoais,25.66,static
0407,Mirandela,prop_alojamentos_arrendados,0.0583,static
0407,Mirandela,prop_alojamentos_locais,1.34,static
0407,Mirandela,prop_alojamentos_nao_classicos,0.11,static
0407,Mirandela,prop_alojamentos_sobrelotados,7.50703432751828,static
0407,Mirandela,prop_alojamentos_vagos,12.1,static
0407,Mirandela,prop_ar_condicionado,24.46820484,static
0407,Mirandela,prop_edificios_fora_urbano,20.9,static
0407,Mirandela,prop_ensino_secundario,38.67,static
0407,Mirandela,prop_habitacao_social,1.189251736,static
0407,Mirandela,prop_mais_20min_escola,59.16,static
0407,Mirandela,prop_mais_30min_hospital,0,static
0407,Mirandela,prop_modo_pedonal,24.7,static
0407,Mirandela,prop_nacionalidade_estrangeira,0.055,static
0407,Mirandela,prop_necessidade_reparacao,18.23,static
0407,Mirandela,prop_pop_65_mais,32.12,static
0407,Mirandela,prop_reabilitacao_edificado,0,static
0407,Mirandela,prop_risco_pobreza,26.86200717,static
0407,Mirandela,prop_sem_aquecimento,9.07,static
0407,Mirandela,prop_transporte_coletivo,6.6,static
0407,Mirandela,prop_vagos_bom_estado,59.18586,static
0407,Mirandela,racio_vendas_estrangeiros,1,static
0407,Mirandela,risco_galgamentos_costeiros,0,static
0407,Mirandela,risco_incendio_rural,59.121,static
0407,Mirandela,risco_inundacao,0,static
0407,Mirandela,risco_movimento_massa,8.005,static
0407,Mirandela,risco_nevao,5.304,static
0407,Mirandela,risco_ondas_calor,75.497,static
0407,Mirandela,risco_ondas_frio,100,static
0407,Mirandela,risco_seca,66.667,static
0407,Mirandela,risco_sismo,34.174,static
0407,Mirandela,risco_tsunami,0,static
0407,Mirandela,taxa_bruta_natalidade,5.1,static
0407,Mirandela,taxa_crescimento_efetivo,-0.22,static
0407,Mirandela,taxa_desemprego,9.36,static
0407,Mirandela,taxa_esforco_arrendamento,18.46488446,static
0407,Mirandela,valor_mediano_vendas_m2,805,static
0408,Mogadouro,acessos_internet_banda_larga,30.12,static
0408,Mogadouro,certificacao_energetica_cf,45.77464789,static
0408,Mogadouro,coeficiente_gini,42.4,static
0408,Mogadouro,consumo_energia_eletrica,1462.4,static
0408,Mogadouro,densidade_populacional,10.7,static
0408,Mogadouro,disparidade_ganho_mensal,4.5,static
0408,Mogadouro,duracao_pendulares,14.8,static
0408,Mogadouro,emissoes_gee_edificios,3.24,static
0408,Mogadouro,emissoes_gee_transportes,7.41,static
0408,Mogadouro,empresas_volume_negocios,60518.58,static
0408,Mogadouro,indice_envelhecimento_edificios,689.1,static
0408,Mogadouro,percentagem_poder_compra,0.055,static
0408,Mogadouro,prop_agregados_unipessoais,27.86,static
0408,Mogadouro,prop_alojamentos_arrendados,0.029,static
0408,Mogadouro,prop_alojamentos_locais,4.38,static
0408,Mogadouro,prop_alojamentos_nao_classicos,0.06,static
0408,Mogadouro,prop_alojamentos_sobrelotados,5.77348066298342,static
0408,Mogadouro,prop_alojamentos_vagos,13.4,static
0408,Mogadouro,prop_ar_condicionado,5.718232044,static
0408,Mogadouro,prop_edificios_fora_urbano,12.5,static
0408,Mogadouro,prop_ensino_secundario,32.79,static
0408,Mogadouro,prop_habitacao_social,0.535690371,static
0408,Mogadouro,prop_mais_20min_escola,66.84,static
0408,Mogadouro,prop_mais_30min_hospital,97,static
0408,Mogadouro,prop_modo_pedonal,25.5,static
0408,Mogadouro,prop_nacionalidade_estrangeira,0.031,static
0408,Mogadouro,prop_necessidade_reparacao,19.73,static
0408,Mogadouro,prop_pop_65_mais,37.85,static
0408,Mogadouro,prop_reabilitacao_edificado,40,static
0408,Mogadouro,prop_risco_pobreza,29.44129555,static
0408,Mogadouro,prop_sem_aquecimento,8.18,static
0408,Mogadouro,prop_transporte_coletivo,8.9,static
0408,Mogadouro,prop_vagos_bom_estado,46.78243,static
0408,Mogadouro,racio_vendas_estrangeiros,1,static
0408,Mogadouro,risco_galgamentos_costeiros,0,static
0408,Mogadouro,risco_incendio_rural,63.001,static
0408,Mogadouro,risco_inundacao,0,static
0408,Mogadouro,risco_movimento_massa,11.112,static
0408,Mogadouro,risco_nevao,40.761,static
0408,Mogadouro,risco_ondas_calor,99.923,static
0408,Mogadouro,risco_ondas_frio,100,static
0408,Mogadouro,risco_seca,66.667,static
0408,Mogadouro,risco_sismo,33.29,static
0408,Mogadouro,risco_tsunami,0,static
0408,Mogadouro,taxa_bruta_natalidade,6.1,static
0408,Mogadouro,taxa_crescimento_efetivo,-0.83,static
0408,Mogadouro,taxa_desemprego,7.68,static
0408,Mogadouro,taxa_esforco_arrendamento,19.55801644,static
0408,Mogadouro,valor_mediano_vendas_m2,391,static
0409,Torre de Moncorvo,acessos_internet_banda_larga,35.71,static
0409,Torre de Moncorvo,certificacao_energetica_cf,72.89719626,static
0409,Torre de Moncorvo,coeficiente_gini,40,static
0409,Torre de Moncorvo,consumo_energia_eletrica,1609.2,static
0409,Torre de Moncorvo,densidade_populacional,12.5,static
0409,Torre de Moncorvo,disparidade_ganho_mensal,3.3,static
0409,Torre de Moncorvo,duracao_pendulares,15.69,static
0409,Torre de Moncorvo,emissoes_gee_edificios,2.85,static
0409,Torre de Moncorvo,emissoes_gee_transportes,6.66,static
0409,Torre de Moncorvo,empresas_volume_negocios,63500.09,static
0409,Torre de Moncorvo,indice_envelhecimento_edificios,3135.9,static
0409,Torre de Moncorvo,percentagem_poder_compra,0.044,static
0409,Torre de Moncorvo,prop_agregados_unipessoais,34.8,static
0409,Torre de Moncorvo,prop_alojamentos_arrendados,0.1163,static
0409,Torre de Moncorvo,prop_alojamentos_locais,0,static
0409,Torre de Moncorvo,prop_alojamentos_nao_classicos,0,static
0409,Torre de Moncorvo,prop_alojamentos_sobrelotados,5.45796737766624,static
0409,Torre de Moncorvo,prop_alojamentos_vagos,14.2,static
0409,Torre de Moncorvo,prop_ar_condicionado,20.98494354,static
0409,Torre de Moncorvo,prop_edificios_fora_urbano,5.5,static
0409,Torre de Moncorvo,prop_ensino_secundario,29.75,static
0409,Torre de Moncorvo,prop_habitacao_social,0.999866684,static
0409,Torre de Moncorvo,prop_mais_20min_escola,67.63,static
0409,Torre de Moncorvo,prop_mais_30min_hospital,99,static
0409,Torre de Moncorvo,prop_modo_pedonal,24.2,static
0409,Torre de Moncorvo,prop_nacionalidade_estrangeira,0.023,static
0409,Torre de Moncorvo,prop_necessidade_reparacao,5.74,static
0409,Torre de Moncorvo,prop_pop_65_mais,40.68,static
0409,Torre de Moncorvo,prop_reabilitacao_edificado,60,static
0409,Torre de Moncorvo,prop_risco_pobreza,29.20958084,static
0409,Torre de Moncorvo,prop_sem_aquecimento,7.78,static
0409,Torre de Moncorvo,prop_transporte_coletivo,9.9,static
0409,Torre de Moncorvo,prop_vagos_bom_estado,82.7853,static
0409,Torre de Moncorvo,racio_vendas_estrangeiros,1,static
0409,Torre de Moncorvo,risco_galgamentos_costeiros,0,static
0409,Torre de Moncorvo,risco_incendio_rural,75.219,static
0409,Torre de Moncorvo,risco_inundacao,0,static
0409,Torre de Moncorvo,risco_movimento_massa,23.817,static
0409,Torre de Moncorvo,risco_nevao,19.063,static
0409,Torre de Moncorvo,risco_ondas_calor,96.168,static
0409,Torre de Moncorvo,risco_ondas_frio,100,static
0409,Torre de Moncorvo,risco_seca,66.667,static
0409,Torre de Moncorvo,risco_sismo,34.583,static
0409,Torre de Moncorvo,risco_tsunami,0,static
0409,Torre de Moncorvo,taxa_bruta_natalidade,3.1,static
0409,Torre de Moncorvo,taxa_crescimento_efetivo,-1.48,static
0409,Torre de Moncorvo,taxa_desemprego,6.67,static
0409,Torre de Moncorvo,taxa_esforco_arrendamento,26.42394743,static
0409,Torre de Moncorvo,valor_mediano_vendas_m2,313,static
0410,Vila Flor,acessos_internet_banda_larga,33.43,static
0410,Vila Flor,certificacao_energetica_cf,72.28915663,static
0410,Vila Flor,coeficiente_gini,41.5,static
0410,Vila Flor,consumo_energia_eletrica,1479.7,static
0410,Vila Flor,densidade_populacional,22.7,static
0410,Vila Flor,disparidade_ganho_mensal,4.4,static
0410,Vila Flor,duracao_pendulares,14.76,static
0410,Vila Flor,emissoes_gee_edificios,1.59,static
0410,Vila Flor,emissoes_gee_transportes,5.2,static
0410,Vila Flor,empresas_volume_negocios,91017.62,static
0410,Vila Flor,indice_envelhecimento_edificios,768.2,static
0410,Vila Flor,percentagem_poder_compra,0.039,static
0410,Vila Flor,prop_agregados_unipessoais,26.14,static
0410,Vila Flor,prop_alojamentos_arrendados,0.0551,static
0410,Vila Flor,prop_alojamentos_locais,0,static
0410,Vila Flor,prop_alojamentos_nao_classicos,0,static
0410,Vila Flor,prop_alojamentos_sobrelotados,7.96905222437137,static
0410,Vila Flor,prop_alojamentos_vagos,17,static
0410,Vila Flor,prop_ar_condicionado,13.34622824,static
0410,Vila Flor,prop_edificios_fora_urbano,5.8,static
0410,Vila Flor,prop_ensino_secundario,29.41,static
0410,Vila Flor,prop_habitacao_social,0.614983228,static
0410,Vila Flor,prop_mais_20min_escola,69.71,static
0410,Vila Flor,prop_mais_30min_hospital,8,static
0410,Vila Flor,prop_modo_pedonal,23.5,static
0410,Vila Flor,prop_nacionalidade_estrangeira,0.05,static
0410,Vila Flor,prop_necessidade_reparacao,21.09,static
0410,Vila Flor,prop_pop_65_mais,35.44,static
0410,Vila Flor,prop_reabilitacao_edificado,0,static
0410,Vila Flor,prop_risco_pobreza,32.70434783,static
0410,Vila Flor,prop_sem_aquecimento,7.54,static
0410,Vila Flor,prop_transporte_coletivo,12.9,static
0410,Vila Flor,prop_vagos_bom_estado,46.696040000000004,static
0410,Vila Flor,racio_vendas_estrangeiros,1,static
0410,Vila Flor,risco_galgamentos_costeiros,0,static
0410,Vila Flor,risco_incendio_rural,66.325,static
0410,Vila Flor,risco_inundacao,0,static
0410,Vila Flor,risco_movimento_massa,17.104,static
0410,Vila Flor,risco_nevao,18.602,static
0410,Vila Flor,risco_ondas_calor,75.301,static
0410,Vila Flor,risco_ondas_frio,100,static
0410,Vila Flor,risco_seca,66.667,static
0410,Vila Flor,risco_sismo,34.715,static
0410,Vila Flor,risco_tsunami,0,static
0410,Vila Flor,taxa_bruta_natalidade,4.8,static
0410,Vila Flor,taxa_crescimento_efetivo,-0.28,static
0410,Vila Flor,taxa_desemprego,9.09,static
0410,Vila Flor,taxa_esforco_arrendamento,16.22435424,static
0410,Vila Flor,valor_mediano_vendas_m2,383,static
0411,Vimioso,acessos_internet_banda_larga,27.98,static
0411,Vimioso,certificacao_energetica_cf,49.31506849,static
0411,Vimioso,coeficiente_gini,40.7,static
0411,Vimioso,consumo_energia_eletrica,1666.1,static
0411,Vimioso,densidade_populacional,8.7,static
0411,Vimioso,disparidade_ganho_mensal,0.2,static
0411,Vimioso,duracao_pendulares,15.45,static
0411,Vimioso,emissoes_gee_edificios,3.02,static
0411,Vimioso,emissoes_gee_transportes,3.63,static
0411,Vimioso,empresas_volume_negocios,58750.03,static
0411,Vimioso,indice_envelhecimento_edificios,465.6,static
0411,Vimioso,percentagem_poder_compra,0.025,static
0411,Vimioso,prop_agregados_unipessoais,34.46,static
0411,Vimioso,prop_alojamentos_arrendados,0.23,static
0411,Vimioso,prop_alojamentos_locais,0,static
0411,Vimioso,prop_alojamentos_nao_classicos,0,static
0411,Vimioso,prop_alojamentos_sobrelotados,5.21876647337902,static
0411,Vimioso,prop_alojamentos_vagos,11.3,static
0411,Vimioso,prop_ar_condicionado,3.953610965,static
0411,Vimioso,prop_edificios_fora_urbano,2.1,static
0411,Vimioso,prop_ensino_secundario,25.21,static
0411,Vimioso,prop_habitacao_social,0.8399832,static
0411,Vimioso,prop_mais_20min_escola,100,static
0411,Vimioso,prop_mais_30min_hospital,83,static
0411,Vimioso,prop_modo_pedonal,32.9,static
0411,Vimioso,prop_nacionalidade_estrangeira,0.023,static
0411,Vimioso,prop_necessidade_reparacao,13.01,static
0411,Vimioso,prop_pop_65_mais,43.84,static
0411,Vimioso,prop_reabilitacao_edificado,0,static
0411,Vimioso,prop_risco_pobreza,29.88246628,static
0411,Vimioso,prop_sem_aquecimento,7.64,static
0411,Vimioso,prop_transporte_coletivo,9.1,static
0411,Vimioso,prop_vagos_bom_estado,61.15242,static
0411,Vimioso,racio_vendas_estrangeiros,1,static
0411,Vimioso,risco_galgamentos_costeiros,0,static
0411,Vimioso,risco_incendio_rural,68.648,static
0411,Vimioso,risco_inundacao,0,static
0411,Vimioso,risco_movimento_massa,9.214,static
0411,Vimioso,risco_nevao,40.044,static
0411,Vimioso,risco_ondas_calor,92.352,static
0411,Vimioso,risco_ondas_frio,100,static
0411,Vimioso,risco_seca,66.667,static
0411,Vimioso,risco_sismo,35.216,static
0411,Vimioso,risco_tsunami,0,static
0411,Vimioso,taxa_bruta_natalidade,4.1,static
0411,Vimioso,taxa_crescimento_efetivo,-0.05,static
0411,Vimioso,taxa_desemprego,6.08,static
0411,Vimioso,taxa_esforco_arrendamento,21.4274301,static
0411,Vimioso,valor_mediano_vendas_m2,316,static
0412,Vinhais,acessos_internet_banda_larga,31.61,static
0412,Vinhais,certificacao_energetica_cf,68.04123711,static
0412,Vinhais,coeficiente_gini,39.1,static
0412,Vinhais,consumo_energia_eletrica,1438.6,static
0412,Vinhais,densidade_populacional,10.6,static
0412,Vinhais,disparidade_ganho_mensal,3.5,static
0412,Vinhais,duracao_pendulares,16.89,static
0412,Vinhais,emissoes_gee_edificios,2.26,static
0412,Vinhais,emissoes_gee_transportes,7.04,static
0412,Vinhais,empresas_volume_negocios,35134.13,static
0412,Vinhais,indice_envelhecimento_edificios,805.5,static
0412,Vinhais,percentagem_poder_compra,0.045,static
0412,Vinhais,prop_agregados_unipessoais,29.64,static
0412,Vinhais,prop_alojamentos_arrendados,0.0776,static
0412,Vinhais,prop_alojamentos_locais,0,static
0412,Vinhais,prop_alojamentos_nao_classicos,0.04,static
0412,Vinhais,prop_alojamentos_sobrelotados,5.05109489051094,static
0412,Vinhais,prop_alojamentos_vagos,5.8,static
0412,Vinhais,prop_ar_condicionado,3.357664234,static
0412,Vinhais,prop_edificios_fora_urbano,14.7,static
0412,Vinhais,prop_ensino_secundario,23.13,static
0412,Vinhais,prop_habitacao_social,0.559040087,static
0412,Vinhais,prop_mais_20min_escola,83.36,static
0412,Vinhais,prop_mais_30min_hospital,79,static
0412,Vinhais,prop_modo_pedonal,25.8,static
0412,Vinhais,prop_nacionalidade_estrangeira,0.012,static
0412,Vinhais,prop_necessidade_reparacao,17.04,static
0412,Vinhais,prop_pop_65_mais,44.41,static
0412,Vinhais,prop_reabilitacao_edificado,0,static
0412,Vinhais,prop_risco_pobreza,33.73882353,static
0412,Vinhais,prop_sem_aquecimento,7.01,static
0412,Vinhais,prop_transporte_coletivo,10.9,static
0412,Vinhais,prop_vagos_bom_estado,47.01671,static
0412,Vinhais,racio_vendas_estrangeiros,1,static
0412,Vinhais,risco_galgamentos_costeiros,0,static
0412,Vinhais,risco_incendio_rural,76.677,static
0412,Vinhais,risco_inundacao,0,static
0412,Vinhais,risco_movimento_massa,19,static
0412,Vinhais,risco_nevao,54.161,static
0412,Vinhais,risco_ondas_calor,85.868,static
0412,Vinhais,risco_ondas_frio,100,static
0412,Vinhais,risco_seca,55.672,static
0412,Vinhais,risco_sismo,33.311,static
0412,Vinhais,risco_tsunami,0,static
0412,Vinhais,taxa_bruta_natalidade,3.4,static
0412,Vinhais,taxa_crescimento_efetivo,-1.28,static
0412,Vinhais,taxa_desemprego,6.89,static
0412,Vinhais,taxa_esforco_arrendamento,22.38108484,static
0412,Vinhais,valor_mediano_vendas_m2,391,static
0501,Belmonte,acessos_internet_banda_larga,40.49,static
0501,Belmonte,certificacao_energetica_cf,69.52380952,static
0501,Belmonte,coeficiente_gini,37.6,static
0501,Belmonte,consumo_energia_eletrica,1547.1,static
0501,Belmonte,densidade_populacional,52.8,static
0501,Belmonte,disparidade_ganho_mensal,10.3,static
0501,Belmonte,duracao_pendulares,16.5,static
0501,Belmonte,emissoes_gee_edificios,1.8,static
0501,Belmonte,emissoes_gee_transportes,11.6,static
0501,Belmonte,empresas_volume_negocios,159823.5,static
0501,Belmonte,indice_envelhecimento_edificios,775.8,static
0501,Belmonte,percentagem_poder_compra,0.044,static
0501,Belmonte,prop_agregados_unipessoais,26.25,static
0501,Belmonte,prop_alojamentos_arrendados,0.0061,static
0501,Belmonte,prop_alojamentos_locais,4.03,static
0501,Belmonte,prop_alojamentos_nao_classicos,0,static
0501,Belmonte,prop_alojamentos_sobrelotados,7.706982067913,static
0501,Belmonte,prop_alojamentos_vagos,16.8,static
0501,Belmonte,prop_ar_condicionado,19.61083556,static
0501,Belmonte,prop_edificios_fora_urbano,25,static
0501,Belmonte,prop_ensino_secundario,34.8,static
0501,Belmonte,prop_habitacao_social,0,static
0501,Belmonte,prop_mais_20min_escola,65.51,static
0501,Belmonte,prop_mais_30min_hospital,0,static
0501,Belmonte,prop_modo_pedonal,17.2,static
0501,Belmonte,prop_nacionalidade_estrangeira,0.041,static
0501,Belmonte,prop_necessidade_reparacao,10.59,static
0501,Belmonte,prop_pop_65_mais,32.18,static
0501,Belmonte,prop_reabilitacao_edificado,25,static
0501,Belmonte,prop_risco_pobreza,22.62178218,static
0501,Belmonte,prop_sem_aquecimento,9.19,static
0501,Belmonte,prop_transporte_coletivo,9.5,static
0501,Belmonte,prop_vagos_bom_estado,65.92506,static
0501,Belmonte,racio_vendas_estrangeiros,1,static
0501,Belmonte,risco_galgamentos_costeiros,0,static
0501,Belmonte,risco_incendio_rural,60.126,static
0501,Belmonte,risco_inundacao,0,static
0501,Belmonte,risco_movimento_massa,8.016,static
0501,Belmonte,risco_nevao,15.013,static
0501,Belmonte,risco_ondas_calor,100,static
0501,Belmonte,risco_ondas_frio,66.667,static
0501,Belmonte,risco_seca,66.667,static
0501,Belmonte,risco_sismo,40.042,static
0501,Belmonte,risco_tsunami,0,static
0501,Belmonte,taxa_bruta_natalidade,5.8,static
0501,Belmonte,taxa_crescimento_efetivo,0.79,static
0501,Belmonte,taxa_desemprego,8.62,static
0501,Belmonte,taxa_esforco_arrendamento,17.17079113,static
0501,Belmonte,valor_mediano_vendas_m2,556,static
0502,Castelo Branco,acessos_internet_banda_larga,47.56,static
0502,Castelo Branco,certificacao_energetica_cf,63.23144105,static
0502,Castelo Branco,coeficiente_gini,42,static
0502,Castelo Branco,consumo_energia_eletrica,1555.9,static
0502,Castelo Branco,densidade_populacional,37.1,static
0502,Castelo Branco,disparidade_ganho_mensal,7.3,static
0502,Castelo Branco,duracao_pendulares,14.92,static
0502,Castelo Branco,emissoes_gee_edificios,16.01,static
0502,Castelo Branco,emissoes_gee_transportes,64.61,static
0502,Castelo Branco,empresas_volume_negocios,200328.5,static
0502,Castelo Branco,indice_envelhecimento_edificios,1579.4,static
0502,Castelo Branco,percentagem_poder_compra,0.48,static
0502,Castelo Branco,prop_agregados_unipessoais,27.89,static
0502,Castelo Branco,prop_alojamentos_arrendados,0.058,static
0502,Castelo Branco,prop_alojamentos_locais,1.1,static
0502,Castelo Branco,prop_alojamentos_nao_classicos,0.02,static
0502,Castelo Branco,prop_alojamentos_sobrelotados,6.42096424941446,static
0502,Castelo Branco,prop_alojamentos_vagos,13,static
0502,Castelo Branco,prop_ar_condicionado,44.32365549,static
0502,Castelo Branco,prop_edificios_fora_urbano,13.3,static
0502,Castelo Branco,prop_ensino_secundario,47.11,static
0502,Castelo Branco,prop_habitacao_social,0.755453272,static
0502,Castelo Branco,prop_mais_20min_escola,42.51,static
0502,Castelo Branco,prop_mais_30min_hospital,0,static
0502,Castelo Branco,prop_modo_pedonal,22.8,static
0502,Castelo Branco,prop_nacionalidade_estrangeira,0.109,static
0502,Castelo Branco,prop_necessidade_reparacao,11.28,static
0502,Castelo Branco,prop_pop_65_mais,28.46,static
0502,Castelo Branco,prop_reabilitacao_edificado,9.2,static
0502,Castelo Branco,prop_risco_pobreza,16.9787508,static
0502,Castelo Branco,prop_sem_aquecimento,10.4,static
0502,Castelo Branco,prop_transporte_coletivo,6,static
0502,Castelo Branco,prop_vagos_bom_estado,66.9189,static
0502,Castelo Branco,racio_vendas_estrangeiros,0.865333333,static
0502,Castelo Branco,risco_galgamentos_costeiros,0,static
0502,Castelo Branco,risco_incendio_rural,54.942,static
0502,Castelo Branco,risco_inundacao,0,static
0502,Castelo Branco,risco_movimento_massa,4.642,static
0502,Castelo Branco,risco_nevao,3.393,static
0502,Castelo Branco,risco_ondas_calor,92.073,static
0502,Castelo Branco,risco_ondas_frio,67.281,static
0502,Castelo Branco,risco_seca,66.667,static
0502,Castelo Branco,risco_sismo,33.978,static
0502,Castelo Branco,risco_tsunami,0,static
0502,Castelo Branco,taxa_bruta_natalidade,7.6,static
0502,Castelo Branco,taxa_crescimento_efetivo,0.81,static
0502,Castelo Branco,taxa_desemprego,5.67,static
0502,Castelo Branco,taxa_esforco_arrendamento,22.6118817,static
0502,Castelo Branco,valor_mediano_vendas_m2,743,static
0503,Covilhã,acessos_internet_banda_larga,49.25,static
0503,Covilhã,certificacao_energetica_cf,51.82307233,static
0503,Covilhã,coeficiente_gini,41.8,static
0503,Covilhã,consumo_energia_eletrica,1549.5,static
0503,Covilhã,densidade_populacional,83.9,static
0503,Covilhã,disparidade_ganho_mensal,5.4,static
0503,Covilhã,duracao_pendulares,15.73,static
0503,Covilhã,emissoes_gee_edificios,13.23,static
0503,Covilhã,emissoes_gee_transportes,63.18,static
0503,Covilhã,empresas_volume_negocios,193102.8,static
0503,Covilhã,indice_envelhecimento_edificios,1324.5,static
0503,Covilhã,percentagem_poder_compra,0.389,static
0503,Covilhã,prop_agregados_unipessoais,28.38,static
0503,Covilhã,prop_alojamentos_arrendados,0.066,static
0503,Covilhã,prop_alojamentos_locais,3.34,static
0503,Covilhã,prop_alojamentos_nao_classicos,0.04,static
0503,Covilhã,prop_alojamentos_sobrelotados,7.5127104003159,static
0503,Covilhã,prop_alojamentos_vagos,15.4,static
0503,Covilhã,prop_ar_condicionado,20.36625697,static
0503,Covilhã,prop_edificios_fora_urbano,23.5,static
0503,Covilhã,prop_ensino_secundario,43.4,static
0503,Covilhã,prop_habitacao_social,1.880592069,static
0503,Covilhã,prop_mais_20min_escola,67.98,static
0503,Covilhã,prop_mais_30min_hospital,1,static
0503,Covilhã,prop_modo_pedonal,15.5,static
0503,Covilhã,prop_nacionalidade_estrangeira,0.114,static
0503,Covilhã,prop_necessidade_reparacao,15.93,static
0503,Covilhã,prop_pop_65_mais,29.79,static
0503,Covilhã,prop_reabilitacao_edificado,0,static
0503,Covilhã,prop_risco_pobreza,18.3757764,static
0503,Covilhã,prop_sem_aquecimento,8.45,static
0503,Covilhã,prop_transporte_coletivo,11.6,static
0503,Covilhã,prop_vagos_bom_estado,57.44836,static
0503,Covilhã,racio_vendas_estrangeiros,0.636919315,static
0503,Covilhã,risco_galgamentos_costeiros,0,static
0503,Covilhã,risco_incendio_rural,76.946,static
0503,Covilhã,risco_inundacao,0,static
0503,Covilhã,risco_movimento_massa,22.381,static
0503,Covilhã,risco_nevao,39.985,static
0503,Covilhã,risco_ondas_calor,94.7,static
0503,Covilhã,risco_ondas_frio,66.667,static
0503,Covilhã,risco_seca,66.667,static
0503,Covilhã,risco_sismo,36.474,static
0503,Covilhã,risco_tsunami,0,static
0503,Covilhã,taxa_bruta_natalidade,6.3,static
0503,Covilhã,taxa_crescimento_efetivo,0.5,static
0503,Covilhã,taxa_desemprego,7.69,static
0503,Covilhã,taxa_esforco_arrendamento,27.49062702,static
0503,Covilhã,valor_mediano_vendas_m2,870,static
0504,Fundão,acessos_internet_banda_larga,42.6,static
0504,Fundão,certificacao_energetica_cf,53.89718076,static
0504,Fundão,coeficiente_gini,40.5,static
0504,Fundão,consumo_energia_eletrica,1578.5,static
0504,Fundão,densidade_populacional,39,static
0504,Fundão,disparidade_ganho_mensal,6.8,static
0504,Fundão,duracao_pendulares,15.72,static
0504,Fundão,emissoes_gee_edificios,8.99,static
0504,Fundão,emissoes_gee_transportes,39.24,static
0504,Fundão,empresas_volume_negocios,189272.1,static
0504,Fundão,indice_envelhecimento_edificios,849.9,static
0504,Fundão,percentagem_poder_compra,0.207,static
0504,Fundão,prop_agregados_unipessoais,29.08,static
0504,Fundão,prop_alojamentos_arrendados,0.0809,static
0504,Fundão,prop_alojamentos_locais,0,static
0504,Fundão,prop_alojamentos_nao_classicos,0.03,static
0504,Fundão,prop_alojamentos_sobrelotados,6.68396022481625,static
0504,Fundão,prop_alojamentos_vagos,16.1,static
0504,Fundão,prop_ar_condicionado,25.30047557,static
0504,Fundão,prop_edificios_fora_urbano,28.2,static
0504,Fundão,prop_ensino_secundario,35.89,static
0504,Fundão,prop_habitacao_social,0.088479915,static
0504,Fundão,prop_mais_20min_escola,69.16,static
0504,Fundão,prop_mais_30min_hospital,1,static
0504,Fundão,prop_modo_pedonal,22.7,static
0504,Fundão,prop_nacionalidade_estrangeira,0.101,static
0504,Fundão,prop_necessidade_reparacao,18.25,static
0504,Fundão,prop_pop_65_mais,32.5,static
0504,Fundão,prop_reabilitacao_edificado,11.1,static
0504,Fundão,prop_risco_pobreza,22.32939189,static
0504,Fundão,prop_sem_aquecimento,8.36,static
0504,Fundão,prop_transporte_coletivo,8.7,static
0504,Fundão,prop_vagos_bom_estado,53.92916,static
0504,Fundão,racio_vendas_estrangeiros,0.559139785,static
0504,Fundão,risco_galgamentos_costeiros,0,static
0504,Fundão,risco_incendio_rural,65.343,static
0504,Fundão,risco_inundacao,0,static
0504,Fundão,risco_movimento_massa,10.383,static
0504,Fundão,risco_nevao,18.285,static
0504,Fundão,risco_ondas_calor,95.611,static
0504,Fundão,risco_ondas_frio,66.667,static
0504,Fundão,risco_seca,66.667,static
0504,Fundão,risco_sismo,33.796,static
0504,Fundão,risco_tsunami,0,static
0504,Fundão,taxa_bruta_natalidade,6.2,static
0504,Fundão,taxa_crescimento_efetivo,1.12,static
0504,Fundão,taxa_desemprego,6.45,static
0504,Fundão,taxa_esforco_arrendamento,26.14545721,static
0504,Fundão,valor_mediano_vendas_m2,742,static
0505,Idanha-a-Nova,acessos_internet_banda_larga,36.4,static
0505,Idanha-a-Nova,certificacao_energetica_cf,91.20879121,static
0505,Idanha-a-Nova,coeficiente_gini,38.1,static
0505,Idanha-a-Nova,consumo_energia_eletrica,1568.8,static
0505,Idanha-a-Nova,densidade_populacional,6,static
0505,Idanha-a-Nova,disparidade_ganho_mensal,1.5,static
0505,Idanha-a-Nova,duracao_pendulares,16.3,static
0505,Idanha-a-Nova,emissoes_gee_edificios,1.76,static
0505,Idanha-a-Nova,emissoes_gee_transportes,7.54,static
0505,Idanha-a-Nova,empresas_volume_negocios,86716.09,static
0505,Idanha-a-Nova,indice_envelhecimento_edificios,1285.1,static
0505,Idanha-a-Nova,percentagem_poder_compra,0.053,static
0505,Idanha-a-Nova,prop_agregados_unipessoais,34.11,static
0505,Idanha-a-Nova,prop_alojamentos_arrendados,0.0082,static
0505,Idanha-a-Nova,prop_alojamentos_locais,3.37,static
0505,Idanha-a-Nova,prop_alojamentos_nao_classicos,0.38,static
0505,Idanha-a-Nova,prop_alojamentos_sobrelotados,7.70241850683491,static
0505,Idanha-a-Nova,prop_alojamentos_vagos,13.4,static
0505,Idanha-a-Nova,prop_ar_condicionado,34.09568875,static
0505,Idanha-a-Nova,prop_edificios_fora_urbano,11.2,static
0505,Idanha-a-Nova,prop_ensino_secundario,26.66,static
0505,Idanha-a-Nova,prop_habitacao_social,0.079189104,static
0505,Idanha-a-Nova,prop_mais_20min_escola,76.25,static
0505,Idanha-a-Nova,prop_mais_30min_hospital,50,static
0505,Idanha-a-Nova,prop_modo_pedonal,31.8,static
0505,Idanha-a-Nova,prop_nacionalidade_estrangeira,0.127,static
0505,Idanha-a-Nova,prop_necessidade_reparacao,14.09,static
0505,Idanha-a-Nova,prop_pop_65_mais,42.81,static
0505,Idanha-a-Nova,prop_reabilitacao_edificado,29.5,static
0505,Idanha-a-Nova,prop_risco_pobreza,23.89724771,static
0505,Idanha-a-Nova,prop_sem_aquecimento,11.09,static
0505,Idanha-a-Nova,prop_transporte_coletivo,10.3,static
0505,Idanha-a-Nova,prop_vagos_bom_estado,62.82596,static
0505,Idanha-a-Nova,racio_vendas_estrangeiros,1,static
0505,Idanha-a-Nova,risco_galgamentos_costeiros,0,static
0505,Idanha-a-Nova,risco_incendio_rural,47.182,static
0505,Idanha-a-Nova,risco_inundacao,0,static
0505,Idanha-a-Nova,risco_movimento_massa,2.583,static
0505,Idanha-a-Nova,risco_nevao,1.473,static
0505,Idanha-a-Nova,risco_ondas_calor,100,static
0505,Idanha-a-Nova,risco_ondas_frio,95.891,static
0505,Idanha-a-Nova,risco_seca,66.667,static
0505,Idanha-a-Nova,risco_sismo,33.298,static
0505,Idanha-a-Nova,risco_tsunami,0,static
0505,Idanha-a-Nova,taxa_bruta_natalidade,5.8,static
0505,Idanha-a-Nova,taxa_crescimento_efetivo,0.58,static
0505,Idanha-a-Nova,taxa_desemprego,7.11,static
0505,Idanha-a-Nova,taxa_esforco_arrendamento,26.26861811,static
0505,Idanha-a-Nova,valor_mediano_vendas_m2,274,static
0506,Oleiros,acessos_internet_banda_larga,32.82,static
0506,Oleiros,certificacao_energetica_cf,63.93442623,static
0506,Oleiros,coeficiente_gini,39.8,static
0506,Oleiros,consumo_energia_eletrica,1322.1,static
0506,Oleiros,densidade_populacional,10.4,static
0506,Oleiros,disparidade_ganho_mensal,10.6,static
0506,Oleiros,duracao_pendulares,16.97,static
0506,Oleiros,emissoes_gee_edificios,1.1,static
0506,Oleiros,emissoes_gee_transportes,4.44,static
0506,Oleiros,empresas_volume_negocios,214868.6,static
0506,Oleiros,indice_envelhecimento_edificios,1361.8,static
0506,Oleiros,percentagem_poder_compra,0.032,static
0506,Oleiros,prop_agregados_unipessoais,34.76,static
0506,Oleiros,prop_alojamentos_arrendados,0.0086,static
0506,Oleiros,prop_alojamentos_locais,1.19,static
0506,Oleiros,prop_alojamentos_nao_classicos,0,static
0506,Oleiros,prop_alojamentos_sobrelotados,4.46584938704028,static
0506,Oleiros,prop_alojamentos_vagos,9,static
0506,Oleiros,prop_ar_condicionado,8.187390543,static
0506,Oleiros,prop_edificios_fora_urbano,46.4,static
0506,Oleiros,prop_ensino_secundario,25.18,static
0506,Oleiros,prop_habitacao_social,0,static
0506,Oleiros,prop_mais_20min_escola,79.43,static
0506,Oleiros,prop_mais_30min_hospital,95,static
0506,Oleiros,prop_modo_pedonal,19.3,static
0506,Oleiros,prop_nacionalidade_estrangeira,0.063,static
0506,Oleiros,prop_necessidade_reparacao,13.53,static
0506,Oleiros,prop_pop_65_mais,45.64,static
0506,Oleiros,prop_reabilitacao_edificado,22.2,static
0506,Oleiros,prop_risco_pobreza,24.45758355,static
0506,Oleiros,prop_sem_aquecimento,4.29,static
0506,Oleiros,prop_transporte_coletivo,8.8,static
0506,Oleiros,prop_vagos_bom_estado,64.69298,static
0506,Oleiros,racio_vendas_estrangeiros,1,static
0506,Oleiros,risco_galgamentos_costeiros,0,static
0506,Oleiros,risco_incendio_rural,87.088,static
0506,Oleiros,risco_inundacao,0,static
0506,Oleiros,risco_movimento_massa,20.036,static
0506,Oleiros,risco_nevao,34.611,static
0506,Oleiros,risco_ondas_calor,75,static
0506,Oleiros,risco_ondas_frio,66.667,static
0506,Oleiros,risco_seca,66.667,static
0506,Oleiros,risco_sismo,33.643,static
0506,Oleiros,risco_tsunami,0,static
0506,Oleiros,taxa_bruta_natalidade,5.3,static
0506,Oleiros,taxa_crescimento_efetivo,0.53,static
0506,Oleiros,taxa_desemprego,3.23,static
0506,Oleiros,taxa_esforco_arrendamento,25.95797043,static
0506,Oleiros,valor_mediano_vendas_m2,460,static
0507,Penamacor,acessos_internet_banda_larga,34.85,static
0507,Penamacor,certificacao_energetica_cf,75.6302521,static
0507,Penamacor,coeficiente_gini,37.3,static
0507,Penamacor,consumo_energia_eletrica,1494.7,static
0507,Penamacor,densidade_populacional,8.6,static
0507,Penamacor,disparidade_ganho_mensal,2.5,static
0507,Penamacor,duracao_pendulares,16.06,static
0507,Penamacor,emissoes_gee_edificios,1.42,static
0507,Penamacor,emissoes_gee_transportes,4.41,static
0507,Penamacor,empresas_volume_negocios,149265.4,static
0507,Penamacor,indice_envelhecimento_edificios,1136,static
0507,Penamacor,percentagem_poder_compra,0.029,static
0507,Penamacor,prop_agregados_unipessoais,35.74,static
0507,Penamacor,prop_alojamentos_arrendados,0.0072,static
0507,Penamacor,prop_alojamentos_locais,2.79,static
0507,Penamacor,prop_alojamentos_nao_classicos,0.19,static
0507,Penamacor,prop_alojamentos_sobrelotados,9.05968226706741,static
0507,Penamacor,prop_alojamentos_vagos,15.9,static
0507,Penamacor,prop_ar_condicionado,22.92829541,static
0507,Penamacor,prop_edificios_fora_urbano,10.2,static
0507,Penamacor,prop_ensino_secundario,27.1,static
0507,Penamacor,prop_habitacao_social,0,static
0507,Penamacor,prop_mais_20min_escola,79.83,static
0507,Penamacor,prop_mais_30min_hospital,36,static
0507,Penamacor,prop_modo_pedonal,21.1,static
0507,Penamacor,prop_nacionalidade_estrangeira,0.102,static
0507,Penamacor,prop_necessidade_reparacao,13.39,static
0507,Penamacor,prop_pop_65_mais,44.42,static
0507,Penamacor,prop_reabilitacao_edificado,50,static
0507,Penamacor,prop_risco_pobreza,23.86907449,static
0507,Penamacor,prop_sem_aquecimento,9.19,static
0507,Penamacor,prop_transporte_coletivo,15.1,static
0507,Penamacor,prop_vagos_bom_estado,64.57565,static
0507,Penamacor,racio_vendas_estrangeiros,1,static
0507,Penamacor,risco_galgamentos_costeiros,0,static
0507,Penamacor,risco_incendio_rural,61.156,static
0507,Penamacor,risco_inundacao,0,static
0507,Penamacor,risco_movimento_massa,7.802,static
0507,Penamacor,risco_nevao,22.406,static
0507,Penamacor,risco_ondas_calor,100,static
0507,Penamacor,risco_ondas_frio,97.23,static
0507,Penamacor,risco_seca,66.667,static
0507,Penamacor,risco_sismo,34.498,static
0507,Penamacor,risco_tsunami,0,static
0507,Penamacor,taxa_bruta_natalidade,3.7,static
0507,Penamacor,taxa_crescimento_efetivo,0.5,static
0507,Penamacor,taxa_desemprego,7.35,static
0507,Penamacor,taxa_esforco_arrendamento,25.36810869,static
0507,Penamacor,valor_mediano_vendas_m2,300,static
0508,Proença-a-Nova,acessos_internet_banda_larga,36.37,static
0508,Proença-a-Nova,certificacao_energetica_cf,59.22330097,static
0508,Proença-a-Nova,coeficiente_gini,39.2,static
0508,Proença-a-Nova,consumo_energia_eletrica,1464,static
0508,Proença-a-Nova,densidade_populacional,18,static
0508,Proença-a-Nova,disparidade_ganho_mensal,10.4,static
0508,Proença-a-Nova,duracao_pendulares,17.51,static
0508,Proença-a-Nova,emissoes_gee_edificios,1.73,static
0508,Proença-a-Nova,emissoes_gee_transportes,6.46,static
0508,Proença-a-Nova,empresas_volume_negocios,196295.7,static
0508,Proença-a-Nova,indice_envelhecimento_edificios,819.6,static
0508,Proença-a-Nova,percentagem_poder_compra,0.05,static
0508,Proença-a-Nova,prop_agregados_unipessoais,30.51,static
0508,Proença-a-Nova,prop_alojamentos_arrendados,0.0049,static
0508,Proença-a-Nova,prop_alojamentos_locais,1.83,static
0508,Proença-a-Nova,prop_alojamentos_nao_classicos,0.01,static
0508,Proença-a-Nova,prop_alojamentos_sobrelotados,5.7243364246882,static
0508,Proença-a-Nova,prop_alojamentos_vagos,8.3,static
0508,Proença-a-Nova,prop_ar_condicionado,20.78669651,static
0508,Proença-a-Nova,prop_edificios_fora_urbano,49.3,static
0508,Proença-a-Nova,prop_ensino_secundario,32.49,static
0508,Proença-a-Nova,prop_habitacao_social,0,static
0508,Proença-a-Nova,prop_mais_20min_escola,64.49,static
0508,Proença-a-Nova,prop_mais_30min_hospital,88,static
0508,Proença-a-Nova,prop_modo_pedonal,20.6,static
0508,Proença-a-Nova,prop_nacionalidade_estrangeira,0.061,static
0508,Proença-a-Nova,prop_necessidade_reparacao,15.56,static
0508,Proença-a-Nova,prop_pop_65_mais,38.31,static
0508,Proença-a-Nova,prop_reabilitacao_edificado,55.6,static
0508,Proença-a-Nova,prop_risco_pobreza,22.72434608,static
0508,Proença-a-Nova,prop_sem_aquecimento,13.53,static
0508,Proença-a-Nova,prop_transporte_coletivo,11.1,static
0508,Proença-a-Nova,prop_vagos_bom_estado,60.37037,static
0508,Proença-a-Nova,racio_vendas_estrangeiros,1,static
0508,Proença-a-Nova,risco_galgamentos_costeiros,0,static
0508,Proença-a-Nova,risco_incendio_rural,71.742,static
0508,Proença-a-Nova,risco_inundacao,0,static
0508,Proença-a-Nova,risco_movimento_massa,9.555,static
0508,Proença-a-Nova,risco_nevao,8.455,static
0508,Proença-a-Nova,risco_ondas_calor,75,static
0508,Proença-a-Nova,risco_ondas_frio,66.667,static
0508,Proença-a-Nova,risco_seca,66.667,static
0508,Proença-a-Nova,risco_sismo,34.161,static
0508,Proença-a-Nova,risco_tsunami,0,static
0508,Proença-a-Nova,taxa_bruta_natalidade,4.5,static
0508,Proença-a-Nova,taxa_crescimento_efetivo,0.16,static
0508,Proença-a-Nova,taxa_desemprego,5.83,static
0508,Proença-a-Nova,taxa_esforco_arrendamento,24.47739602,static
0508,Proença-a-Nova,valor_mediano_vendas_m2,627,static
0509,Sertã,acessos_internet_banda_larga,36.63,static
0509,Sertã,certificacao_energetica_cf,41.80602007,static
0509,Sertã,coeficiente_gini,39.3,static
0509,Sertã,consumo_energia_eletrica,1376.9,static
0509,Sertã,densidade_populacional,33.5,static
0509,Sertã,disparidade_ganho_mensal,4.7,static
0509,Sertã,duracao_pendulares,15.66,static
0509,Sertã,emissoes_gee_edificios,3.68,static
0509,Sertã,emissoes_gee_transportes,12.33,static
0509,Sertã,empresas_volume_negocios,246186.3,static
0509,Sertã,indice_envelhecimento_edificios,1053,static
0509,Sertã,percentagem_poder_compra,0.106,static
0509,Sertã,prop_agregados_unipessoais,28.72,static
0509,Sertã,prop_alojamentos_arrendados,0.0223,static
0509,Sertã,prop_alojamentos_locais,2.21,static
0509,Sertã,prop_alojamentos_nao_classicos,0.01,static
0509,Sertã,prop_alojamentos_sobrelotados,6.6729917773561,static
0509,Sertã,prop_alojamentos_vagos,11.3,static
0509,Sertã,prop_ar_condicionado,12.68184693,static
0509,Sertã,prop_edificios_fora_urbano,29.3,static
0509,Sertã,prop_ensino_secundario,34.27,static
0509,Sertã,prop_habitacao_social,0.249128052,static
0509,Sertã,prop_mais_20min_escola,71.31,static
0509,Sertã,prop_mais_30min_hospital,100,static
0509,Sertã,prop_modo_pedonal,13.1,static
0509,Sertã,prop_nacionalidade_estrangeira,0.085,static
0509,Sertã,prop_necessidade_reparacao,15.75,static
0509,Sertã,prop_pop_65_mais,31.11,static
0509,Sertã,prop_reabilitacao_edificado,0,static
0509,Sertã,prop_risco_pobreza,27.47698745,static
0509,Sertã,prop_sem_aquecimento,13.35,static
0509,Sertã,prop_transporte_coletivo,9.4,static
0509,Sertã,prop_vagos_bom_estado,51.61054,static
0509,Sertã,racio_vendas_estrangeiros,1,static
0509,Sertã,risco_galgamentos_costeiros,0,static
0509,Sertã,risco_incendio_rural,77.987,static
0509,Sertã,risco_inundacao,0,static
0509,Sertã,risco_movimento_massa,10.987,static
0509,Sertã,risco_nevao,9.325,static
0509,Sertã,risco_ondas_calor,75,static
0509,Sertã,risco_ondas_frio,66.667,static
0509,Sertã,risco_seca,66.667,static
0509,Sertã,risco_sismo,33.604,static
0509,Sertã,risco_tsunami,0,static
0509,Sertã,taxa_bruta_natalidade,5.6,static
0509,Sertã,taxa_crescimento_efetivo,0.56,static
0509,Sertã,taxa_desemprego,5.55,static
0509,Sertã,taxa_esforco_arrendamento,27.26668273,static
0509,Sertã,valor_mediano_vendas_m2,857,static
0510,Vila de Rei,acessos_internet_banda_larga,34.42,static
0510,Vila de Rei,certificacao_energetica_cf,33.67346939,static
0510,Vila de Rei,coeficiente_gini,36.3,static
0510,Vila de Rei,consumo_energia_eletrica,1401.8,static
0510,Vila de Rei,densidade_populacional,18,static
0510,Vila de Rei,disparidade_ganho_mensal,1.4,static
0510,Vila de Rei,duracao_pendulares,16.28,static
0510,Vila de Rei,emissoes_gee_edificios,0.73,static
0510,Vila de Rei,emissoes_gee_transportes,2.68,static
0510,Vila de Rei,empresas_volume_negocios,122492.6,static
0510,Vila de Rei,indice_envelhecimento_edificios,666.7,static
0510,Vila de Rei,percentagem_poder_compra,0.023,static
0510,Vila de Rei,prop_agregados_unipessoais,30.42,static
0510,Vila de Rei,prop_alojamentos_arrendados,0.0656,static
0510,Vila de Rei,prop_alojamentos_locais,3.79,static
0510,Vila de Rei,prop_alojamentos_nao_classicos,0,static
0510,Vila de Rei,prop_alojamentos_sobrelotados,6.11928737412858,static
0510,Vila de Rei,prop_alojamentos_vagos,6.7,static
0510,Vila de Rei,prop_ar_condicionado,11.38652208,static
0510,Vila de Rei,prop_edificios_fora_urbano,24.9,static
0510,Vila de Rei,prop_ensino_secundario,30.37,static
0510,Vila de Rei,prop_habitacao_social,1.222736286,static
0510,Vila de Rei,prop_mais_20min_escola,75.18,static
0510,Vila de Rei,prop_mais_30min_hospital,21,static
0510,Vila de Rei,prop_modo_pedonal,14.8,static
0510,Vila de Rei,prop_nacionalidade_estrangeira,0.064,static
0510,Vila de Rei,prop_necessidade_reparacao,12.39,static
0510,Vila de Rei,prop_pop_65_mais,40.87,static
0510,Vila de Rei,prop_reabilitacao_edificado,30.4,static
0510,Vila de Rei,prop_risco_pobreza,19.61220826,static
0510,Vila de Rei,prop_sem_aquecimento,13.4,static
0510,Vila de Rei,prop_transporte_coletivo,11.6,static
0510,Vila de Rei,prop_vagos_bom_estado,39.40887,static
0510,Vila de Rei,racio_vendas_estrangeiros,1,static
0510,Vila de Rei,risco_galgamentos_costeiros,0,static
0510,Vila de Rei,risco_incendio_rural,85.804,static
0510,Vila de Rei,risco_inundacao,0,static
0510,Vila de Rei,risco_movimento_massa,17.509,static
0510,Vila de Rei,risco_nevao,0.211,static
0510,Vila de Rei,risco_ondas_calor,75,static
0510,Vila de Rei,risco_ondas_frio,66.667,static
0510,Vila de Rei,risco_seca,66.667,static
0510,Vila de Rei,risco_sismo,35.08,static
0510,Vila de Rei,risco_tsunami,0,static
0510,Vila de Rei,taxa_bruta_natalidade,5.5,static
0510,Vila de Rei,taxa_crescimento_efetivo,0.38,static
0510,Vila de Rei,taxa_desemprego,4.79,static
0510,Vila de Rei,taxa_esforco_arrendamento,30.88892159,static
0510,Vila de Rei,valor_mediano_vendas_m2,433,static
0511,Vila Velha de Ródão,acessos_internet_banda_larga,37.96,static
0511,Vila Velha de Ródão,certificacao_energetica_cf,58.33333333,static
0511,Vila Velha de Ródão,coeficiente_gini,37.4,static
0511,Vila Velha de Ródão,consumo_energia_eletrica,1495.1,static
0511,Vila Velha de Ródão,densidade_populacional,10.8,static
0511,Vila Velha de Ródão,disparidade_ganho_mensal,14.7,static
0511,Vila Velha de Ródão,duracao_pendulares,15.55,static
0511,Vila Velha de Ródão,emissoes_gee_edificios,1.93,static
0511,Vila Velha de Ródão,emissoes_gee_transportes,24.75,static
0511,Vila Velha de Ródão,empresas_volume_negocios,1173806,static
0511,Vila Velha de Ródão,indice_envelhecimento_edificios,1948.6,static
0511,Vila Velha de Ródão,percentagem_poder_compra,0.025,static
0511,Vila Velha de Ródão,prop_agregados_unipessoais,30.63,static
0511,Vila Velha de Ródão,prop_alojamentos_arrendados,0.1615,static
0511,Vila Velha de Ródão,prop_alojamentos_locais,2.81,static
0511,Vila Velha de Ródão,prop_alojamentos_nao_classicos,0.85,static
0511,Vila Velha de Ródão,prop_alojamentos_sobrelotados,5.25587828492392,static
0511,Vila Velha de Ródão,prop_alojamentos_vagos,11.7,static
0511,Vila Velha de Ródão,prop_ar_condicionado,35.47717842,static
0511,Vila Velha de Ródão,prop_edificios_fora_urbano,3.8,static
0511,Vila Velha de Ródão,prop_ensino_secundario,27.89,static
0511,Vila Velha de Ródão,prop_habitacao_social,0,static
0511,Vila Velha de Ródão,prop_mais_20min_escola,100,static
0511,Vila Velha de Ródão,prop_mais_30min_hospital,2,static
0511,Vila Velha de Ródão,prop_modo_pedonal,21.1,static
0511,Vila Velha de Ródão,prop_nacionalidade_estrangeira,0.11,static
0511,Vila Velha de Ródão,prop_necessidade_reparacao,9.63,static
0511,Vila Velha de Ródão,prop_pop_65_mais,45.69,static
0511,Vila Velha de Ródão,prop_reabilitacao_edificado,25,static
0511,Vila Velha de Ródão,prop_risco_pobreza,18.0534846,static
0511,Vila Velha de Ródão,prop_sem_aquecimento,12.17,static
0511,Vila Velha de Ródão,prop_transporte_coletivo,13,static
0511,Vila Velha de Ródão,prop_vagos_bom_estado,62.07729,static
0511,Vila Velha de Ródão,racio_vendas_estrangeiros,1,static
0511,Vila Velha de Ródão,risco_galgamentos_costeiros,0,static
0511,Vila Velha de Ródão,risco_incendio_rural,57.506,static
0511,Vila Velha de Ródão,risco_inundacao,0,static
0511,Vila Velha de Ródão,risco_movimento_massa,9.367,static
0511,Vila Velha de Ródão,risco_nevao,0.038,static
0511,Vila Velha de Ródão,risco_ondas_calor,79.19,static
0511,Vila Velha de Ródão,risco_ondas_frio,66.667,static
0511,Vila Velha de Ródão,risco_seca,66.667,static
0511,Vila Velha de Ródão,risco_sismo,35.668,static
0511,Vila Velha de Ródão,risco_tsunami,0,static
0511,Vila Velha de Ródão,taxa_bruta_natalidade,6.5,static
0511,Vila Velha de Ródão,taxa_crescimento_efetivo,1.75,static
0511,Vila Velha de Ródão,taxa_desemprego,6.48,static
0511,Vila Velha de Ródão,taxa_esforco_arrendamento,22.09357998,static
0511,Vila Velha de Ródão,valor_mediano_vendas_m2,325,static
0601,Arganil,acessos_internet_banda_larga,42.79,static
0601,Arganil,certificacao_energetica_cf,54.60750853,static
0601,Arganil,coeficiente_gini,38.1,static
0601,Arganil,consumo_energia_eletrica,1448.6,static
0601,Arganil,densidade_populacional,34.4,static
0601,Arganil,disparidade_ganho_mensal,6.1,static
0601,Arganil,duracao_pendulares,16.22,static
0601,Arganil,emissoes_gee_edificios,3.05,static
0601,Arganil,emissoes_gee_transportes,9.43,static
0601,Arganil,empresas_volume_negocios,189159.8,static
0601,Arganil,indice_envelhecimento_edificios,2289.8,static
0601,Arganil,percentagem_poder_compra,0.076,static
0601,Arganil,prop_agregados_unipessoais,27.8,static
0601,Arganil,prop_alojamentos_arrendados,0.0185,static
0601,Arganil,prop_alojamentos_locais,4.25,static
0601,Arganil,prop_alojamentos_nao_classicos,0.1,static
0601,Arganil,prop_alojamentos_sobrelotados,6.72358591248665,static
0601,Arganil,prop_alojamentos_vagos,11.7,static
0601,Arganil,prop_ar_condicionado,7.897545358,static
0601,Arganil,prop_edificios_fora_urbano,45.5,static
0601,Arganil,prop_ensino_secundario,31.92,static
0601,Arganil,prop_habitacao_social,0.218958124,static
0601,Arganil,prop_mais_20min_escola,76.93,static
0601,Arganil,prop_mais_30min_hospital,100,static
0601,Arganil,prop_modo_pedonal,15.5,static
0601,Arganil,prop_nacionalidade_estrangeira,0.104,static
0601,Arganil,prop_necessidade_reparacao,17.61,static
0601,Arganil,prop_pop_65_mais,33.28,static
0601,Arganil,prop_reabilitacao_edificado,7.7,static
0601,Arganil,prop_risco_pobreza,22.71401152,static
0601,Arganil,prop_sem_aquecimento,13.08,static
0601,Arganil,prop_transporte_coletivo,10.8,static
0601,Arganil,prop_vagos_bom_estado,49.327,static
0601,Arganil,racio_vendas_estrangeiros,1.463821892,static
0601,Arganil,risco_galgamentos_costeiros,0,static
0601,Arganil,risco_incendio_rural,86.047,static
0601,Arganil,risco_inundacao,0,static
0601,Arganil,risco_movimento_massa,24.123,static
0601,Arganil,risco_nevao,24.416,static
0601,Arganil,risco_ondas_calor,75,static
0601,Arganil,risco_ondas_frio,66.667,static
0601,Arganil,risco_seca,66.667,static
0601,Arganil,risco_sismo,39.211,static
0601,Arganil,risco_tsunami,0,static
0601,Arganil,taxa_bruta_natalidade,5.2,static
0601,Arganil,taxa_crescimento_efetivo,1.18,static
0601,Arganil,taxa_desemprego,5.22,static
0601,Arganil,taxa_esforco_arrendamento,22.61954262,static
0601,Arganil,valor_mediano_vendas_m2,557,static
0602,Cantanhede,acessos_internet_banda_larga,38.13,static
0602,Cantanhede,certificacao_energetica_cf,44.68085106,static
0602,Cantanhede,coeficiente_gini,41.7,static
0602,Cantanhede,consumo_energia_eletrica,1385.3,static
0602,Cantanhede,densidade_populacional,90.6,static
0602,Cantanhede,disparidade_ganho_mensal,8.6,static
0602,Cantanhede,duracao_pendulares,18.02,static
0602,Cantanhede,emissoes_gee_edificios,10.7,static
0602,Cantanhede,emissoes_gee_transportes,58.3,static
0602,Cantanhede,empresas_volume_negocios,249823.2,static
0602,Cantanhede,indice_envelhecimento_edificios,607.1,static
0602,Cantanhede,percentagem_poder_compra,0.273,static
0602,Cantanhede,prop_agregados_unipessoais,23.66,static
0602,Cantanhede,prop_alojamentos_arrendados,0.0363,static
0602,Cantanhede,prop_alojamentos_locais,1.04,static
0602,Cantanhede,prop_alojamentos_nao_classicos,0.13,static
0602,Cantanhede,prop_alojamentos_sobrelotados,7.26383413637027,static
0602,Cantanhede,prop_alojamentos_vagos,13.4,static
0602,Cantanhede,prop_ar_condicionado,6.906117681,static
0602,Cantanhede,prop_edificios_fora_urbano,5.1,static
0602,Cantanhede,prop_ensino_secundario,38.02,static
0602,Cantanhede,prop_habitacao_social,0.052676947,static
0602,Cantanhede,prop_mais_20min_escola,78.88,static
0602,Cantanhede,prop_mais_30min_hospital,0,static
0602,Cantanhede,prop_modo_pedonal,10.1,static
0602,Cantanhede,prop_nacionalidade_estrangeira,0.055,static
0602,Cantanhede,prop_necessidade_reparacao,15.34,static
0602,Cantanhede,prop_pop_65_mais,30.31,static
0602,Cantanhede,prop_reabilitacao_edificado,17.6,static
0602,Cantanhede,prop_risco_pobreza,22.73274336,static
0602,Cantanhede,prop_sem_aquecimento,17.99,static
0602,Cantanhede,prop_transporte_coletivo,8.1,static
0602,Cantanhede,prop_vagos_bom_estado,53.48506,static
0602,Cantanhede,racio_vendas_estrangeiros,1,static
0602,Cantanhede,risco_galgamentos_costeiros,3.188,static
0602,Cantanhede,risco_incendio_rural,40.552,static
0602,Cantanhede,risco_inundacao,0,static
0602,Cantanhede,risco_movimento_massa,0.088,static
0602,Cantanhede,risco_nevao,0,static
0602,Cantanhede,risco_ondas_calor,35.296,static
0602,Cantanhede,risco_ondas_frio,66.667,static
0602,Cantanhede,risco_seca,33.382,static
0602,Cantanhede,risco_sismo,56.17,static
0602,Cantanhede,risco_tsunami,0.798,static
0602,Cantanhede,taxa_bruta_natalidade,7,static
0602,Cantanhede,taxa_crescimento_efetivo,1.37,static
0602,Cantanhede,taxa_desemprego,5.29,static
0602,Cantanhede,taxa_esforco_arrendamento,25.73590821,static
0602,Cantanhede,valor_mediano_vendas_m2,1000,static
0603,Coimbra,acessos_internet_banda_larga,48.15,static
0603,Coimbra,certificacao_energetica_cf,50.93010147,static
0603,Coimbra,coeficiente_gini,47.2,static
0603,Coimbra,consumo_energia_eletrica,1377,static
0603,Coimbra,densidade_populacional,459.9,static
0603,Coimbra,disparidade_ganho_mensal,10.2,static
0603,Coimbra,duracao_pendulares,18.2,static
0603,Coimbra,emissoes_gee_edificios,46.96,static
0603,Coimbra,emissoes_gee_transportes,216,static
0603,Coimbra,empresas_volume_negocios,200923.5,static
0603,Coimbra,indice_envelhecimento_edificios,927.4,static
0603,Coimbra,percentagem_poder_compra,1.616,static
0603,Coimbra,prop_agregados_unipessoais,28.41,static
0603,Coimbra,prop_alojamentos_arrendados,0.053900000000000003,static
0603,Coimbra,prop_alojamentos_locais,5.18,static
0603,Coimbra,prop_alojamentos_nao_classicos,0.03,static
0603,Coimbra,prop_alojamentos_sobrelotados,8.8355021688355,static
0603,Coimbra,prop_alojamentos_vagos,19.4,static
0603,Coimbra,prop_ar_condicionado,17.72105439,static
0603,Coimbra,prop_edificios_fora_urbano,2.1,static
0603,Coimbra,prop_ensino_secundario,58.68,static
0603,Coimbra,prop_habitacao_social,1.016974133,static
0603,Coimbra,prop_mais_20min_escola,51.55,static
0603,Coimbra,prop_mais_30min_hospital,0,static
0603,Coimbra,prop_modo_pedonal,11.1,static
0603,Coimbra,prop_nacionalidade_estrangeira,0.141,static
0603,Coimbra,prop_necessidade_reparacao,12.65,static
0603,Coimbra,prop_pop_65_mais,25.23,static
0603,Coimbra,prop_reabilitacao_edificado,13.6,static
0603,Coimbra,prop_risco_pobreza,13.90764156,static
0603,Coimbra,prop_sem_aquecimento,21.51,static
0603,Coimbra,prop_transporte_coletivo,13.5,static
0603,Coimbra,prop_vagos_bom_estado,72.48644,static
0603,Coimbra,racio_vendas_estrangeiros,1.13971831,static
0603,Coimbra,risco_galgamentos_costeiros,0,static
0603,Coimbra,risco_incendio_rural,43.024,static
0603,Coimbra,risco_inundacao,0.937,static
0603,Coimbra,risco_movimento_massa,8.289,static
0603,Coimbra,risco_nevao,0,static
0603,Coimbra,risco_ondas_calor,50,static
0603,Coimbra,risco_ondas_frio,66.667,static
0603,Coimbra,risco_seca,63.373,static
0603,Coimbra,risco_sismo,46.969,static
0603,Coimbra,risco_tsunami,1.792,static
0603,Coimbra,taxa_bruta_natalidade,7.5,static
0603,Coimbra,taxa_crescimento_efetivo,1.42,static
0603,Coimbra,taxa_desemprego,6.26,static
0603,Coimbra,taxa_esforco_arrendamento,33.89088467,static
0603,Coimbra,valor_mediano_vendas_m2,1791,static
0604,Condeixa-a-Nova,acessos_internet_banda_larga,36.99,static
0604,Condeixa-a-Nova,certificacao_energetica_cf,40.67278287,static
0604,Condeixa-a-Nova,coeficiente_gini,41.4,static
0604,Condeixa-a-Nova,consumo_energia_eletrica,1171.6,static
0604,Condeixa-a-Nova,densidade_populacional,129,static
0604,Condeixa-a-Nova,disparidade_ganho_mensal,9.6,static
0604,Condeixa-a-Nova,duracao_pendulares,20.01,static
0604,Condeixa-a-Nova,emissoes_gee_edificios,3.36,static
0604,Condeixa-a-Nova,emissoes_gee_transportes,48.93,static
0604,Condeixa-a-Nova,empresas_volume_negocios,202879.2,static
0604,Condeixa-a-Nova,indice_envelhecimento_edificios,882.8,static
0604,Condeixa-a-Nova,percentagem_poder_compra,0.138,static
0604,Condeixa-a-Nova,prop_agregados_unipessoais,20.9,static
0604,Condeixa-a-Nova,prop_alojamentos_arrendados,0.0372,static
0604,Condeixa-a-Nova,prop_alojamentos_locais,2.12,static
0604,Condeixa-a-Nova,prop_alojamentos_nao_classicos,0.01,static
0604,Condeixa-a-Nova,prop_alojamentos_sobrelotados,5.75891448406437,static
0604,Condeixa-a-Nova,prop_alojamentos_vagos,16.1,static
0604,Condeixa-a-Nova,prop_ar_condicionado,15.93562638,static
0604,Condeixa-a-Nova,prop_edificios_fora_urbano,3.5,static
0604,Condeixa-a-Nova,prop_ensino_secundario,49.95,static
0604,Condeixa-a-Nova,prop_habitacao_social,0.229829442,static
0604,Condeixa-a-Nova,prop_mais_20min_escola,65.32,static
0604,Condeixa-a-Nova,prop_mais_30min_hospital,0,static
0604,Condeixa-a-Nova,prop_modo_pedonal,8.7,static
0604,Condeixa-a-Nova,prop_nacionalidade_estrangeira,0.048,static
0604,Condeixa-a-Nova,prop_necessidade_reparacao,17.83,static
0604,Condeixa-a-Nova,prop_pop_65_mais,22.79,static
0604,Condeixa-a-Nova,prop_reabilitacao_edificado,23.5,static
0604,Condeixa-a-Nova,prop_risco_pobreza,14.35430666,static
0604,Condeixa-a-Nova,prop_sem_aquecimento,17.31,static
0604,Condeixa-a-Nova,prop_transporte_coletivo,7,static
0604,Condeixa-a-Nova,prop_vagos_bom_estado,44.09158,static
0604,Condeixa-a-Nova,racio_vendas_estrangeiros,1,static
0604,Condeixa-a-Nova,risco_galgamentos_costeiros,0,static
0604,Condeixa-a-Nova,risco_incendio_rural,44.168,static
0604,Condeixa-a-Nova,risco_inundacao,0,static
0604,Condeixa-a-Nova,risco_movimento_massa,7.257,static
0604,Condeixa-a-Nova,risco_nevao,0,static
0604,Condeixa-a-Nova,risco_ondas_calor,50,static
0604,Condeixa-a-Nova,risco_ondas_frio,66.667,static
0604,Condeixa-a-Nova,risco_seca,66.667,static
0604,Condeixa-a-Nova,risco_sismo,44.783,static
0604,Condeixa-a-Nova,risco_tsunami,0.374,static
0604,Condeixa-a-Nova,taxa_bruta_natalidade,7.8,static
0604,Condeixa-a-Nova,taxa_crescimento_efetivo,1.85,static
0604,Condeixa-a-Nova,taxa_desemprego,4.47,static
0604,Condeixa-a-Nova,taxa_esforco_arrendamento,25.81663548,static
0604,Condeixa-a-Nova,valor_mediano_vendas_m2,1366,static
0605,Figueira da Foz,acessos_internet_banda_larga,47.76,static
0605,Figueira da Foz,certificacao_energetica_cf,54.10199557,static
0605,Figueira da Foz,coeficiente_gini,42.9,static
0605,Figueira da Foz,consumo_energia_eletrica,1398.7,static
0605,Figueira da Foz,densidade_populacional,162,static
0605,Figueira da Foz,disparidade_ganho_mensal,12.6,static
0605,Figueira da Foz,duracao_pendulares,18.17,static
0605,Figueira da Foz,emissoes_gee_edificios,16.64,static
0605,Figueira da Foz,emissoes_gee_transportes,101.75,static
0605,Figueira da Foz,empresas_volume_negocios,461675.8,static
0605,Figueira da Foz,indice_envelhecimento_edificios,1337.5,static
0605,Figueira da Foz,percentagem_poder_compra,0.542,static
0605,Figueira da Foz,prop_agregados_unipessoais,26.92,static
0605,Figueira da Foz,prop_alojamentos_arrendados,0.09,static
0605,Figueira da Foz,prop_alojamentos_locais,6.71,static
0605,Figueira da Foz,prop_alojamentos_nao_classicos,0.08,static
0605,Figueira da Foz,prop_alojamentos_sobrelotados,9.4205257589322,static
0605,Figueira da Foz,prop_alojamentos_vagos,13.3,static
0605,Figueira da Foz,prop_ar_condicionado,4.439651664,static
0605,Figueira da Foz,prop_edificios_fora_urbano,39.7,static
0605,Figueira da Foz,prop_ensino_secundario,44.37,static
0605,Figueira da Foz,prop_habitacao_social,1.274838944,static
0605,Figueira da Foz,prop_mais_20min_escola,64.95,static
0605,Figueira da Foz,prop_mais_30min_hospital,0,static
0605,Figueira da Foz,prop_modo_pedonal,13.8,static
0605,Figueira da Foz,prop_nacionalidade_estrangeira,0.128,static
0605,Figueira da Foz,prop_necessidade_reparacao,14.6,static
0605,Figueira da Foz,prop_pop_65_mais,28.28,static
0605,Figueira da Foz,prop_reabilitacao_edificado,44.8,static
0605,Figueira da Foz,prop_risco_pobreza,17.03097893,static
0605,Figueira da Foz,prop_sem_aquecimento,28.53,static
0605,Figueira da Foz,prop_transporte_coletivo,8.9,static
0605,Figueira da Foz,prop_vagos_bom_estado,60.61381,static
0605,Figueira da Foz,racio_vendas_estrangeiros,1.11863224,static
0605,Figueira da Foz,risco_galgamentos_costeiros,13.541,static
0605,Figueira da Foz,risco_incendio_rural,37.68,static
0605,Figueira da Foz,risco_inundacao,2.603,static
0605,Figueira da Foz,risco_movimento_massa,1.31,static
0605,Figueira da Foz,risco_nevao,0,static
0605,Figueira da Foz,risco_ondas_calor,25.091,static
0605,Figueira da Foz,risco_ondas_frio,66.666,static
0605,Figueira da Foz,risco_seca,33.333,static
0605,Figueira da Foz,risco_sismo,53.491,static
0605,Figueira da Foz,risco_tsunami,11.91,static
0605,Figueira da Foz,taxa_bruta_natalidade,6.8,static
0605,Figueira da Foz,taxa_crescimento_efetivo,1.19,static
0605,Figueira da Foz,taxa_desemprego,8.13,static
0605,Figueira da Foz,taxa_esforco_arrendamento,35.66502216,static
0605,Figueira da Foz,valor_mediano_vendas_m2,1534,static
0606,Góis,acessos_internet_banda_larga,43.85,static
0606,Góis,certificacao_energetica_cf,89.83050847,static
0606,Góis,coeficiente_gini,36.5,static
0606,Góis,consumo_energia_eletrica,1380.5,static
0606,Góis,densidade_populacional,14.5,static
0606,Góis,disparidade_ganho_mensal,1.8,static
0606,Góis,duracao_pendulares,19.26,static
0606,Góis,emissoes_gee_edificios,0.57,static
0606,Góis,emissoes_gee_transportes,3.31,static
0606,Góis,empresas_volume_negocios,123274.7,static
0606,Góis,indice_envelhecimento_edificios,4328,static
0606,Góis,percentagem_poder_compra,0.025,static
0606,Góis,prop_agregados_unipessoais,29.81,static
0606,Góis,prop_alojamentos_arrendados,0.0268,static
0606,Góis,prop_alojamentos_locais,6.66,static
0606,Góis,prop_alojamentos_nao_classicos,0,static
0606,Góis,prop_alojamentos_sobrelotados,5.93272171253822,static
0606,Góis,prop_alojamentos_vagos,10.9,static
0606,Góis,prop_ar_condicionado,7.400611621,static
0606,Góis,prop_edificios_fora_urbano,11.5,static
0606,Góis,prop_ensino_secundario,29.76,static
0606,Góis,prop_habitacao_social,0.117970901,static
0606,Góis,prop_mais_20min_escola,100,static
0606,Góis,prop_mais_30min_hospital,100,static
0606,Góis,prop_modo_pedonal,17.8,static
0606,Góis,prop_nacionalidade_estrangeira,0.095,static
0606,Góis,prop_necessidade_reparacao,17.32,static
0606,Góis,prop_pop_65_mais,37.73,static
0606,Góis,prop_reabilitacao_edificado,60,static
0606,Góis,prop_risco_pobreza,21.37616387,static
0606,Góis,prop_sem_aquecimento,11.38,static
0606,Góis,prop_transporte_coletivo,15.2,static
0606,Góis,prop_vagos_bom_estado,53.72051,static
0606,Góis,racio_vendas_estrangeiros,1,static
0606,Góis,risco_galgamentos_costeiros,0,static
0606,Góis,risco_incendio_rural,88.102,static
0606,Góis,risco_inundacao,0,static
0606,Góis,risco_movimento_massa,29.05,static
0606,Góis,risco_nevao,28.611,static
0606,Góis,risco_ondas_calor,75,static
0606,Góis,risco_ondas_frio,66.667,static
0606,Góis,risco_seca,66.667,static
0606,Góis,risco_sismo,36.838,static
0606,Góis,risco_tsunami,0,static
0606,Góis,taxa_bruta_natalidade,6,static
0606,Góis,taxa_crescimento_efetivo,0.58,static
0606,Góis,taxa_desemprego,5.78,static
0606,Góis,taxa_esforco_arrendamento,36.89726443,static
0606,Góis,valor_mediano_vendas_m2,453,static
0607,Lousã,acessos_internet_banda_larga,40.71,static
0607,Lousã,certificacao_energetica_cf,29.14746544,static
0607,Lousã,coeficiente_gini,40.2,static
0607,Lousã,consumo_energia_eletrica,1317,static
0607,Lousã,densidade_populacional,127.6,static
0607,Lousã,disparidade_ganho_mensal,9.7,static
0607,Lousã,duracao_pendulares,20.49,static
0607,Lousã,emissoes_gee_edificios,9.46,static
0607,Lousã,emissoes_gee_transportes,13.67,static
0607,Lousã,empresas_volume_negocios,267087.1,static
0607,Lousã,indice_envelhecimento_edificios,940.4,static
0607,Lousã,percentagem_poder_compra,0.139,static
0607,Lousã,prop_agregados_unipessoais,24.48,static
0607,Lousã,prop_alojamentos_arrendados,0.0297,static
0607,Lousã,prop_alojamentos_locais,6.22,static
0607,Lousã,prop_alojamentos_nao_classicos,0.06,static
0607,Lousã,prop_alojamentos_sobrelotados,6.93732193732193,static
0607,Lousã,prop_alojamentos_vagos,16.8,static
0607,Lousã,prop_ar_condicionado,15.32763533,static
0607,Lousã,prop_edificios_fora_urbano,12.1,static
0607,Lousã,prop_ensino_secundario,44.69,static
0607,Lousã,prop_habitacao_social,0.203409531,static
0607,Lousã,prop_mais_20min_escola,57.58,static
0607,Lousã,prop_mais_30min_hospital,3,static
0607,Lousã,prop_modo_pedonal,13.6,static
0607,Lousã,prop_nacionalidade_estrangeira,0.07,static
0607,Lousã,prop_necessidade_reparacao,15.99,static
0607,Lousã,prop_pop_65_mais,22.86,static
0607,Lousã,prop_reabilitacao_edificado,30,static
0607,Lousã,prop_risco_pobreza,18.00806994,static
0607,Lousã,prop_sem_aquecimento,15.64,static
0607,Lousã,prop_transporte_coletivo,10.5,static
0607,Lousã,prop_vagos_bom_estado,57.44438,static
0607,Lousã,racio_vendas_estrangeiros,1,static
0607,Lousã,risco_galgamentos_costeiros,0,static
0607,Lousã,risco_incendio_rural,70.925,static
0607,Lousã,risco_inundacao,0,static
0607,Lousã,risco_movimento_massa,20.03,static
0607,Lousã,risco_nevao,13.378,static
0607,Lousã,risco_ondas_calor,67.439,static
0607,Lousã,risco_ondas_frio,66.667,static
0607,Lousã,risco_seca,66.667,static
0607,Lousã,risco_sismo,40.737,static
0607,Lousã,risco_tsunami,0,static
0607,Lousã,taxa_bruta_natalidade,6.2,static
0607,Lousã,taxa_crescimento_efetivo,1.39,static
0607,Lousã,taxa_desemprego,6.59,static
0607,Lousã,taxa_esforco_arrendamento,23.82699558,static
0607,Lousã,valor_mediano_vendas_m2,1012,static
0608,Mira,acessos_internet_banda_larga,43.24,static
0608,Mira,certificacao_energetica_cf,38.84892086,static
0608,Mira,coeficiente_gini,42,static
0608,Mira,consumo_energia_eletrica,1717.6,static
0608,Mira,densidade_populacional,102.6,static
0608,Mira,disparidade_ganho_mensal,8.1,static
0608,Mira,duracao_pendulares,17.6,static
0608,Mira,emissoes_gee_edificios,3.25,static
0608,Mira,emissoes_gee_transportes,17.01,static
0608,Mira,empresas_volume_negocios,207939.8,static
0608,Mira,indice_envelhecimento_edificios,425.8,static
0608,Mira,percentagem_poder_compra,0.09,static
0608,Mira,prop_agregados_unipessoais,24.99,static
0608,Mira,prop_alojamentos_arrendados,0.01,static
0608,Mira,prop_alojamentos_locais,7.31,static
0608,Mira,prop_alojamentos_nao_classicos,0.12,static
0608,Mira,prop_alojamentos_sobrelotados,7.08788983394086,static
0608,Mira,prop_alojamentos_vagos,14.5,static
0608,Mira,prop_ar_condicionado,4.779262859,static
0608,Mira,prop_edificios_fora_urbano,9.7,static
0608,Mira,prop_ensino_secundario,38.57,static
0608,Mira,prop_habitacao_social,0,static
0608,Mira,prop_mais_20min_escola,81.4,static
0608,Mira,prop_mais_30min_hospital,1,static
0608,Mira,prop_modo_pedonal,9.9,static
0608,Mira,prop_nacionalidade_estrangeira,0.078,static
0608,Mira,prop_necessidade_reparacao,15.13,static
0608,Mira,prop_pop_65_mais,30.79,static
0608,Mira,prop_reabilitacao_edificado,5.3,static
0608,Mira,prop_risco_pobreza,22.84473198,static
0608,Mira,prop_sem_aquecimento,16.24,static
0608,Mira,prop_transporte_coletivo,6,static
0608,Mira,prop_vagos_bom_estado,55.42545,static
0608,Mira,racio_vendas_estrangeiros,1,static
0608,Mira,risco_galgamentos_costeiros,24.59,static
0608,Mira,risco_incendio_rural,53.026,static
0608,Mira,risco_inundacao,0.121,static
0608,Mira,risco_movimento_massa,0.006,static
0608,Mira,risco_nevao,0,static
0608,Mira,risco_ondas_calor,25,static
0608,Mira,risco_ondas_frio,66.664,static
0608,Mira,risco_seca,33.333,static
0608,Mira,risco_sismo,66.213,static
0608,Mira,risco_tsunami,7.314,static
0608,Mira,taxa_bruta_natalidade,6.5,static
0608,Mira,taxa_crescimento_efetivo,1.56,static
0608,Mira,taxa_desemprego,5.76,static
0608,Mira,taxa_esforco_arrendamento,23.08303961,static
0608,Mira,valor_mediano_vendas_m2,1344,static
0609,Miranda do Corvo,acessos_internet_banda_larga,33.86,static
0609,Miranda do Corvo,certificacao_energetica_cf,49.35064935,static
0609,Miranda do Corvo,coeficiente_gini,38.3,static
0609,Miranda do Corvo,consumo_energia_eletrica,1242.9,static
0609,Miranda do Corvo,densidade_populacional,97.1,static
0609,Miranda do Corvo,disparidade_ganho_mensal,5.8,static
0609,Miranda do Corvo,duracao_pendulares,21.75,static
0609,Miranda do Corvo,emissoes_gee_edificios,1.98,static
0609,Miranda do Corvo,emissoes_gee_transportes,12.78,static
0609,Miranda do Corvo,empresas_volume_negocios,110312.9,static
0609,Miranda do Corvo,indice_envelhecimento_edificios,1651.1,static
0609,Miranda do Corvo,percentagem_poder_compra,0.085,static
0609,Miranda do Corvo,prop_agregados_unipessoais,24.15,static
0609,Miranda do Corvo,prop_alojamentos_arrendados,0.0265,static
0609,Miranda do Corvo,prop_alojamentos_locais,3.22,static
0609,Miranda do Corvo,prop_alojamentos_nao_classicos,0.02,static
0609,Miranda do Corvo,prop_alojamentos_sobrelotados,6.84730098718756,static
0609,Miranda do Corvo,prop_alojamentos_vagos,21.7,static
0609,Miranda do Corvo,prop_ar_condicionado,10.67002731,static
0609,Miranda do Corvo,prop_edificios_fora_urbano,4.3,static
0609,Miranda do Corvo,prop_ensino_secundario,38.13,static
0609,Miranda do Corvo,prop_habitacao_social,0,static
0609,Miranda do Corvo,prop_mais_20min_escola,67.48,static
0609,Miranda do Corvo,prop_mais_30min_hospital,1,static
0609,Miranda do Corvo,prop_modo_pedonal,11.6,static
0609,Miranda do Corvo,prop_nacionalidade_estrangeira,0.057,static
0609,Miranda do Corvo,prop_necessidade_reparacao,24.91,static
0609,Miranda do Corvo,prop_pop_65_mais,26.93,static
0609,Miranda do Corvo,prop_reabilitacao_edificado,32.4,static
0609,Miranda do Corvo,prop_risco_pobreza,18.86087625,static
0609,Miranda do Corvo,prop_sem_aquecimento,18.71,static
0609,Miranda do Corvo,prop_transporte_coletivo,15.8,static
0609,Miranda do Corvo,prop_vagos_bom_estado,35.32023,static
0609,Miranda do Corvo,racio_vendas_estrangeiros,1,static
0609,Miranda do Corvo,risco_galgamentos_costeiros,0,static
0609,Miranda do Corvo,risco_incendio_rural,71.303,static
0609,Miranda do Corvo,risco_inundacao,0,static
0609,Miranda do Corvo,risco_movimento_massa,18.424,static
0609,Miranda do Corvo,risco_nevao,7.257,static
0609,Miranda do Corvo,risco_ondas_calor,51.893,static
0609,Miranda do Corvo,risco_ondas_frio,66.667,static
0609,Miranda do Corvo,risco_seca,66.667,static
0609,Miranda do Corvo,risco_sismo,41.65,static
0609,Miranda do Corvo,risco_tsunami,0,static
0609,Miranda do Corvo,taxa_bruta_natalidade,5.6,static
0609,Miranda do Corvo,taxa_crescimento_efetivo,1.25,static
0609,Miranda do Corvo,taxa_desemprego,5.37,static
0609,Miranda do Corvo,taxa_esforco_arrendamento,25.27261385,static
0609,Miranda do Corvo,valor_mediano_vendas_m2,733,static
0610,Montemor-o-Velho,acessos_internet_banda_larga,33.91,static
0610,Montemor-o-Velho,certificacao_energetica_cf,40.9771987,static
0610,Montemor-o-Velho,coeficiente_gini,39.3,static
0610,Montemor-o-Velho,consumo_energia_eletrica,1246.4,static
0610,Montemor-o-Velho,densidade_populacional,109.8,static
0610,Montemor-o-Velho,disparidade_ganho_mensal,8.3,static
0610,Montemor-o-Velho,duracao_pendulares,22.22,static
0610,Montemor-o-Velho,emissoes_gee_edificios,6.77,static
0610,Montemor-o-Velho,emissoes_gee_transportes,29.24,static
0610,Montemor-o-Velho,empresas_volume_negocios,160730.7,static
0610,Montemor-o-Velho,indice_envelhecimento_edificios,1115.2,static
0610,Montemor-o-Velho,percentagem_poder_compra,0.179,static
0610,Montemor-o-Velho,prop_agregados_unipessoais,21.39,static
0610,Montemor-o-Velho,prop_alojamentos_arrendados,0.045,static
0610,Montemor-o-Velho,prop_alojamentos_locais,1.17,static
0610,Montemor-o-Velho,prop_alojamentos_nao_classicos,0.21,static
0610,Montemor-o-Velho,prop_alojamentos_sobrelotados,7.63022743947175,static
0610,Montemor-o-Velho,prop_alojamentos_vagos,16.4,static
0610,Montemor-o-Velho,prop_ar_condicionado,8.825070747,static
0610,Montemor-o-Velho,prop_edificios_fora_urbano,24.5,static
0610,Montemor-o-Velho,prop_ensino_secundario,40.33,static
0610,Montemor-o-Velho,prop_habitacao_social,0.030061626,static
0610,Montemor-o-Velho,prop_mais_20min_escola,91.76,static
0610,Montemor-o-Velho,prop_mais_30min_hospital,0,static
0610,Montemor-o-Velho,prop_modo_pedonal,7.8,static
0610,Montemor-o-Velho,prop_nacionalidade_estrangeira,0.039,static
0610,Montemor-o-Velho,prop_necessidade_reparacao,16.53,static
0610,Montemor-o-Velho,prop_pop_65_mais,26.04,static
0610,Montemor-o-Velho,prop_reabilitacao_edificado,9.5,static
0610,Montemor-o-Velho,prop_risco_pobreza,16.44198895,static
0610,Montemor-o-Velho,prop_sem_aquecimento,23.12,static
0610,Montemor-o-Velho,prop_transporte_coletivo,11.5,static
0610,Montemor-o-Velho,prop_vagos_bom_estado,53.52564,static
0610,Montemor-o-Velho,racio_vendas_estrangeiros,1,static
0610,Montemor-o-Velho,risco_galgamentos_costeiros,0.016,static
0610,Montemor-o-Velho,risco_incendio_rural,28.791,static
0610,Montemor-o-Velho,risco_inundacao,0,static
0610,Montemor-o-Velho,risco_movimento_massa,0.573,static
0610,Montemor-o-Velho,risco_nevao,0,static
0610,Montemor-o-Velho,risco_ondas_calor,40.132,static
0610,Montemor-o-Velho,risco_ondas_frio,66.667,static
0610,Montemor-o-Velho,risco_seca,35.311,static
0610,Montemor-o-Velho,risco_sismo,56.852,static
0610,Montemor-o-Velho,risco_tsunami,16.228,static
0610,Montemor-o-Velho,taxa_bruta_natalidade,7.1,static
0610,Montemor-o-Velho,taxa_crescimento_efetivo,0.97,static
0610,Montemor-o-Velho,taxa_desemprego,5.29,static
0610,Montemor-o-Velho,taxa_esforco_arrendamento,24.25072372,static
0610,Montemor-o-Velho,valor_mediano_vendas_m2,955,static
0611,Oliveira do Hospital,acessos_internet_banda_larga,40.21,static
0611,Oliveira do Hospital,certificacao_energetica_cf,62.41830065,static
0611,Oliveira do Hospital,coeficiente_gini,37.3,static
0611,Oliveira do Hospital,consumo_energia_eletrica,1292.9,static
0611,Oliveira do Hospital,densidade_populacional,83.6,static
0611,Oliveira do Hospital,disparidade_ganho_mensal,5.4,static
0611,Oliveira do Hospital,duracao_pendulares,15.86,static
0611,Oliveira do Hospital,emissoes_gee_edificios,5.16,static
0611,Oliveira do Hospital,emissoes_gee_transportes,19.5,static
0611,Oliveira do Hospital,empresas_volume_negocios,205514.1,static
0611,Oliveira do Hospital,indice_envelhecimento_edificios,1171.1,static
0611,Oliveira do Hospital,percentagem_poder_compra,0.137,static
0611,Oliveira do Hospital,prop_agregados_unipessoais,23.28,static
0611,Oliveira do Hospital,prop_alojamentos_arrendados,0.0243,static
0611,Oliveira do Hospital,prop_alojamentos_locais,3.57,static
0611,Oliveira do Hospital,prop_alojamentos_nao_classicos,0.1,static
0611,Oliveira do Hospital,prop_alojamentos_sobrelotados,7.47699386503067,static
0611,Oliveira do Hospital,prop_alojamentos_vagos,13.5,static
0611,Oliveira do Hospital,prop_ar_condicionado,10.35276074,static
0611,Oliveira do Hospital,prop_edificios_fora_urbano,18.9,static
0611,Oliveira do Hospital,prop_ensino_secundario,33.92,static
0611,Oliveira do Hospital,prop_habitacao_social,0.294519072,static
0611,Oliveira do Hospital,prop_mais_20min_escola,79.94,static
0611,Oliveira do Hospital,prop_mais_30min_hospital,16,static
0611,Oliveira do Hospital,prop_modo_pedonal,14.7,static
0611,Oliveira do Hospital,prop_nacionalidade_estrangeira,0.079,static
0611,Oliveira do Hospital,prop_necessidade_reparacao,14.71,static
0611,Oliveira do Hospital,prop_pop_65_mais,28.37,static
0611,Oliveira do Hospital,prop_reabilitacao_edificado,48.3,static
0611,Oliveira do Hospital,prop_risco_pobreza,22.47843137,static
0611,Oliveira do Hospital,prop_sem_aquecimento,12.62,static
0611,Oliveira do Hospital,prop_transporte_coletivo,10,static
0611,Oliveira do Hospital,prop_vagos_bom_estado,58.60416,static
0611,Oliveira do Hospital,racio_vendas_estrangeiros,1,static
0611,Oliveira do Hospital,risco_galgamentos_costeiros,0,static
0611,Oliveira do Hospital,risco_incendio_rural,79.122,static
0611,Oliveira do Hospital,risco_inundacao,0,static
0611,Oliveira do Hospital,risco_movimento_massa,15.517,static
0611,Oliveira do Hospital,risco_nevao,9.016,static
0611,Oliveira do Hospital,risco_ondas_calor,75,static
0611,Oliveira do Hospital,risco_ondas_frio,66.667,static
0611,Oliveira do Hospital,risco_seca,66.667,static
0611,Oliveira do Hospital,risco_sismo,33.698,static
0611,Oliveira do Hospital,risco_tsunami,0,static
0611,Oliveira do Hospital,taxa_bruta_natalidade,7.8,static
0611,Oliveira do Hospital,taxa_crescimento_efetivo,0.75,static
0611,Oliveira do Hospital,taxa_desemprego,5.74,static
0611,Oliveira do Hospital,taxa_esforco_arrendamento,19.66299925,static
0611,Oliveira do Hospital,valor_mediano_vendas_m2,682,static
0612,Pampilhosa da Serra,acessos_internet_banda_larga,36.03,static
0612,Pampilhosa da Serra,certificacao_energetica_cf,33.82899628,static
0612,Pampilhosa da Serra,coeficiente_gini,34.9,static
0612,Pampilhosa da Serra,consumo_energia_eletrica,1132,static
0612,Pampilhosa da Serra,densidade_populacional,10.5,static
0612,Pampilhosa da Serra,disparidade_ganho_mensal,2.8,static
0612,Pampilhosa da Serra,duracao_pendulares,20.08,static
0612,Pampilhosa da Serra,emissoes_gee_edificios,0.67,static
0612,Pampilhosa da Serra,emissoes_gee_transportes,3.48,static
0612,Pampilhosa da Serra,empresas_volume_negocios,302969.5,static
0612,Pampilhosa da Serra,indice_envelhecimento_edificios,2903.3,static
0612,Pampilhosa da Serra,percentagem_poder_compra,0.026,static
0612,Pampilhosa da Serra,prop_agregados_unipessoais,35.49,static
0612,Pampilhosa da Serra,prop_alojamentos_arrendados,0.0101,static
0612,Pampilhosa da Serra,prop_alojamentos_locais,3.21,static
0612,Pampilhosa da Serra,prop_alojamentos_nao_classicos,0,static
0612,Pampilhosa da Serra,prop_alojamentos_sobrelotados,2.89855072463768,static
0612,Pampilhosa da Serra,prop_alojamentos_vagos,10.3,static
0612,Pampilhosa da Serra,prop_ar_condicionado,5.641821946,static
0612,Pampilhosa da Serra,prop_edificios_fora_urbano,4,static
0612,Pampilhosa da Serra,prop_ensino_secundario,21.38,static
0612,Pampilhosa da Serra,prop_habitacao_social,0,static
0612,Pampilhosa da Serra,prop_mais_20min_escola,83.06,static
0612,Pampilhosa da Serra,prop_mais_30min_hospital,90,static
0612,Pampilhosa da Serra,prop_modo_pedonal,18.1,static
0612,Pampilhosa da Serra,prop_nacionalidade_estrangeira,0.028,static
0612,Pampilhosa da Serra,prop_necessidade_reparacao,13.52,static
0612,Pampilhosa da Serra,prop_pop_65_mais,45.86,static
0612,Pampilhosa da Serra,prop_reabilitacao_edificado,66.7,static
0612,Pampilhosa da Serra,prop_risco_pobreza,20.6462963,static
0612,Pampilhosa da Serra,prop_sem_aquecimento,3.47,static
0612,Pampilhosa da Serra,prop_transporte_coletivo,11.4,static
0612,Pampilhosa da Serra,prop_vagos_bom_estado,60.45296,static
0612,Pampilhosa da Serra,racio_vendas_estrangeiros,1,static
0612,Pampilhosa da Serra,risco_galgamentos_costeiros,0,static
0612,Pampilhosa da Serra,risco_incendio_rural,92.709,static
0612,Pampilhosa da Serra,risco_inundacao,0,static
0612,Pampilhosa da Serra,risco_movimento_massa,26.574,static
0612,Pampilhosa da Serra,risco_nevao,38.281,static
0612,Pampilhosa da Serra,risco_ondas_calor,75,static
0612,Pampilhosa da Serra,risco_ondas_frio,66.667,static
0612,Pampilhosa da Serra,risco_seca,66.667,static
0612,Pampilhosa da Serra,risco_sismo,33.864,static
0612,Pampilhosa da Serra,risco_tsunami,0,static
0612,Pampilhosa da Serra,taxa_bruta_natalidade,3.1,static
0612,Pampilhosa da Serra,taxa_crescimento_efetivo,1.06,static
0612,Pampilhosa da Serra,taxa_desemprego,3.86,static
0612,Pampilhosa da Serra,taxa_esforco_arrendamento,36.22830708,static
0612,Pampilhosa da Serra,valor_mediano_vendas_m2,274,static
0613,Penacova,acessos_internet_banda_larga,34.99,static
0613,Penacova,certificacao_energetica_cf,55.11363636,static
0613,Penacova,coeficiente_gini,37.3,static
0613,Penacova,consumo_energia_eletrica,1318.1,static
0613,Penacova,densidade_populacional,59.8,static
0613,Penacova,disparidade_ganho_mensal,12.7,static
0613,Penacova,duracao_pendulares,20.98,static
0613,Penacova,emissoes_gee_edificios,2.44,static
0613,Penacova,emissoes_gee_transportes,11.84,static
0613,Penacova,empresas_volume_negocios,214050.8,static
0613,Penacova,indice_envelhecimento_edificios,1062.8,static
0613,Penacova,percentagem_poder_compra,0.087,static
0613,Penacova,prop_agregados_unipessoais,23.01,static
0613,Penacova,prop_alojamentos_arrendados,0.0343,static
0613,Penacova,prop_alojamentos_locais,3.95,static
0613,Penacova,prop_alojamentos_nao_classicos,0.01,static
0613,Penacova,prop_alojamentos_sobrelotados,4.97728993186979,static
0613,Penacova,prop_alojamentos_vagos,17,static
0613,Penacova,prop_ar_condicionado,7.607872824,static
0613,Penacova,prop_edificios_fora_urbano,11.5,static
0613,Penacova,prop_ensino_secundario,30.4,static
0613,Penacova,prop_habitacao_social,0.129854799,static
0613,Penacova,prop_mais_20min_escola,89.95,static
0613,Penacova,prop_mais_30min_hospital,13,static
0613,Penacova,prop_modo_pedonal,7.8,static
0613,Penacova,prop_nacionalidade_estrangeira,0.036,static
0613,Penacova,prop_necessidade_reparacao,10.79,static
0613,Penacova,prop_pop_65_mais,32.1,static
0613,Penacova,prop_reabilitacao_edificado,40,static
0613,Penacova,prop_risco_pobreza,23.72102161,static
0613,Penacova,prop_sem_aquecimento,15.9,static
0613,Penacova,prop_transporte_coletivo,15.7,static
0613,Penacova,prop_vagos_bom_estado,62.28008,static
0613,Penacova,racio_vendas_estrangeiros,1,static
0613,Penacova,risco_galgamentos_costeiros,0,static
0613,Penacova,risco_incendio_rural,67.133,static
0613,Penacova,risco_inundacao,0,static
0613,Penacova,risco_movimento_massa,15.537,static
0613,Penacova,risco_nevao,0.01,static
0613,Penacova,risco_ondas_calor,56.141,static
0613,Penacova,risco_ondas_frio,66.667,static
0613,Penacova,risco_seca,66.667,static
0613,Penacova,risco_sismo,34.389,static
0613,Penacova,risco_tsunami,0,static
0613,Penacova,taxa_bruta_natalidade,5.8,static
0613,Penacova,taxa_crescimento_efetivo,0.25,static
0613,Penacova,taxa_desemprego,3.84,static
0613,Penacova,taxa_esforco_arrendamento,22.30985915,static
0613,Penacova,valor_mediano_vendas_m2,590,static
0614,Penela,acessos_internet_banda_larga,32.02,static
0614,Penela,certificacao_energetica_cf,35.22012579,static
0614,Penela,coeficiente_gini,40.2,static
0614,Penela,consumo_energia_eletrica,1339.5,static
0614,Penela,densidade_populacional,42.4,static
0614,Penela,disparidade_ganho_mensal,7.9,static
0614,Penela,duracao_pendulares,18.36,static
0614,Penela,emissoes_gee_edificios,0.85,static
0614,Penela,emissoes_gee_transportes,12.31,static
0614,Penela,empresas_volume_negocios,367902.5,static
0614,Penela,indice_envelhecimento_edificios,1410.1,static
0614,Penela,percentagem_poder_compra,0.04,static
0614,Penela,prop_agregados_unipessoais,27.98,static
0614,Penela,prop_alojamentos_arrendados,0.0392,static
0614,Penela,prop_alojamentos_locais,5.59,static
0614,Penela,prop_alojamentos_nao_classicos,0,static
0614,Penela,prop_alojamentos_sobrelotados,6.09973285841496,static
0614,Penela,prop_alojamentos_vagos,25.9,static
0614,Penela,prop_ar_condicionado,10.06233304,static
0614,Penela,prop_edificios_fora_urbano,17.4,static
0614,Penela,prop_ensino_secundario,34.7,static
0614,Penela,prop_habitacao_social,0,static
0614,Penela,prop_mais_20min_escola,100,static
0614,Penela,prop_mais_30min_hospital,5,static
0614,Penela,prop_modo_pedonal,12.4,static
0614,Penela,prop_nacionalidade_estrangeira,0.124,static
0614,Penela,prop_necessidade_reparacao,37.47,static
0614,Penela,prop_pop_65_mais,31.97,static
0614,Penela,prop_reabilitacao_edificado,11.1,static
0614,Penela,prop_risco_pobreza,22.01083032,static
0614,Penela,prop_sem_aquecimento,18.43,static
0614,Penela,prop_transporte_coletivo,12.7,static
0614,Penela,prop_vagos_bom_estado,30.35398,static
0614,Penela,racio_vendas_estrangeiros,1,static
0614,Penela,risco_galgamentos_costeiros,0,static
0614,Penela,risco_incendio_rural,65.305,static
0614,Penela,risco_inundacao,0,static
0614,Penela,risco_movimento_massa,18.606,static
0614,Penela,risco_nevao,8.379,static
0614,Penela,risco_ondas_calor,54.151,static
0614,Penela,risco_ondas_frio,66.667,static
0614,Penela,risco_seca,66.667,static
0614,Penela,risco_sismo,34.436,static
0614,Penela,risco_tsunami,0,static
0614,Penela,taxa_bruta_natalidade,5.5,static
0614,Penela,taxa_crescimento_efetivo,1.82,static
0614,Penela,taxa_desemprego,4.36,static
0614,Penela,taxa_esforco_arrendamento,37.12861295,static
0614,Penela,valor_mediano_vendas_m2,828,static
0615,Soure,acessos_internet_banda_larga,35.98,static
0615,Soure,certificacao_energetica_cf,61.50234742,static
0615,Soure,coeficiente_gini,37.9,static
0615,Soure,consumo_energia_eletrica,1331.7,static
0615,Soure,densidade_populacional,65.3,static
0615,Soure,disparidade_ganho_mensal,13.9,static
0615,Soure,duracao_pendulares,21.79,static
0615,Soure,emissoes_gee_edificios,3.21,static
0615,Soure,emissoes_gee_transportes,30.47,static
0615,Soure,empresas_volume_negocios,160791.7,static
0615,Soure,indice_envelhecimento_edificios,1240.4,static
0615,Soure,percentagem_poder_compra,0.123,static
0615,Soure,prop_agregados_unipessoais,26.41,static
0615,Soure,prop_alojamentos_arrendados,0.0896,static
0615,Soure,prop_alojamentos_locais,1.26,static
0615,Soure,prop_alojamentos_nao_classicos,0,static
0615,Soure,prop_alojamentos_sobrelotados,5.73611111111111,static
0615,Soure,prop_alojamentos_vagos,20.1,static
0615,Soure,prop_ar_condicionado,9.791666667,static
0615,Soure,prop_edificios_fora_urbano,9.9,static
0615,Soure,prop_ensino_secundario,36.52,static
0615,Soure,prop_habitacao_social,0.122871687,static
0615,Soure,prop_mais_20min_escola,84.89,static
0615,Soure,prop_mais_30min_hospital,0,static
0615,Soure,prop_modo_pedonal,9.5,static
0615,Soure,prop_nacionalidade_estrangeira,0.046,static
0615,Soure,prop_necessidade_reparacao,27.83,static
0615,Soure,prop_pop_65_mais,33.47,static
0615,Soure,prop_reabilitacao_edificado,0,static
0615,Soure,prop_risco_pobreza,16.12545587,static
0615,Soure,prop_sem_aquecimento,17.01,static
0615,Soure,prop_transporte_coletivo,15.5,static
0615,Soure,prop_vagos_bom_estado,41.77384,static
0615,Soure,racio_vendas_estrangeiros,1,static
0615,Soure,risco_galgamentos_costeiros,0.009,static
0615,Soure,risco_incendio_rural,46.783,static
0615,Soure,risco_inundacao,0,static
0615,Soure,risco_movimento_massa,4.039,static
0615,Soure,risco_nevao,0.001,static
0615,Soure,risco_ondas_calor,47.983,static
0615,Soure,risco_ondas_frio,66.667,static
0615,Soure,risco_seca,51.497,static
0615,Soure,risco_sismo,44.291,static
0615,Soure,risco_tsunami,6.672,static
0615,Soure,taxa_bruta_natalidade,4.9,static
0615,Soure,taxa_crescimento_efetivo,0.37,static
0615,Soure,taxa_desemprego,5.16,static
0615,Soure,taxa_esforco_arrendamento,21.11790057,static
0615,Soure,valor_mediano_vendas_m2,723,static
0616,Tábua,acessos_internet_banda_larga,38.95,static
0616,Tábua,certificacao_energetica_cf,56.60377358,static
0616,Tábua,coeficiente_gini,38.9,static
0616,Tábua,consumo_energia_eletrica,1318.9,static
0616,Tábua,densidade_populacional,59,static
0616,Tábua,disparidade_ganho_mensal,11.4,static
0616,Tábua,duracao_pendulares,15.58,static
0616,Tábua,emissoes_gee_edificios,2.08,static
0616,Tábua,emissoes_gee_transportes,9.37,static
0616,Tábua,empresas_volume_negocios,319599,static
0616,Tábua,indice_envelhecimento_edificios,1640.4,static
0616,Tábua,percentagem_poder_compra,0.08,static
0616,Tábua,prop_agregados_unipessoais,24.65,static
0616,Tábua,prop_alojamentos_arrendados,0.0376,static
0616,Tábua,prop_alojamentos_locais,2.43,static
0616,Tábua,prop_alojamentos_nao_classicos,0.04,static
0616,Tábua,prop_alojamentos_sobrelotados,8.03908505440817,static
0616,Tábua,prop_alojamentos_vagos,11.8,static
0616,Tábua,prop_ar_condicionado,10.7928048,static
0616,Tábua,prop_edificios_fora_urbano,52.6,static
0616,Tábua,prop_ensino_secundario,31.72,static
0616,Tábua,prop_habitacao_social,0,static
0616,Tábua,prop_mais_20min_escola,79.31,static
0616,Tábua,prop_mais_30min_hospital,27,static
0616,Tábua,prop_modo_pedonal,12.8,static
0616,Tábua,prop_nacionalidade_estrangeira,0.087,static
0616,Tábua,prop_necessidade_reparacao,21.03,static
0616,Tábua,prop_pop_65_mais,29.78,static
0616,Tábua,prop_reabilitacao_edificado,0,static
0616,Tábua,prop_risco_pobreza,25.18467583,static
0616,Tábua,prop_sem_aquecimento,11.75,static
0616,Tábua,prop_transporte_coletivo,11.7,static
0616,Tábua,prop_vagos_bom_estado,48.9776,static
0616,Tábua,racio_vendas_estrangeiros,0.709183673,static
0616,Tábua,risco_galgamentos_costeiros,0,static
0616,Tábua,risco_incendio_rural,70.392,static
0616,Tábua,risco_inundacao,0,static
0616,Tábua,risco_movimento_massa,6.16,static
0616,Tábua,risco_nevao,0.017,static
0616,Tábua,risco_ondas_calor,75,static
0616,Tábua,risco_ondas_frio,66.667,static
0616,Tábua,risco_seca,66.667,static
0616,Tábua,risco_sismo,33.545,static
0616,Tábua,risco_tsunami,0,static
0616,Tábua,taxa_bruta_natalidade,7.4,static
0616,Tábua,taxa_crescimento_efetivo,1.56,static
0616,Tábua,taxa_desemprego,5.52,static
0616,Tábua,taxa_esforco_arrendamento,23.68077388,static
0616,Tábua,valor_mediano_vendas_m2,606,static
0617,Vila Nova de Poiares,acessos_internet_banda_larga,38.47,static
0617,Vila Nova de Poiares,certificacao_energetica_cf,47.65100671,static
0617,Vila Nova de Poiares,coeficiente_gini,38,static
0617,Vila Nova de Poiares,consumo_energia_eletrica,1341.6,static
0617,Vila Nova de Poiares,densidade_populacional,86,static
0617,Vila Nova de Poiares,disparidade_ganho_mensal,9.5,static
0617,Vila Nova de Poiares,duracao_pendulares,16.94,static
0617,Vila Nova de Poiares,emissoes_gee_edificios,1.63,static
0617,Vila Nova de Poiares,emissoes_gee_transportes,5.65,static
0617,Vila Nova de Poiares,empresas_volume_negocios,296847.5,static
0617,Vila Nova de Poiares,indice_envelhecimento_edificios,1966.7,static
0617,Vila Nova de Poiares,percentagem_poder_compra,0.052,static
0617,Vila Nova de Poiares,prop_agregados_unipessoais,24.35,static
0617,Vila Nova de Poiares,prop_alojamentos_arrendados,0.0196,static
0617,Vila Nova de Poiares,prop_alojamentos_locais,1.42,static
0617,Vila Nova de Poiares,prop_alojamentos_nao_classicos,0,static
0617,Vila Nova de Poiares,prop_alojamentos_sobrelotados,7.87965616045845,static
0617,Vila Nova de Poiares,prop_alojamentos_vagos,12.6,static
0617,Vila Nova de Poiares,prop_ar_condicionado,12.64326648,static
0617,Vila Nova de Poiares,prop_edificios_fora_urbano,4.8,static
0617,Vila Nova de Poiares,prop_ensino_secundario,36.09,static
0617,Vila Nova de Poiares,prop_habitacao_social,0,static
0617,Vila Nova de Poiares,prop_mais_20min_escola,69.2,static
0617,Vila Nova de Poiares,prop_mais_30min_hospital,2,static
0617,Vila Nova de Poiares,prop_modo_pedonal,11.7,static
0617,Vila Nova de Poiares,prop_nacionalidade_estrangeira,0.103,static
0617,Vila Nova de Poiares,prop_necessidade_reparacao,11.59,static
0617,Vila Nova de Poiares,prop_pop_65_mais,25.8,static
0617,Vila Nova de Poiares,prop_reabilitacao_edificado,44.4,static
0617,Vila Nova de Poiares,prop_risco_pobreza,21.06743738,static
0617,Vila Nova de Poiares,prop_sem_aquecimento,19.95,static
0617,Vila Nova de Poiares,prop_transporte_coletivo,7.8,static
0617,Vila Nova de Poiares,prop_vagos_bom_estado,63.01616,static
0617,Vila Nova de Poiares,racio_vendas_estrangeiros,1,static
0617,Vila Nova de Poiares,risco_galgamentos_costeiros,0,static
0617,Vila Nova de Poiares,risco_incendio_rural,76.375,static
0617,Vila Nova de Poiares,risco_inundacao,0,static
0617,Vila Nova de Poiares,risco_movimento_massa,14.928,static
0617,Vila Nova de Poiares,risco_nevao,0,static
0617,Vila Nova de Poiares,risco_ondas_calor,58.748,static
0617,Vila Nova de Poiares,risco_ondas_frio,66.667,static
0617,Vila Nova de Poiares,risco_seca,66.667,static
0617,Vila Nova de Poiares,risco_sismo,37.404,static
0617,Vila Nova de Poiares,risco_tsunami,0,static
0617,Vila Nova de Poiares,taxa_bruta_natalidade,8.5,static
0617,Vila Nova de Poiares,taxa_crescimento_efetivo,1.68,static
0617,Vila Nova de Poiares,taxa_desemprego,5.52,static
0617,Vila Nova de Poiares,taxa_esforco_arrendamento,21.7560903,static
0617,Vila Nova de Poiares,valor_mediano_vendas_m2,714,static
0701,Alandroal,acessos_internet_banda_larga,39.68,static
0701,Alandroal,certificacao_energetica_cf,80,static
0701,Alandroal,coeficiente_gini,36,static
0701,Alandroal,consumo_energia_eletrica,1837.1,static
0701,Alandroal,densidade_populacional,9.2,static
0701,Alandroal,disparidade_ganho_mensal,7.2,static
0701,Alandroal,duracao_pendulares,19.86,static
0701,Alandroal,emissoes_gee_edificios,1.1,static
0701,Alandroal,emissoes_gee_transportes,4.54,static
0701,Alandroal,empresas_volume_negocios,88479.53,static
0701,Alandroal,indice_envelhecimento_edificios,3826.2,static
0701,Alandroal,percentagem_poder_compra,0.033,static
0701,Alandroal,prop_agregados_unipessoais,29.86,static
0701,Alandroal,prop_alojamentos_arrendados,0.0682,static
0701,Alandroal,prop_alojamentos_locais,4.54,static
0701,Alandroal,prop_alojamentos_nao_classicos,0.5,static
0701,Alandroal,prop_alojamentos_sobrelotados,8.72389791183294,static
0701,Alandroal,prop_alojamentos_vagos,12.1,static
0701,Alandroal,prop_ar_condicionado,37.81902552,static
0701,Alandroal,prop_edificios_fora_urbano,22.7,static
0701,Alandroal,prop_ensino_secundario,27.87,static
0701,Alandroal,prop_habitacao_social,0,static
0701,Alandroal,prop_mais_20min_escola,100,static
0701,Alandroal,prop_mais_30min_hospital,63,static
0701,Alandroal,prop_modo_pedonal,18.4,static
0701,Alandroal,prop_nacionalidade_estrangeira,0.042,static
0701,Alandroal,prop_necessidade_reparacao,6.56,static
0701,Alandroal,prop_pop_65_mais,32.07,static
0701,Alandroal,prop_reabilitacao_edificado,40,static
0701,Alandroal,prop_risco_pobreza,19.76708373,static
0701,Alandroal,prop_sem_aquecimento,16.19,static
0701,Alandroal,prop_transporte_coletivo,16.5,static
0701,Alandroal,prop_vagos_bom_estado,85.98131,static
0701,Alandroal,racio_vendas_estrangeiros,1,static
0701,Alandroal,risco_galgamentos_costeiros,0,static
0701,Alandroal,risco_incendio_rural,30.221,static
0701,Alandroal,risco_inundacao,0,static
0701,Alandroal,risco_movimento_massa,0.225,static
0701,Alandroal,risco_nevao,0,static
0701,Alandroal,risco_ondas_calor,100,static
0701,Alandroal,risco_ondas_frio,33.333,static
0701,Alandroal,risco_seca,77.81,static
0701,Alandroal,risco_sismo,34.252,static
0701,Alandroal,risco_tsunami,0,static
0701,Alandroal,taxa_bruta_natalidade,5.8,static
0701,Alandroal,taxa_crescimento_efetivo,-0.46,static
0701,Alandroal,taxa_desemprego,6.71,static
0701,Alandroal,taxa_esforco_arrendamento,32.27278364,static
0701,Alandroal,valor_mediano_vendas_m2,711,static
0702,Arraiolos,acessos_internet_banda_larga,44.75,static
0702,Arraiolos,certificacao_energetica_cf,64.0625,static
0702,Arraiolos,coeficiente_gini,37.3,static
0702,Arraiolos,consumo_energia_eletrica,1784.4,static
0702,Arraiolos,densidade_populacional,10,static
0702,Arraiolos,disparidade_ganho_mensal,8,static
0702,Arraiolos,duracao_pendulares,17.81,static
0702,Arraiolos,emissoes_gee_edificios,1.33,static
0702,Arraiolos,emissoes_gee_transportes,6.84,static
0702,Arraiolos,empresas_volume_negocios,202728.1,static
0702,Arraiolos,indice_envelhecimento_edificios,2409.3,static
0702,Arraiolos,percentagem_poder_compra,0.05,static
0702,Arraiolos,prop_agregados_unipessoais,27.41,static
0702,Arraiolos,prop_alojamentos_arrendados,0.0109,static
0702,Arraiolos,prop_alojamentos_locais,5.7,static
0702,Arraiolos,prop_alojamentos_nao_classicos,0,static
0702,Arraiolos,prop_alojamentos_sobrelotados,7.20946915351506,static
0702,Arraiolos,prop_alojamentos_vagos,14.4,static
0702,Arraiolos,prop_ar_condicionado,36.40602582,static
0702,Arraiolos,prop_edificios_fora_urbano,17.8,static
0702,Arraiolos,prop_ensino_secundario,37.37,static
0702,Arraiolos,prop_habitacao_social,0,static
0702,Arraiolos,prop_mais_20min_escola,67.44,static
0702,Arraiolos,prop_mais_30min_hospital,21,static
0702,Arraiolos,prop_modo_pedonal,21.7,static
0702,Arraiolos,prop_nacionalidade_estrangeira,0.037,static
0702,Arraiolos,prop_necessidade_reparacao,11.73,static
0702,Arraiolos,prop_pop_65_mais,28.81,static
0702,Arraiolos,prop_reabilitacao_edificado,40.9,static
0702,Arraiolos,prop_risco_pobreza,14.00934579,static
0702,Arraiolos,prop_sem_aquecimento,13.92,static
0702,Arraiolos,prop_transporte_coletivo,9.7,static
0702,Arraiolos,prop_vagos_bom_estado,64.67153,static
0702,Arraiolos,racio_vendas_estrangeiros,1,static
0702,Arraiolos,risco_galgamentos_costeiros,0,static
0702,Arraiolos,risco_incendio_rural,25.78,static
0702,Arraiolos,risco_inundacao,0,static
0702,Arraiolos,risco_movimento_massa,0.203,static
0702,Arraiolos,risco_nevao,0,static
0702,Arraiolos,risco_ondas_calor,75,static
0702,Arraiolos,risco_ondas_frio,66.667,static
0702,Arraiolos,risco_seca,71.21,static
0702,Arraiolos,risco_sismo,59.262,static
0702,Arraiolos,risco_tsunami,0,static
0702,Arraiolos,taxa_bruta_natalidade,7,static
0702,Arraiolos,taxa_crescimento_efetivo,1.35,static
0702,Arraiolos,taxa_desemprego,5.35,static
0702,Arraiolos,taxa_esforco_arrendamento,28.49249898,static
0702,Arraiolos,valor_mediano_vendas_m2,820,static
0703,Borba,acessos_internet_banda_larga,39.72,static
0703,Borba,certificacao_energetica_cf,86.32478632,static
0703,Borba,coeficiente_gini,37,static
0703,Borba,consumo_energia_eletrica,1667.7,static
0703,Borba,densidade_populacional,43.9,static
0703,Borba,disparidade_ganho_mensal,5.8,static
0703,Borba,duracao_pendulares,15.15,static
0703,Borba,emissoes_gee_edificios,1.82,static
0703,Borba,emissoes_gee_transportes,9.05,static
0703,Borba,empresas_volume_negocios,102311.4,static
0703,Borba,indice_envelhecimento_edificios,2604.5,static
0703,Borba,percentagem_poder_compra,0.046,static
0703,Borba,prop_agregados_unipessoais,24.92,static
0703,Borba,prop_alojamentos_arrendados,0.0338,static
0703,Borba,prop_alojamentos_locais,4.15,static
0703,Borba,prop_alojamentos_nao_classicos,0,static
0703,Borba,prop_alojamentos_sobrelotados,7.03536493604213,static
0703,Borba,prop_alojamentos_vagos,18.3,static
0703,Borba,prop_ar_condicionado,44.16854778,static
0703,Borba,prop_edificios_fora_urbano,17.1,static
0703,Borba,prop_ensino_secundario,33.53,static
0703,Borba,prop_habitacao_social,1.435185185,static
0703,Borba,prop_mais_20min_escola,100,static
0703,Borba,prop_mais_30min_hospital,19,static
0703,Borba,prop_modo_pedonal,22.2,static
0703,Borba,prop_nacionalidade_estrangeira,0.027,static
0703,Borba,prop_necessidade_reparacao,9.42,static
0703,Borba,prop_pop_65_mais,29.03,static
0703,Borba,prop_reabilitacao_edificado,42.9,static
0703,Borba,prop_risco_pobreza,16.09612626,static
0703,Borba,prop_sem_aquecimento,11.4,static
0703,Borba,prop_transporte_coletivo,11.2,static
0703,Borba,prop_vagos_bom_estado,68.0104,static
0703,Borba,racio_vendas_estrangeiros,1,static
0703,Borba,risco_galgamentos_costeiros,0,static
0703,Borba,risco_incendio_rural,42.796,static
0703,Borba,risco_inundacao,0,static
0703,Borba,risco_movimento_massa,1.001,static
0703,Borba,risco_nevao,0,static
0703,Borba,risco_ondas_calor,100,static
0703,Borba,risco_ondas_frio,47.989,static
0703,Borba,risco_seca,66.667,static
0703,Borba,risco_sismo,33.333,static
0703,Borba,risco_tsunami,0,static
0703,Borba,taxa_bruta_natalidade,5.8,static
0703,Borba,taxa_crescimento_efetivo,-0.31,static
0703,Borba,taxa_desemprego,5.81,static
0703,Borba,taxa_esforco_arrendamento,16.59349649,static
0703,Borba,valor_mediano_vendas_m2,657,static
0704,Estremoz,acessos_internet_banda_larga,42.39,static
0704,Estremoz,certificacao_energetica_cf,75.29880478,static
0704,Estremoz,coeficiente_gini,39.1,static
0704,Estremoz,consumo_energia_eletrica,1560.7,static
0704,Estremoz,densidade_populacional,24.3,static
0704,Estremoz,disparidade_ganho_mensal,5.7,static
0704,Estremoz,duracao_pendulares,15.92,static
0704,Estremoz,emissoes_gee_edificios,2.54,static
0704,Estremoz,emissoes_gee_transportes,20.1,static
0704,Estremoz,empresas_volume_negocios,174773,static
0704,Estremoz,indice_envelhecimento_edificios,2807,static
0704,Estremoz,percentagem_poder_compra,0.112,static
0704,Estremoz,prop_agregados_unipessoais,27.98,static
0704,Estremoz,prop_alojamentos_arrendados,0.0176,static
0704,Estremoz,prop_alojamentos_locais,4.36,static
0704,Estremoz,prop_alojamentos_nao_classicos,0,static
0704,Estremoz,prop_alojamentos_sobrelotados,8.73893805309734,static
0704,Estremoz,prop_alojamentos_vagos,21.6,static
0704,Estremoz,prop_ar_condicionado,38.97492625,static
0704,Estremoz,prop_edificios_fora_urbano,28.4,static
0704,Estremoz,prop_ensino_secundario,39.77,static
0704,Estremoz,prop_habitacao_social,0,static
0704,Estremoz,prop_mais_20min_escola,48.57,static
0704,Estremoz,prop_mais_30min_hospital,82,static
0704,Estremoz,prop_modo_pedonal,23,static
0704,Estremoz,prop_nacionalidade_estrangeira,0.053,static
0704,Estremoz,prop_necessidade_reparacao,17.03,static
0704,Estremoz,prop_pop_65_mais,29.05,static
0704,Estremoz,prop_reabilitacao_edificado,87.5,static
0704,Estremoz,prop_risco_pobreza,15.15673289,static
0704,Estremoz,prop_sem_aquecimento,13.72,static
0704,Estremoz,prop_transporte_coletivo,6.6,static
0704,Estremoz,prop_vagos_bom_estado,54.29842,static
0704,Estremoz,racio_vendas_estrangeiros,1,static
0704,Estremoz,risco_galgamentos_costeiros,0,static
0704,Estremoz,risco_incendio_rural,36.298,static
0704,Estremoz,risco_inundacao,0,static
0704,Estremoz,risco_movimento_massa,1.12,static
0704,Estremoz,risco_nevao,0,static
0704,Estremoz,risco_ondas_calor,79.505,static
0704,Estremoz,risco_ondas_frio,66.665,static
0704,Estremoz,risco_seca,71.706,static
0704,Estremoz,risco_sismo,36.419,static
0704,Estremoz,risco_tsunami,0,static
0704,Estremoz,taxa_bruta_natalidade,8.5,static
0704,Estremoz,taxa_crescimento_efetivo,-0.54,static
0704,Estremoz,taxa_desemprego,5.32,static
0704,Estremoz,taxa_esforco_arrendamento,21.13415558,static
0704,Estremoz,valor_mediano_vendas_m2,808,static
0705,Évora,acessos_internet_banda_larga,49.01,static
0705,Évora,certificacao_energetica_cf,65.53610503,static
0705,Évora,coeficiente_gini,42.9,static
0705,Évora,consumo_energia_eletrica,1606.9,static
0705,Évora,densidade_populacional,41.2,static
0705,Évora,disparidade_ganho_mensal,6.9,static
0705,Évora,duracao_pendulares,15.55,static
0705,Évora,emissoes_gee_edificios,15.5,static
0705,Évora,emissoes_gee_transportes,80.43,static
0705,Évora,empresas_volume_negocios,233709.8,static
0705,Évora,indice_envelhecimento_edificios,1761.8,static
0705,Évora,percentagem_poder_compra,0.565,static
0705,Évora,prop_agregados_unipessoais,27.12,static
0705,Évora,prop_alojamentos_arrendados,0.0752,static
0705,Évora,prop_alojamentos_locais,6.93,static
0705,Évora,prop_alojamentos_nao_classicos,0.18,static
0705,Évora,prop_alojamentos_sobrelotados,10.4008958566629,static
0705,Évora,prop_alojamentos_vagos,14.5,static
0705,Évora,prop_ar_condicionado,46.07838746,static
0705,Évora,prop_edificios_fora_urbano,12.5,static
0705,Évora,prop_ensino_secundario,53.19,static
0705,Évora,prop_habitacao_social,2.82753069,static
0705,Évora,prop_mais_20min_escola,42.28,static
0705,Évora,prop_mais_30min_hospital,0,static
0705,Évora,prop_modo_pedonal,17.9,static
0705,Évora,prop_nacionalidade_estrangeira,0.104,static
0705,Évora,prop_necessidade_reparacao,7.78,static
0705,Évora,prop_pop_65_mais,23.57,static
0705,Évora,prop_reabilitacao_edificado,28.7,static
0705,Évora,prop_risco_pobreza,11.74807481,static
0705,Évora,prop_sem_aquecimento,13.61,static
0705,Évora,prop_transporte_coletivo,5.7,static
0705,Évora,prop_vagos_bom_estado,75.78996,static
0705,Évora,racio_vendas_estrangeiros,1.537254902,static
0705,Évora,risco_galgamentos_costeiros,0,static
0705,Évora,risco_incendio_rural,26.963,static
0705,Évora,risco_inundacao,0,static
0705,Évora,risco_movimento_massa,0.057,static
0705,Évora,risco_nevao,0,static
0705,Évora,risco_ondas_calor,77.529,static
0705,Évora,risco_ondas_frio,65.913,static
0705,Évora,risco_seca,97.895,static
0705,Évora,risco_sismo,45.448,static
0705,Évora,risco_tsunami,0,static
0705,Évora,taxa_bruta_natalidade,8.1,static
0705,Évora,taxa_crescimento_efetivo,-0.05,static
0705,Évora,taxa_desemprego,6.28,static
0705,Évora,taxa_esforco_arrendamento,34.89309367,static
0705,Évora,valor_mediano_vendas_m2,1882,static
0706,Montemor-o-Novo,acessos_internet_banda_larga,44.9,static
0706,Montemor-o-Novo,certificacao_energetica_cf,45.20547945,static
0706,Montemor-o-Novo,coeficiente_gini,40.2,static
0706,Montemor-o-Novo,consumo_energia_eletrica,1625.3,static
0706,Montemor-o-Novo,densidade_populacional,12.9,static
0706,Montemor-o-Novo,disparidade_ganho_mensal,6.6,static
0706,Montemor-o-Novo,duracao_pendulares,17.46,static
0706,Montemor-o-Novo,emissoes_gee_edificios,3.41,static
0706,Montemor-o-Novo,emissoes_gee_transportes,39.73,static
0706,Montemor-o-Novo,empresas_volume_negocios,175923.9,static
0706,Montemor-o-Novo,indice_envelhecimento_edificios,1582,static
0706,Montemor-o-Novo,percentagem_poder_compra,0.134,static
0706,Montemor-o-Novo,prop_agregados_unipessoais,27.36,static
0706,Montemor-o-Novo,prop_alojamentos_arrendados,0.0119,static
0706,Montemor-o-Novo,prop_alojamentos_locais,4.03,static
0706,Montemor-o-Novo,prop_alojamentos_nao_classicos,0.12,static
0706,Montemor-o-Novo,prop_alojamentos_sobrelotados,8.74754494636652,static
0706,Montemor-o-Novo,prop_alojamentos_vagos,16.7,static
0706,Montemor-o-Novo,prop_ar_condicionado,36.04774135,static
0706,Montemor-o-Novo,prop_edificios_fora_urbano,29.7,static
0706,Montemor-o-Novo,prop_ensino_secundario,37.28,static
0706,Montemor-o-Novo,prop_habitacao_social,0.611937488,static
0706,Montemor-o-Novo,prop_mais_20min_escola,48.65,static
0706,Montemor-o-Novo,prop_mais_30min_hospital,38,static
0706,Montemor-o-Novo,prop_modo_pedonal,23.9,static
0706,Montemor-o-Novo,prop_nacionalidade_estrangeira,0.084,static
0706,Montemor-o-Novo,prop_necessidade_reparacao,9.91,static
0706,Montemor-o-Novo,prop_pop_65_mais,30.25,static
0706,Montemor-o-Novo,prop_reabilitacao_edificado,51.9,static
0706,Montemor-o-Novo,prop_risco_pobreza,15.88106012,static
0706,Montemor-o-Novo,prop_sem_aquecimento,14.52,static
0706,Montemor-o-Novo,prop_transporte_coletivo,7.2,static
0706,Montemor-o-Novo,prop_vagos_bom_estado,69.03524,static
0706,Montemor-o-Novo,racio_vendas_estrangeiros,1,static
0706,Montemor-o-Novo,risco_galgamentos_costeiros,0,static
0706,Montemor-o-Novo,risco_incendio_rural,24.902,static
0706,Montemor-o-Novo,risco_inundacao,0,static
0706,Montemor-o-Novo,risco_movimento_massa,0.27,static
0706,Montemor-o-Novo,risco_nevao,0,static
0706,Montemor-o-Novo,risco_ondas_calor,59.877,static
0706,Montemor-o-Novo,risco_ondas_frio,60.621,static
0706,Montemor-o-Novo,risco_seca,67.155,static
0706,Montemor-o-Novo,risco_sismo,67.597,static
0706,Montemor-o-Novo,risco_tsunami,0,static
0706,Montemor-o-Novo,taxa_bruta_natalidade,7.5,static
0706,Montemor-o-Novo,taxa_crescimento_efetivo,-0.24,static
0706,Montemor-o-Novo,taxa_desemprego,4.9,static
0706,Montemor-o-Novo,taxa_esforco_arrendamento,27.88830522,static
0706,Montemor-o-Novo,valor_mediano_vendas_m2,1140,static
0707,Mora,acessos_internet_banda_larga,46.37,static
0707,Mora,certificacao_energetica_cf,80,static
0707,Mora,coeficiente_gini,37.9,static
0707,Mora,consumo_energia_eletrica,1651.8,static
0707,Mora,densidade_populacional,9.4,static
0707,Mora,disparidade_ganho_mensal,6.6,static
0707,Mora,duracao_pendulares,16.68,static
0707,Mora,emissoes_gee_edificios,0.8,static
0707,Mora,emissoes_gee_transportes,3.86,static
0707,Mora,empresas_volume_negocios,228045.8,static
0707,Mora,indice_envelhecimento_edificios,3492.1,static
0707,Mora,percentagem_poder_compra,0.031,static
0707,Mora,prop_agregados_unipessoais,31.28,static
0707,Mora,prop_alojamentos_arrendados,0.0278,static
0707,Mora,prop_alojamentos_locais,1.78,static
0707,Mora,prop_alojamentos_nao_classicos,0,static
0707,Mora,prop_alojamentos_sobrelotados,6.44273127753303,static
0707,Mora,prop_alojamentos_vagos,20.9,static
0707,Mora,prop_ar_condicionado,35.18722467,static
0707,Mora,prop_edificios_fora_urbano,18,static
0707,Mora,prop_ensino_secundario,27.97,static
0707,Mora,prop_habitacao_social,1.428571429,static
0707,Mora,prop_mais_20min_escola,57.48,static
0707,Mora,prop_mais_30min_hospital,100,static
0707,Mora,prop_modo_pedonal,28.1,static
0707,Mora,prop_nacionalidade_estrangeira,0.03,static
0707,Mora,prop_necessidade_reparacao,8.89,static
0707,Mora,prop_pop_65_mais,38.77,static
0707,Mora,prop_reabilitacao_edificado,50,static
0707,Mora,prop_risco_pobreza,13.78391552,static
0707,Mora,prop_sem_aquecimento,12.72,static
0707,Mora,prop_transporte_coletivo,8.2,static
0707,Mora,prop_vagos_bom_estado,71.8398,static
0707,Mora,racio_vendas_estrangeiros,1,static
0707,Mora,risco_galgamentos_costeiros,0,static
0707,Mora,risco_incendio_rural,23.125,static
0707,Mora,risco_inundacao,0,static
0707,Mora,risco_movimento_massa,0.213,static
0707,Mora,risco_nevao,0,static
0707,Mora,risco_ondas_calor,75,static
0707,Mora,risco_ondas_frio,66.667,static
0707,Mora,risco_seca,66.667,static
0707,Mora,risco_sismo,43.613,static
0707,Mora,risco_tsunami,0,static
0707,Mora,taxa_bruta_natalidade,5.8,static
0707,Mora,taxa_crescimento_efetivo,0.14,static
0707,Mora,taxa_desemprego,7.07,static
0707,Mora,taxa_esforco_arrendamento,29.07606371,static
0707,Mora,valor_mediano_vendas_m2,833,static
0708,Mourão,acessos_internet_banda_larga,40.49,static
0708,Mourão,certificacao_energetica_cf,74.46808511,static
0708,Mourão,coeficiente_gini,40.8,static
0708,Mourão,consumo_energia_eletrica,1702.7,static
0708,Mourão,densidade_populacional,8.7,static
0708,Mourão,disparidade_ganho_mensal,2.7,static
0708,Mourão,duracao_pendulares,14.34,static
0708,Mourão,emissoes_gee_edificios,0.44,static
0708,Mourão,emissoes_gee_transportes,2.07,static
0708,Mourão,empresas_volume_negocios,113431.4,static
0708,Mourão,indice_envelhecimento_edificios,7087.5,static
0708,Mourão,percentagem_poder_compra,0.016,static
0708,Mourão,prop_agregados_unipessoais,24.89,static
0708,Mourão,prop_alojamentos_arrendados,0,static
0708,Mourão,prop_alojamentos_locais,10.86,static
0708,Mourão,prop_alojamentos_nao_classicos,5.83,static
0708,Mourão,prop_alojamentos_sobrelotados,6.57748049052396,static
0708,Mourão,prop_alojamentos_vagos,12.4,static
0708,Mourão,prop_ar_condicionado,52.61984392,static
0708,Mourão,prop_edificios_fora_urbano,19.9,static
0708,Mourão,prop_ensino_secundario,30.08,static
0708,Mourão,prop_habitacao_social,0.104166667,static
0708,Mourão,prop_mais_20min_escola,100,static
0708,Mourão,prop_mais_30min_hospital,100,static
0708,Mourão,prop_modo_pedonal,38.5,static
0708,Mourão,prop_nacionalidade_estrangeira,0.061,static
0708,Mourão,prop_necessidade_reparacao,6.27,static
0708,Mourão,prop_pop_65_mais,27.99,static
0708,Mourão,prop_reabilitacao_edificado,60,static
0708,Mourão,prop_risco_pobreza,14.83478261,static
0708,Mourão,prop_sem_aquecimento,11.71,static
0708,Mourão,prop_transporte_coletivo,10.7,static
0708,Mourão,prop_vagos_bom_estado,70.16807,static
0708,Mourão,racio_vendas_estrangeiros,1,static
0708,Mourão,risco_galgamentos_costeiros,0,static
0708,Mourão,risco_incendio_rural,19.644,static
0708,Mourão,risco_inundacao,0,static
0708,Mourão,risco_movimento_massa,0.096,static
0708,Mourão,risco_nevao,0,static
0708,Mourão,risco_ondas_calor,100,static
0708,Mourão,risco_ondas_frio,33.332,static
0708,Mourão,risco_seca,100,static
0708,Mourão,risco_sismo,33.676,static
0708,Mourão,risco_tsunami,0,static
0708,Mourão,taxa_bruta_natalidade,7.4,static
0708,Mourão,taxa_crescimento_efetivo,0.33,static
0708,Mourão,taxa_desemprego,13.38,static
0708,Mourão,taxa_esforco_arrendamento,27.91540209,static
0708,Mourão,valor_mediano_vendas_m2,711,static
0709,Portel,acessos_internet_banda_larga,41.48,static
0709,Portel,certificacao_energetica_cf,79.16666667,static
0709,Portel,coeficiente_gini,35.2,static
0709,Portel,consumo_energia_eletrica,1691.7,static
0709,Portel,densidade_populacional,9.5,static
0709,Portel,disparidade_ganho_mensal,8.6,static
0709,Portel,duracao_pendulares,20.51,static
0709,Portel,emissoes_gee_edificios,1.54,static
0709,Portel,emissoes_gee_transportes,4.99,static
0709,Portel,empresas_volume_negocios,105369.5,static
0709,Portel,indice_envelhecimento_edificios,2233,static
0709,Portel,percentagem_poder_compra,0.038,static
0709,Portel,prop_agregados_unipessoais,25.52,static
0709,Portel,prop_alojamentos_arrendados,0.0208,static
0709,Portel,prop_alojamentos_locais,4.5,static
0709,Portel,prop_alojamentos_nao_classicos,0,static
0709,Portel,prop_alojamentos_sobrelotados,9.14069081718618,static
0709,Portel,prop_alojamentos_vagos,16.5,static
0709,Portel,prop_ar_condicionado,28.81213142,static
0709,Portel,prop_edificios_fora_urbano,17,static
0709,Portel,prop_ensino_secundario,32.29,static
0709,Portel,prop_habitacao_social,0,static
0709,Portel,prop_mais_20min_escola,100,static
0709,Portel,prop_mais_30min_hospital,63,static
0709,Portel,prop_modo_pedonal,24.8,static
0709,Portel,prop_nacionalidade_estrangeira,0.039,static
0709,Portel,prop_necessidade_reparacao,7.49,static
0709,Portel,prop_pop_65_mais,28.83,static
0709,Portel,prop_reabilitacao_edificado,41.7,static
0709,Portel,prop_risco_pobreza,20.47412008,static
0709,Portel,prop_sem_aquecimento,14.53,static
0709,Portel,prop_transporte_coletivo,17.1,static
0709,Portel,prop_vagos_bom_estado,73.78917,static
0709,Portel,racio_vendas_estrangeiros,1,static
0709,Portel,risco_galgamentos_costeiros,0,static
0709,Portel,risco_incendio_rural,35.3,static
0709,Portel,risco_inundacao,0,static
0709,Portel,risco_movimento_massa,1.216,static
0709,Portel,risco_nevao,0,static
0709,Portel,risco_ondas_calor,89.09,static
0709,Portel,risco_ondas_frio,52.819,static
0709,Portel,risco_seca,100,static
0709,Portel,risco_sismo,33.876,static
0709,Portel,risco_tsunami,0,static
0709,Portel,taxa_bruta_natalidade,4.4,static
0709,Portel,taxa_crescimento_efetivo,-0.05,static
0709,Portel,taxa_desemprego,7.9,static
0709,Portel,taxa_esforco_arrendamento,32.23979203,static
0709,Portel,valor_mediano_vendas_m2,509,static
0710,Redondo,acessos_internet_banda_larga,38.81,static
0710,Redondo,certificacao_energetica_cf,68.36734694,static
0710,Redondo,coeficiente_gini,38.4,static
0710,Redondo,consumo_energia_eletrica,1638,static
0710,Redondo,densidade_populacional,17,static
0710,Redondo,disparidade_ganho_mensal,1.3,static
0710,Redondo,duracao_pendulares,18.11,static
0710,Redondo,emissoes_gee_edificios,1.68,static
0710,Redondo,emissoes_gee_transportes,5.46,static
0710,Redondo,empresas_volume_negocios,180112.8,static
0710,Redondo,indice_envelhecimento_edificios,5028.6,static
0710,Redondo,percentagem_poder_compra,0.045,static
0710,Redondo,prop_agregados_unipessoais,25.63,static
0710,Redondo,prop_alojamentos_arrendados,0.0266,static
0710,Redondo,prop_alojamentos_locais,4.14,static
0710,Redondo,prop_alojamentos_nao_classicos,0.32,static
0710,Redondo,prop_alojamentos_sobrelotados,8.70060790273556,static
0710,Redondo,prop_alojamentos_vagos,16.8,static
0710,Redondo,prop_ar_condicionado,33.62462006,static
0710,Redondo,prop_edificios_fora_urbano,20,static
0710,Redondo,prop_ensino_secundario,34.02,static
0710,Redondo,prop_habitacao_social,3.050773589,static
0710,Redondo,prop_mais_20min_escola,42.92,static
0710,Redondo,prop_mais_30min_hospital,41,static
0710,Redondo,prop_modo_pedonal,24.8,static
0710,Redondo,prop_nacionalidade_estrangeira,0.041,static
0710,Redondo,prop_necessidade_reparacao,9.26,static
0710,Redondo,prop_pop_65_mais,27.59,static
0710,Redondo,prop_reabilitacao_edificado,62.5,static
0710,Redondo,prop_risco_pobreza,19.84589331,static
0710,Redondo,prop_sem_aquecimento,16.95,static
0710,Redondo,prop_transporte_coletivo,10,static
0710,Redondo,prop_vagos_bom_estado,69.84334,static
0710,Redondo,racio_vendas_estrangeiros,1,static
0710,Redondo,risco_galgamentos_costeiros,0,static
0710,Redondo,risco_incendio_rural,30.978,static
0710,Redondo,risco_inundacao,0,static
0710,Redondo,risco_movimento_massa,0.957,static
0710,Redondo,risco_nevao,0,static
0710,Redondo,risco_ondas_calor,95.956,static
0710,Redondo,risco_ondas_frio,59.167,static
0710,Redondo,risco_seca,96.949,static
0710,Redondo,risco_sismo,33.934,static
0710,Redondo,risco_tsunami,0,static
0710,Redondo,taxa_bruta_natalidade,6.4,static
0710,Redondo,taxa_crescimento_efetivo,-0.14,static
0710,Redondo,taxa_desemprego,6.08,static
0710,Redondo,taxa_esforco_arrendamento,24.53261601,static
0710,Redondo,valor_mediano_vendas_m2,692,static
0711,Reguengos de Monsaraz,acessos_internet_banda_larga,41.66,static
0711,Reguengos de Monsaraz,certificacao_energetica_cf,50.19157088,static
0711,Reguengos de Monsaraz,coeficiente_gini,39.3,static
0711,Reguengos de Monsaraz,consumo_energia_eletrica,1758.9,static
0711,Reguengos de Monsaraz,densidade_populacional,21.2,static
0711,Reguengos de Monsaraz,disparidade_ganho_mensal,3.5,static
0711,Reguengos de Monsaraz,duracao_pendulares,17.09,static
0711,Reguengos de Monsaraz,emissoes_gee_edificios,3.21,static
0711,Reguengos de Monsaraz,emissoes_gee_transportes,8.41,static
0711,Reguengos de Monsaraz,empresas_volume_negocios,175436.1,static
0711,Reguengos de Monsaraz,indice_envelhecimento_edificios,1746.7,static
0711,Reguengos de Monsaraz,percentagem_poder_compra,0.084,static
0711,Reguengos de Monsaraz,prop_agregados_unipessoais,25.68,static
0711,Reguengos de Monsaraz,prop_alojamentos_arrendados,0.0469,static
0711,Reguengos de Monsaraz,prop_alojamentos_locais,18.93,static
0711,Reguengos de Monsaraz,prop_alojamentos_nao_classicos,0,static
0711,Reguengos de Monsaraz,prop_alojamentos_sobrelotados,8.31688055281342,static
0711,Reguengos de Monsaraz,prop_alojamentos_vagos,12.7,static
0711,Reguengos de Monsaraz,prop_ar_condicionado,50.34550839,static
0711,Reguengos de Monsaraz,prop_edificios_fora_urbano,12.3,static
0711,Reguengos de Monsaraz,prop_ensino_secundario,37.06,static
0711,Reguengos de Monsaraz,prop_habitacao_social,0.592165199,static
0711,Reguengos de Monsaraz,prop_mais_20min_escola,43.19,static
0711,Reguengos de Monsaraz,prop_mais_30min_hospital,96,static
0711,Reguengos de Monsaraz,prop_modo_pedonal,24.2,static
0711,Reguengos de Monsaraz,prop_nacionalidade_estrangeira,0.072,static
0711,Reguengos de Monsaraz,prop_necessidade_reparacao,6.83,static
0711,Reguengos de Monsaraz,prop_pop_65_mais,26.61,static
0711,Reguengos de Monsaraz,prop_reabilitacao_edificado,54.5,static
0711,Reguengos de Monsaraz,prop_risco_pobreza,17.41421393,static
0711,Reguengos de Monsaraz,prop_sem_aquecimento,14.14,static
0711,Reguengos de Monsaraz,prop_transporte_coletivo,9.8,static
0711,Reguengos de Monsaraz,prop_vagos_bom_estado,81.04887,static
0711,Reguengos de Monsaraz,racio_vendas_estrangeiros,1,static
0711,Reguengos de Monsaraz,risco_galgamentos_costeiros,0,static
0711,Reguengos de Monsaraz,risco_incendio_rural,23.02,static
0711,Reguengos de Monsaraz,risco_inundacao,0,static
0711,Reguengos de Monsaraz,risco_movimento_massa,0.209,static
0711,Reguengos de Monsaraz,risco_nevao,0,static
0711,Reguengos de Monsaraz,risco_ondas_calor,100,static
0711,Reguengos de Monsaraz,risco_ondas_frio,33.333,static
0711,Reguengos de Monsaraz,risco_seca,100,static
0711,Reguengos de Monsaraz,risco_sismo,33.339,static
0711,Reguengos de Monsaraz,risco_tsunami,0,static
0711,Reguengos de Monsaraz,taxa_bruta_natalidade,8.1,static
0711,Reguengos de Monsaraz,taxa_crescimento_efetivo,-0.36,static
0711,Reguengos de Monsaraz,taxa_desemprego,7.34,static
0711,Reguengos de Monsaraz,taxa_esforco_arrendamento,24.98255369,static
0711,Reguengos de Monsaraz,valor_mediano_vendas_m2,868,static
0712,Vendas Novas,acessos_internet_banda_larga,44.29,static
0712,Vendas Novas,certificacao_energetica_cf,66.11111111,static
0712,Vendas Novas,coeficiente_gini,40.5,static
0712,Vendas Novas,consumo_energia_eletrica,1468.6,static
0712,Vendas Novas,densidade_populacional,52.1,static
0712,Vendas Novas,disparidade_ganho_mensal,9.3,static
0712,Vendas Novas,duracao_pendulares,18.67,static
0712,Vendas Novas,emissoes_gee_edificios,3.12,static
0712,Vendas Novas,emissoes_gee_transportes,39.81,static
0712,Vendas Novas,empresas_volume_negocios,299512.8,static
0712,Vendas Novas,indice_envelhecimento_edificios,1871.2,static
0712,Vendas Novas,percentagem_poder_compra,0.101,static
0712,Vendas Novas,prop_agregados_unipessoais,25.37,static
0712,Vendas Novas,prop_alojamentos_arrendados,0.0311,static
0712,Vendas Novas,prop_alojamentos_locais,2.27,static
0712,Vendas Novas,prop_alojamentos_nao_classicos,0.02,static
0712,Vendas Novas,prop_alojamentos_sobrelotados,9.76654529877918,static
0712,Vendas Novas,prop_alojamentos_vagos,15.7,static
0712,Vendas Novas,prop_ar_condicionado,29.38530735,static
0712,Vendas Novas,prop_edificios_fora_urbano,4.4,static
0712,Vendas Novas,prop_ensino_secundario,38.93,static
0712,Vendas Novas,prop_habitacao_social,0.88550567,static
0712,Vendas Novas,prop_mais_20min_escola,42.51,static
0712,Vendas Novas,prop_mais_30min_hospital,88,static
0712,Vendas Novas,prop_modo_pedonal,18.6,static
0712,Vendas Novas,prop_nacionalidade_estrangeira,0.133,static
0712,Vendas Novas,prop_necessidade_reparacao,13.28,static
0712,Vendas Novas,prop_pop_65_mais,29.52,static
0712,Vendas Novas,prop_reabilitacao_edificado,5.9,static
0712,Vendas Novas,prop_risco_pobreza,16.2304878,static
0712,Vendas Novas,prop_sem_aquecimento,19.75,static
0712,Vendas Novas,prop_transporte_coletivo,8,static
0712,Vendas Novas,prop_vagos_bom_estado,60.9901,static
0712,Vendas Novas,racio_vendas_estrangeiros,1,static
0712,Vendas Novas,risco_galgamentos_costeiros,0,static
0712,Vendas Novas,risco_incendio_rural,23.307,static
0712,Vendas Novas,risco_inundacao,0,static
0712,Vendas Novas,risco_movimento_massa,0.023,static
0712,Vendas Novas,risco_nevao,0,static
0712,Vendas Novas,risco_ondas_calor,45.199,static
0712,Vendas Novas,risco_ondas_frio,36.775,static
0712,Vendas Novas,risco_seca,66.667,static
0712,Vendas Novas,risco_sismo,74.46,static
0712,Vendas Novas,risco_tsunami,0,static
0712,Vendas Novas,taxa_bruta_natalidade,8.6,static
0712,Vendas Novas,taxa_crescimento_efetivo,0.47,static
0712,Vendas Novas,taxa_desemprego,5.25,static
0712,Vendas Novas,taxa_esforco_arrendamento,27.16501425,static
0712,Vendas Novas,valor_mediano_vendas_m2,1308,static
0713,Viana do Alentejo,acessos_internet_banda_larga,41.42,static
0713,Viana do Alentejo,certificacao_energetica_cf,75,static
0713,Viana do Alentejo,coeficiente_gini,37.4,static
0713,Viana do Alentejo,consumo_energia_eletrica,1643,static
0713,Viana do Alentejo,densidade_populacional,14.2,static
0713,Viana do Alentejo,disparidade_ganho_mensal,2.2,static
0713,Viana do Alentejo,duracao_pendulares,18.15,static
0713,Viana do Alentejo,emissoes_gee_edificios,2.51,static
0713,Viana do Alentejo,emissoes_gee_transportes,4.46,static
0713,Viana do Alentejo,empresas_volume_negocios,163773.7,static
0713,Viana do Alentejo,indice_envelhecimento_edificios,1775,static
0713,Viana do Alentejo,percentagem_poder_compra,0.041,static
0713,Viana do Alentejo,prop_agregados_unipessoais,25.43,static
0713,Viana do Alentejo,prop_alojamentos_arrendados,0.0142,static
0713,Viana do Alentejo,prop_alojamentos_locais,3.93,static
0713,Viana do Alentejo,prop_alojamentos_nao_classicos,0.13,static
0713,Viana do Alentejo,prop_alojamentos_sobrelotados,8,static
0713,Viana do Alentejo,prop_alojamentos_vagos,21.5,static
0713,Viana do Alentejo,prop_ar_condicionado,27.24705882,static
0713,Viana do Alentejo,prop_edificios_fora_urbano,12.9,static
0713,Viana do Alentejo,prop_ensino_secundario,36.36,static
0713,Viana do Alentejo,prop_habitacao_social,0,static
0713,Viana do Alentejo,prop_mais_20min_escola,56.97,static
0713,Viana do Alentejo,prop_mais_30min_hospital,4,static
0713,Viana do Alentejo,prop_modo_pedonal,24.5,static
0713,Viana do Alentejo,prop_nacionalidade_estrangeira,0.037,static
0713,Viana do Alentejo,prop_necessidade_reparacao,6.84,static
0713,Viana do Alentejo,prop_pop_65_mais,26.14,static
0713,Viana do Alentejo,prop_reabilitacao_edificado,44.4,static
0713,Viana do Alentejo,prop_risco_pobreza,15.60551724,static
0713,Viana do Alentejo,prop_sem_aquecimento,14.21,static
0713,Viana do Alentejo,prop_transporte_coletivo,8.1,static
0713,Viana do Alentejo,prop_vagos_bom_estado,76.1039,static
0713,Viana do Alentejo,racio_vendas_estrangeiros,1,static
0713,Viana do Alentejo,risco_galgamentos_costeiros,0,static
0713,Viana do Alentejo,risco_incendio_rural,24.357,static
0713,Viana do Alentejo,risco_inundacao,0,static
0713,Viana do Alentejo,risco_movimento_massa,0.515,static
0713,Viana do Alentejo,risco_nevao,0,static
0713,Viana do Alentejo,risco_ondas_calor,68.299,static
0713,Viana do Alentejo,risco_ondas_frio,66.667,static
0713,Viana do Alentejo,risco_seca,82.942,static
0713,Viana do Alentejo,risco_sismo,41.161,static
0713,Viana do Alentejo,risco_tsunami,0,static
0713,Viana do Alentejo,taxa_bruta_natalidade,7.2,static
0713,Viana do Alentejo,taxa_crescimento_efetivo,0.97,static
0713,Viana do Alentejo,taxa_desemprego,5.5,static
0713,Viana do Alentejo,taxa_esforco_arrendamento,28.69220824,static
0713,Viana do Alentejo,valor_mediano_vendas_m2,713,static
0714,Vila Viçosa,acessos_internet_banda_larga,42.11,static
0714,Vila Viçosa,certificacao_energetica_cf,80.57553957,static
0714,Vila Viçosa,coeficiente_gini,37.7,static
0714,Vila Viçosa,consumo_energia_eletrica,1604.2,static
0714,Vila Viçosa,densidade_populacional,37.3,static
0714,Vila Viçosa,disparidade_ganho_mensal,8.8,static
0714,Vila Viçosa,duracao_pendulares,15.38,static
0714,Vila Viçosa,emissoes_gee_edificios,1.84,static
0714,Vila Viçosa,emissoes_gee_transportes,6.46,static
0714,Vila Viçosa,empresas_volume_negocios,174577.4,static
0714,Vila Viçosa,indice_envelhecimento_edificios,2269.6,static
0714,Vila Viçosa,percentagem_poder_compra,0.057,static
0714,Vila Viçosa,prop_agregados_unipessoais,28.46,static
0714,Vila Viçosa,prop_alojamentos_arrendados,0.0563,static
0714,Vila Viçosa,prop_alojamentos_locais,3.14,static
0714,Vila Viçosa,prop_alojamentos_nao_classicos,0.03,static
0714,Vila Viçosa,prop_alojamentos_sobrelotados,7.73809523809523,static
0714,Vila Viçosa,prop_alojamentos_vagos,13.2,static
0714,Vila Viçosa,prop_ar_condicionado,47.61904762,static
0714,Vila Viçosa,prop_edificios_fora_urbano,10.2,static
0714,Vila Viçosa,prop_ensino_secundario,38.58,static
0714,Vila Viçosa,prop_habitacao_social,1.35301353,static
0714,Vila Viçosa,prop_mais_20min_escola,41.89,static
0714,Vila Viçosa,prop_mais_30min_hospital,36,static
0714,Vila Viçosa,prop_modo_pedonal,23.9,static
0714,Vila Viçosa,prop_nacionalidade_estrangeira,0.04,static
0714,Vila Viçosa,prop_necessidade_reparacao,6.1,static
0714,Vila Viçosa,prop_pop_65_mais,26.34,static
0714,Vila Viçosa,prop_reabilitacao_edificado,0,static
0714,Vila Viçosa,prop_risco_pobreza,14.34026174,static
0714,Vila Viçosa,prop_sem_aquecimento,12.81,static
0714,Vila Viçosa,prop_transporte_coletivo,9.2,static
0714,Vila Viçosa,prop_vagos_bom_estado,76.99531,static
0714,Vila Viçosa,racio_vendas_estrangeiros,1,static
0714,Vila Viçosa,risco_galgamentos_costeiros,0,static
0714,Vila Viçosa,risco_incendio_rural,34.496,static
0714,Vila Viçosa,risco_inundacao,0,static
0714,Vila Viçosa,risco_movimento_massa,0.677,static
0714,Vila Viçosa,risco_nevao,0,static
0714,Vila Viçosa,risco_ondas_calor,100,static
0714,Vila Viçosa,risco_ondas_frio,33.333,static
0714,Vila Viçosa,risco_seca,66.667,static
0714,Vila Viçosa,risco_sismo,33.745,static
0714,Vila Viçosa,risco_tsunami,0,static
0714,Vila Viçosa,taxa_bruta_natalidade,4.4,static
0714,Vila Viçosa,taxa_crescimento_efetivo,-0.45,static
0714,Vila Viçosa,taxa_desemprego,5.2,static
0714,Vila Viçosa,taxa_esforco_arrendamento,20.62630034,static
0714,Vila Viçosa,valor_mediano_vendas_m2,588,static
0801,Albufeira,acessos_internet_banda_larga,68.98,static
0801,Albufeira,certificacao_energetica_cf,68.66902238,static
0801,Albufeira,coeficiente_gini,45,static
0801,Albufeira,consumo_energia_eletrica,2730,static
0801,Albufeira,densidade_populacional,347,static
0801,Albufeira,disparidade_ganho_mensal,4.2,static
0801,Albufeira,duracao_pendulares,15.39,static
0801,Albufeira,emissoes_gee_edificios,19.2,static
0801,Albufeira,emissoes_gee_transportes,86.48,static
0801,Albufeira,empresas_volume_negocios,156943.2,static
0801,Albufeira,indice_envelhecimento_edificios,255,static
0801,Albufeira,percentagem_poder_compra,0.465,static
0801,Albufeira,prop_agregados_unipessoais,25.56,static
0801,Albufeira,prop_alojamentos_arrendados,0.0659,static
0801,Albufeira,prop_alojamentos_locais,76.99,static
0801,Albufeira,prop_alojamentos_nao_classicos,0.04,static
0801,Albufeira,prop_alojamentos_sobrelotados,25.2921769278085,static
0801,Albufeira,prop_alojamentos_vagos,13.3,static
0801,Albufeira,prop_ar_condicionado,33.14880054,static
0801,Albufeira,prop_edificios_fora_urbano,37,static
0801,Albufeira,prop_ensino_secundario,47.75,static
0801,Albufeira,prop_habitacao_social,0.281347768,static
0801,Albufeira,prop_mais_20min_escola,68.83,static
0801,Albufeira,prop_mais_30min_hospital,2,static
0801,Albufeira,prop_modo_pedonal,17.3,static
0801,Albufeira,prop_nacionalidade_estrangeira,0.551,static
0801,Albufeira,prop_necessidade_reparacao,6.1,static
0801,Albufeira,prop_pop_65_mais,18.15,static
0801,Albufeira,prop_reabilitacao_edificado,50,static
0801,Albufeira,prop_risco_pobreza,23.20902256,static
0801,Albufeira,prop_sem_aquecimento,39.07,static
0801,Albufeira,prop_transporte_coletivo,8.1,static
0801,Albufeira,prop_vagos_bom_estado,85.5758,static
0801,Albufeira,racio_vendas_estrangeiros,1.208379681,static
0801,Albufeira,risco_galgamentos_costeiros,3.492,static
0801,Albufeira,risco_incendio_rural,24.794,static
0801,Albufeira,risco_inundacao,0,static
0801,Albufeira,risco_movimento_massa,1.943,static
0801,Albufeira,risco_nevao,0,static
0801,Albufeira,risco_ondas_calor,28.714,static
0801,Albufeira,risco_ondas_frio,33.313,static
0801,Albufeira,risco_seca,100,static
0801,Albufeira,risco_sismo,86.525,static
0801,Albufeira,risco_tsunami,6.586,static
0801,Albufeira,taxa_bruta_natalidade,10.9,static
0801,Albufeira,taxa_crescimento_efetivo,2.66,static
0801,Albufeira,taxa_desemprego,19.65,static
0801,Albufeira,taxa_esforco_arrendamento,64.94515886,static
0801,Albufeira,valor_mediano_vendas_m2,2941,static
0802,Alcoutim,acessos_internet_banda_larga,38.85,static
0802,Alcoutim,certificacao_energetica_cf,50.74626866,static
0802,Alcoutim,coeficiente_gini,44.9,static
0802,Alcoutim,consumo_energia_eletrica,1621.1,static
0802,Alcoutim,densidade_populacional,4.2,static
0802,Alcoutim,disparidade_ganho_mensal,6.6,static
0802,Alcoutim,duracao_pendulares,19.83,static
0802,Alcoutim,emissoes_gee_edificios,2.42,static
0802,Alcoutim,emissoes_gee_transportes,2.26,static
0802,Alcoutim,empresas_volume_negocios,64151.7,static
0802,Alcoutim,indice_envelhecimento_edificios,2215,static
0802,Alcoutim,percentagem_poder_compra,0.016,static
0802,Alcoutim,prop_agregados_unipessoais,40.26,static
0802,Alcoutim,prop_alojamentos_arrendados,0.0351,static
0802,Alcoutim,prop_alojamentos_locais,4.42,static
0802,Alcoutim,prop_alojamentos_nao_classicos,0.52,static
0802,Alcoutim,prop_alojamentos_sobrelotados,6.69975186104218,static
0802,Alcoutim,prop_alojamentos_vagos,15.8,static
0802,Alcoutim,prop_ar_condicionado,27.29528536,static
0802,Alcoutim,prop_edificios_fora_urbano,22.4,static
0802,Alcoutim,prop_ensino_secundario,26.15,static
0802,Alcoutim,prop_habitacao_social,0,static
0802,Alcoutim,prop_mais_20min_escola,100,static
0802,Alcoutim,prop_mais_30min_hospital,98,static
0802,Alcoutim,prop_modo_pedonal,26.8,static
0802,Alcoutim,prop_nacionalidade_estrangeira,0.142,static
0802,Alcoutim,prop_necessidade_reparacao,15.77,static
0802,Alcoutim,prop_pop_65_mais,47.52,static
0802,Alcoutim,prop_reabilitacao_edificado,25,static
0802,Alcoutim,prop_risco_pobreza,21.5705968,static
0802,Alcoutim,prop_sem_aquecimento,16.71,static
0802,Alcoutim,prop_transporte_coletivo,18.6,static
0802,Alcoutim,prop_vagos_bom_estado,63.38028,static
0802,Alcoutim,racio_vendas_estrangeiros,1,static
0802,Alcoutim,risco_galgamentos_costeiros,0,static
0802,Alcoutim,risco_incendio_rural,41.825,static
0802,Alcoutim,risco_inundacao,0,static
0802,Alcoutim,risco_movimento_massa,3.212,static
0802,Alcoutim,risco_nevao,0,static
0802,Alcoutim,risco_ondas_calor,49.891,static
0802,Alcoutim,risco_ondas_frio,33.333,static
0802,Alcoutim,risco_seca,100,static
0802,Alcoutim,risco_sismo,35.339,static
0802,Alcoutim,risco_tsunami,0,static
0802,Alcoutim,taxa_bruta_natalidade,2.5,static
0802,Alcoutim,taxa_crescimento_efetivo,-0.5,static
0802,Alcoutim,taxa_desemprego,2.97,static
0802,Alcoutim,taxa_esforco_arrendamento,54.90246336,static
0802,Alcoutim,valor_mediano_vendas_m2,769,static
0803,Aljezur,acessos_internet_banda_larga,56.77,static
0803,Aljezur,certificacao_energetica_cf,49.42528736,static
0803,Aljezur,coeficiente_gini,45.9,static
0803,Aljezur,consumo_energia_eletrica,2368.7,static
0803,Aljezur,densidade_populacional,20.1,static
0803,Aljezur,disparidade_ganho_mensal,0.8,static
0803,Aljezur,duracao_pendulares,17.38,static
0803,Aljezur,emissoes_gee_edificios,1.78,static
0803,Aljezur,emissoes_gee_transportes,4.57,static
0803,Aljezur,empresas_volume_negocios,94070.82,static
0803,Aljezur,indice_envelhecimento_edificios,464.5,static
0803,Aljezur,percentagem_poder_compra,0.043,static
0803,Aljezur,prop_agregados_unipessoais,33.91,static
0803,Aljezur,prop_alojamentos_arrendados,0.0475,static
0803,Aljezur,prop_alojamentos_locais,95.3,static
0803,Aljezur,prop_alojamentos_nao_classicos,0.28,static
0803,Aljezur,prop_alojamentos_sobrelotados,12.1840814786872,static
0803,Aljezur,prop_alojamentos_vagos,12.7,static
0803,Aljezur,prop_ar_condicionado,7.167106752,static
0803,Aljezur,prop_edificios_fora_urbano,35.3,static
0803,Aljezur,prop_ensino_secundario,42.65,static
0803,Aljezur,prop_habitacao_social,0.744500846,static
0803,Aljezur,prop_mais_20min_escola,100,static
0803,Aljezur,prop_mais_30min_hospital,81,static
0803,Aljezur,prop_modo_pedonal,22.7,static
0803,Aljezur,prop_nacionalidade_estrangeira,0.492,static
0803,Aljezur,prop_necessidade_reparacao,10.85,static
0803,Aljezur,prop_pop_65_mais,26.9,static
0803,Aljezur,prop_reabilitacao_edificado,5.6,static
0803,Aljezur,prop_risco_pobreza,28.91202873,static
0803,Aljezur,prop_sem_aquecimento,33.12,static
0803,Aljezur,prop_transporte_coletivo,13,static
0803,Aljezur,prop_vagos_bom_estado,69.93377,static
0803,Aljezur,racio_vendas_estrangeiros,1.206596593,static
0803,Aljezur,risco_galgamentos_costeiros,4.367,static
0803,Aljezur,risco_incendio_rural,56.222,static
0803,Aljezur,risco_inundacao,0.233,static
0803,Aljezur,risco_movimento_massa,6.308,static
0803,Aljezur,risco_nevao,0,static
0803,Aljezur,risco_ondas_calor,33.763,static
0803,Aljezur,risco_ondas_frio,33.347,static
0803,Aljezur,risco_seca,66.992,static
0803,Aljezur,risco_sismo,98.186,static
0803,Aljezur,risco_tsunami,3.105,static
0803,Aljezur,taxa_bruta_natalidade,9,static
0803,Aljezur,taxa_crescimento_efetivo,2.16,static
0803,Aljezur,taxa_desemprego,8.15,static
0803,Aljezur,taxa_esforco_arrendamento,53.34374168,static
0803,Aljezur,valor_mediano_vendas_m2,3121,static
0804,Castro Marim,acessos_internet_banda_larga,51.7,static
0804,Castro Marim,certificacao_energetica_cf,28.27868852,static
0804,Castro Marim,coeficiente_gini,42.7,static
0804,Castro Marim,consumo_energia_eletrica,2444.7,static
0804,Castro Marim,densidade_populacional,23.2,static
0804,Castro Marim,disparidade_ganho_mensal,4.1,static
0804,Castro Marim,duracao_pendulares,15.72,static
0804,Castro Marim,emissoes_gee_edificios,1.78,static
0804,Castro Marim,emissoes_gee_transportes,14.89,static
0804,Castro Marim,empresas_volume_negocios,113139.3,static
0804,Castro Marim,indice_envelhecimento_edificios,880.5,static
0804,Castro Marim,percentagem_poder_compra,0.051,static
0804,Castro Marim,prop_agregados_unipessoais,28.26,static
0804,Castro Marim,prop_alojamentos_arrendados,0.0749,static
0804,Castro Marim,prop_alojamentos_locais,21.34,static
0804,Castro Marim,prop_alojamentos_nao_classicos,1.63,static
0804,Castro Marim,prop_alojamentos_sobrelotados,11.2737920937042,static
0804,Castro Marim,prop_alojamentos_vagos,9.7,static
0804,Castro Marim,prop_ar_condicionado,37.92093704,static
0804,Castro Marim,prop_edificios_fora_urbano,38.3,static
0804,Castro Marim,prop_ensino_secundario,36.04,static
0804,Castro Marim,prop_habitacao_social,0.937756418,static
0804,Castro Marim,prop_mais_20min_escola,100,static
0804,Castro Marim,prop_mais_30min_hospital,77,static
0804,Castro Marim,prop_modo_pedonal,16.8,static
0804,Castro Marim,prop_nacionalidade_estrangeira,0.216,static
0804,Castro Marim,prop_necessidade_reparacao,4.88,static
0804,Castro Marim,prop_pop_65_mais,32.51,static
0804,Castro Marim,prop_reabilitacao_edificado,9.4,static
0804,Castro Marim,prop_risco_pobreza,22.62337662,static
0804,Castro Marim,prop_sem_aquecimento,34.59,static
0804,Castro Marim,prop_transporte_coletivo,10.5,static
0804,Castro Marim,prop_vagos_bom_estado,81.48599,static
0804,Castro Marim,racio_vendas_estrangeiros,0.990094106,static
0804,Castro Marim,risco_galgamentos_costeiros,8.046,static
0804,Castro Marim,risco_incendio_rural,40.482,static
0804,Castro Marim,risco_inundacao,0,static
0804,Castro Marim,risco_movimento_massa,2.848,static
0804,Castro Marim,risco_nevao,0,static
0804,Castro Marim,risco_ondas_calor,32.664,static
0804,Castro Marim,risco_ondas_frio,33.333,static
0804,Castro Marim,risco_seca,100,static
0804,Castro Marim,risco_sismo,46.99,static
0804,Castro Marim,risco_tsunami,0.28,static
0804,Castro Marim,taxa_bruta_natalidade,6.5,static
0804,Castro Marim,taxa_crescimento_efetivo,2.38,static
0804,Castro Marim,taxa_desemprego,10.54,static
0804,Castro Marim,taxa_esforco_arrendamento,50.79582618,static
0804,Castro Marim,valor_mediano_vendas_m2,2110,static
0805,Faro,acessos_internet_banda_larga,49.35,static
0805,Faro,certificacao_energetica_cf,44.42518775,static
0805,Faro,coeficiente_gini,46.8,static
0805,Faro,consumo_energia_eletrica,1607.2,static
0805,Faro,densidade_populacional,347.3,static
0805,Faro,disparidade_ganho_mensal,6.5,static
0805,Faro,duracao_pendulares,14.83,static
0805,Faro,emissoes_gee_edificios,36.74,static
0805,Faro,emissoes_gee_transportes,99.23,static
0805,Faro,empresas_volume_negocios,185033.4,static
0805,Faro,indice_envelhecimento_edificios,833.9,static
0805,Faro,percentagem_poder_compra,0.74,static
0805,Faro,prop_agregados_unipessoais,28.37,static
0805,Faro,prop_alojamentos_arrendados,0.0359,static
0805,Faro,prop_alojamentos_locais,15.96,static
0805,Faro,prop_alojamentos_nao_classicos,0.29,static
0805,Faro,prop_alojamentos_sobrelotados,14.8388920293951,static
0805,Faro,prop_alojamentos_vagos,12.6,static
0805,Faro,prop_ar_condicionado,35.67340305,static
0805,Faro,prop_edificios_fora_urbano,37.4,static
0805,Faro,prop_ensino_secundario,54.44,static
0805,Faro,prop_habitacao_social,1.154508755,static
0805,Faro,prop_mais_20min_escola,39.32,static
0805,Faro,prop_mais_30min_hospital,2,static
0805,Faro,prop_modo_pedonal,27.2,static
0805,Faro,prop_nacionalidade_estrangeira,0.256,static
0805,Faro,prop_necessidade_reparacao,9.84,static
0805,Faro,prop_pop_65_mais,21.94,static
0805,Faro,prop_reabilitacao_edificado,47.4,static
0805,Faro,prop_risco_pobreza,18.61816251,static
0805,Faro,prop_sem_aquecimento,39.41,static
0805,Faro,prop_transporte_coletivo,6.7,static
0805,Faro,prop_vagos_bom_estado,74.23212,static
0805,Faro,racio_vendas_estrangeiros,1.268977622,static
0805,Faro,risco_galgamentos_costeiros,36.284,static
0805,Faro,risco_incendio_rural,22.011,static
0805,Faro,risco_inundacao,0.903,static
0805,Faro,risco_movimento_massa,3.495,static
0805,Faro,risco_nevao,0,static
0805,Faro,risco_ondas_calor,26.09,static
0805,Faro,risco_ondas_frio,33.292,static
0805,Faro,risco_seca,100,static
0805,Faro,risco_sismo,81.13,static
0805,Faro,risco_tsunami,3.418,static
0805,Faro,taxa_bruta_natalidade,8.3,static
0805,Faro,taxa_crescimento_efetivo,1.26,static
0805,Faro,taxa_desemprego,8.76,static
0805,Faro,taxa_esforco_arrendamento,43.04267161,static
0805,Faro,valor_mediano_vendas_m2,2504,static
0806,Lagoa,acessos_internet_banda_larga,61.66,static
0806,Lagoa,certificacao_energetica_cf,48.84836852,static
0806,Lagoa,coeficiente_gini,44.7,static
0806,Lagoa,consumo_energia_eletrica,2980.5,static
0806,Lagoa,densidade_populacional,289.3,static
0806,Lagoa,disparidade_ganho_mensal,4.5,static
0806,Lagoa,duracao_pendulares,13.58,static
0806,Lagoa,emissoes_gee_edificios,8.5,static
0806,Lagoa,emissoes_gee_transportes,36.79,static
0806,Lagoa,empresas_volume_negocios,164217,static
0806,Lagoa,indice_envelhecimento_edificios,289.9,static
0806,Lagoa,percentagem_poder_compra,0.207,static
0806,Lagoa,prop_agregados_unipessoais,25.81,static
0806,Lagoa,prop_alojamentos_arrendados,0.0809,static
0806,Lagoa,prop_alojamentos_locais,91.1,static
0806,Lagoa,prop_alojamentos_nao_classicos,0.37,static
0806,Lagoa,prop_alojamentos_sobrelotados,15.9088544376235,static
0806,Lagoa,prop_alojamentos_vagos,9.1,static
0806,Lagoa,prop_ar_condicionado,33.58651545,static
0806,Lagoa,prop_edificios_fora_urbano,18.3,static
0806,Lagoa,prop_ensino_secundario,43.02,static
0806,Lagoa,prop_habitacao_social,0.820616182,static
0806,Lagoa,prop_mais_20min_escola,74.8,static
0806,Lagoa,prop_mais_30min_hospital,1,static
0806,Lagoa,prop_modo_pedonal,17.8,static
0806,Lagoa,prop_nacionalidade_estrangeira,0.296,static
0806,Lagoa,prop_necessidade_reparacao,7.01,static
0806,Lagoa,prop_pop_65_mais,23.41,static
0806,Lagoa,prop_reabilitacao_edificado,30.4,static
0806,Lagoa,prop_risco_pobreza,20.42241379,static
0806,Lagoa,prop_sem_aquecimento,39.05,static
0806,Lagoa,prop_transporte_coletivo,7.5,static
0806,Lagoa,prop_vagos_bom_estado,74.88275,static
0806,Lagoa,racio_vendas_estrangeiros,1.399740147,static
0806,Lagoa,risco_galgamentos_costeiros,9.248,static
0806,Lagoa,risco_incendio_rural,26.217,static
0806,Lagoa,risco_inundacao,2.698,static
0806,Lagoa,risco_movimento_massa,0.166,static
0806,Lagoa,risco_nevao,0,static
0806,Lagoa,risco_ondas_calor,25.547,static
0806,Lagoa,risco_ondas_frio,33.338,static
0806,Lagoa,risco_seca,100,static
0806,Lagoa,risco_sismo,86.08,static
0806,Lagoa,risco_tsunami,8.298,static
0806,Lagoa,taxa_bruta_natalidade,8.6,static
0806,Lagoa,taxa_crescimento_efetivo,2.45,static
0806,Lagoa,taxa_desemprego,13.76,static
0806,Lagoa,taxa_esforco_arrendamento,47.79768176,static
0806,Lagoa,valor_mediano_vendas_m2,2762,static
0807,Lagos,acessos_internet_banda_larga,66.33,static
0807,Lagos,certificacao_energetica_cf,48.72180451,static
0807,Lagos,coeficiente_gini,44.7,static
0807,Lagos,consumo_energia_eletrica,2540.8,static
0807,Lagos,densidade_populacional,165.5,static
0807,Lagos,disparidade_ganho_mensal,3.7,static
0807,Lagos,duracao_pendulares,14.48,static
0807,Lagos,emissoes_gee_edificios,14.41,static
0807,Lagos,emissoes_gee_transportes,44.59,static
0807,Lagos,empresas_volume_negocios,120911.9,static
0807,Lagos,indice_envelhecimento_edificios,276.4,static
0807,Lagos,percentagem_poder_compra,0.292,static
0807,Lagos,prop_agregados_unipessoais,27.84,static
0807,Lagos,prop_alojamentos_arrendados,0.0664,static
0807,Lagos,prop_alojamentos_locais,94.6,static
0807,Lagos,prop_alojamentos_nao_classicos,0.36,static
0807,Lagos,prop_alojamentos_sobrelotados,16.440992018244,static
0807,Lagos,prop_alojamentos_vagos,10.3,static
0807,Lagos,prop_ar_condicionado,23.98802737,static
0807,Lagos,prop_edificios_fora_urbano,20.5,static
0807,Lagos,prop_ensino_secundario,46.9,static
0807,Lagos,prop_habitacao_social,1.541390547,static
0807,Lagos,prop_mais_20min_escola,44.28,static
0807,Lagos,prop_mais_30min_hospital,1,static
0807,Lagos,prop_modo_pedonal,23.9,static
0807,Lagos,prop_nacionalidade_estrangeira,0.461,static
0807,Lagos,prop_necessidade_reparacao,5.96,static
0807,Lagos,prop_pop_65_mais,24.75,static
0807,Lagos,prop_reabilitacao_edificado,15.6,static
0807,Lagos,prop_risco_pobreza,21.56776034,static
0807,Lagos,prop_sem_aquecimento,39.66,static
0807,Lagos,prop_transporte_coletivo,8,static
0807,Lagos,prop_vagos_bom_estado,80.16011,static
0807,Lagos,racio_vendas_estrangeiros,1.29982548,static
0807,Lagos,risco_galgamentos_costeiros,7.445,static
0807,Lagos,risco_incendio_rural,44.593,static
0807,Lagos,risco_inundacao,0,static
0807,Lagos,risco_movimento_massa,2.324,static
0807,Lagos,risco_nevao,0,static
0807,Lagos,risco_ondas_calor,39.626,static
0807,Lagos,risco_ondas_frio,33.328,static
0807,Lagos,risco_seca,89.942,static
0807,Lagos,risco_sismo,96.398,static
0807,Lagos,risco_tsunami,3.567,static
0807,Lagos,taxa_bruta_natalidade,8.2,static
0807,Lagos,taxa_crescimento_efetivo,1.97,static
0807,Lagos,taxa_desemprego,11.98,static
0807,Lagos,taxa_esforco_arrendamento,59.56536606,static
0807,Lagos,valor_mediano_vendas_m2,3452,static
0808,Loulé,acessos_internet_banda_larga,68.84,static
0808,Loulé,certificacao_energetica_cf,46.77695379,static
0808,Loulé,coeficiente_gini,46.3,static
0808,Loulé,consumo_energia_eletrica,3267,static
0808,Loulé,densidade_populacional,99.2,static
0808,Loulé,disparidade_ganho_mensal,4.7,static
0808,Loulé,duracao_pendulares,15.49,static
0808,Loulé,emissoes_gee_edificios,29.88,static
0808,Loulé,emissoes_gee_transportes,120.5,static
0808,Loulé,empresas_volume_negocios,188767.3,static
0808,Loulé,indice_envelhecimento_edificios,540.1,static
0808,Loulé,percentagem_poder_compra,0.76,static
0808,Loulé,prop_agregados_unipessoais,25.6,static
0808,Loulé,prop_alojamentos_arrendados,0.043,static
0808,Loulé,prop_alojamentos_locais,52.14,static
0808,Loulé,prop_alojamentos_nao_classicos,0.13,static
0808,Loulé,prop_alojamentos_sobrelotados,19.33819786187,static
0808,Loulé,prop_alojamentos_vagos,12.5,static
0808,Loulé,prop_ar_condicionado,38.45579501,static
0808,Loulé,prop_edificios_fora_urbano,31.6,static
0808,Loulé,prop_ensino_secundario,45.32,static
0808,Loulé,prop_habitacao_social,0.591671772,static
0808,Loulé,prop_mais_20min_escola,58.46,static
0808,Loulé,prop_mais_30min_hospital,2,static
0808,Loulé,prop_modo_pedonal,21.3,static
0808,Loulé,prop_nacionalidade_estrangeira,0.39,static
0808,Loulé,prop_necessidade_reparacao,8.24,static
0808,Loulé,prop_pop_65_mais,23.38,static
0808,Loulé,prop_reabilitacao_edificado,2.7,static
0808,Loulé,prop_risco_pobreza,22.04027778,static
0808,Loulé,prop_sem_aquecimento,33.06,static
0808,Loulé,prop_transporte_coletivo,7.9,static
0808,Loulé,prop_vagos_bom_estado,78.66953,static
0808,Loulé,racio_vendas_estrangeiros,1.315095583,static
0808,Loulé,risco_galgamentos_costeiros,2.858,static
0808,Loulé,risco_incendio_rural,47.93,static
0808,Loulé,risco_inundacao,0,static
0808,Loulé,risco_movimento_massa,7.904,static
0808,Loulé,risco_nevao,0,static
0808,Loulé,risco_ondas_calor,43.108,static
0808,Loulé,risco_ondas_frio,33.321,static
0808,Loulé,risco_seca,100,static
0808,Loulé,risco_sismo,73.97,static
0808,Loulé,risco_tsunami,2.798,static
0808,Loulé,taxa_bruta_natalidade,10.6,static
0808,Loulé,taxa_crescimento_efetivo,1.8,static
0808,Loulé,taxa_desemprego,11.42,static
0808,Loulé,taxa_esforco_arrendamento,61.49048051,static
0808,Loulé,valor_mediano_vendas_m2,3333,static
0809,Monchique,acessos_internet_banda_larga,40.39,static
0809,Monchique,certificacao_energetica_cf,33.86243386,static
0809,Monchique,coeficiente_gini,39.8,static
0809,Monchique,consumo_energia_eletrica,1748,static
0809,Monchique,densidade_populacional,13.5,static
0809,Monchique,disparidade_ganho_mensal,6.3,static
0809,Monchique,duracao_pendulares,19.04,static
0809,Monchique,emissoes_gee_edificios,1.01,static
0809,Monchique,emissoes_gee_transportes,4.69,static
0809,Monchique,empresas_volume_negocios,123978.6,static
0809,Monchique,indice_envelhecimento_edificios,2263.8,static
0809,Monchique,percentagem_poder_compra,0.035,static
0809,Monchique,prop_agregados_unipessoais,33.56,static
0809,Monchique,prop_alojamentos_arrendados,0.0608,static
0809,Monchique,prop_alojamentos_locais,4.68,static
0809,Monchique,prop_alojamentos_nao_classicos,0.68,static
0809,Monchique,prop_alojamentos_sobrelotados,10.8914885034288,static
0809,Monchique,prop_alojamentos_vagos,25.3,static
0809,Monchique,prop_ar_condicionado,7.825736184,static
0809,Monchique,prop_edificios_fora_urbano,68.8,static
0809,Monchique,prop_ensino_secundario,33.73,static
0809,Monchique,prop_habitacao_social,0,static
0809,Monchique,prop_mais_20min_escola,100,static
0809,Monchique,prop_mais_30min_hospital,5,static
0809,Monchique,prop_modo_pedonal,21.4,static
0809,Monchique,prop_nacionalidade_estrangeira,0.215,static
0809,Monchique,prop_necessidade_reparacao,19.54,static
0809,Monchique,prop_pop_65_mais,33.67,static
0809,Monchique,prop_reabilitacao_edificado,90,static
0809,Monchique,prop_risco_pobreza,24.62340037,static
0809,Monchique,prop_sem_aquecimento,28.92,static
0809,Monchique,prop_transporte_coletivo,12.9,static
0809,Monchique,prop_vagos_bom_estado,58.25572,static
0809,Monchique,racio_vendas_estrangeiros,1.324457594,static
0809,Monchique,risco_galgamentos_costeiros,0,static
0809,Monchique,risco_incendio_rural,85.965,static
0809,Monchique,risco_inundacao,0.006,static
0809,Monchique,risco_movimento_massa,23.454,static
0809,Monchique,risco_nevao,0,static
0809,Monchique,risco_ondas_calor,50,static
0809,Monchique,risco_ondas_frio,33.333,static
0809,Monchique,risco_seca,99.317,static
0809,Monchique,risco_sismo,98.525,static
0809,Monchique,risco_tsunami,0,static
0809,Monchique,taxa_bruta_natalidade,8.6,static
0809,Monchique,taxa_crescimento_efetivo,0.26,static
0809,Monchique,taxa_desemprego,7.74,static
0809,Monchique,taxa_esforco_arrendamento,29.59801965,static
0809,Monchique,valor_mediano_vendas_m2,1376,static
0810,Olhão,acessos_internet_banda_larga,47.29,static
0810,Olhão,certificacao_energetica_cf,56.18878005,static
0810,Olhão,coeficiente_gini,42.3,static
0810,Olhão,consumo_energia_eletrica,1547.1,static
0810,Olhão,densidade_populacional,347.3,static
0810,Olhão,disparidade_ganho_mensal,4.7,static
0810,Olhão,duracao_pendulares,16.33,static
0810,Olhão,emissoes_gee_edificios,11.24,static
0810,Olhão,emissoes_gee_transportes,63.54,static
0810,Olhão,empresas_volume_negocios,129494.5,static
0810,Olhão,indice_envelhecimento_edificios,838.1,static
0810,Olhão,percentagem_poder_compra,0.36,static
0810,Olhão,prop_agregados_unipessoais,25.07,static
0810,Olhão,prop_alojamentos_arrendados,0.0802,static
0810,Olhão,prop_alojamentos_locais,22.12,static
0810,Olhão,prop_alojamentos_nao_classicos,0.55,static
0810,Olhão,prop_alojamentos_sobrelotados,16.2806273371658,static
0810,Olhão,prop_alojamentos_vagos,12.4,static
0810,Olhão,prop_ar_condicionado,33.84495172,static
0810,Olhão,prop_edificios_fora_urbano,39.4,static
0810,Olhão,prop_ensino_secundario,43.22,static
0810,Olhão,prop_habitacao_social,2.95227525,static
0810,Olhão,prop_mais_20min_escola,38.21,static
0810,Olhão,prop_mais_30min_hospital,0,static
0810,Olhão,prop_modo_pedonal,23.7,static
0810,Olhão,prop_nacionalidade_estrangeira,0.168,static
0810,Olhão,prop_necessidade_reparacao,10.32,static
0810,Olhão,prop_pop_65_mais,22.93,static
0810,Olhão,prop_reabilitacao_edificado,45.9,static
0810,Olhão,prop_risco_pobreza,20.66160221,static
0810,Olhão,prop_sem_aquecimento,44.01,static
0810,Olhão,prop_transporte_coletivo,6.9,static
0810,Olhão,prop_vagos_bom_estado,73.7646,static
0810,Olhão,racio_vendas_estrangeiros,1.279150198,static
0810,Olhão,risco_galgamentos_costeiros,30.062,static
0810,Olhão,risco_incendio_rural,22.201,static
0810,Olhão,risco_inundacao,0,static
0810,Olhão,risco_movimento_massa,2.086,static
0810,Olhão,risco_nevao,0,static
0810,Olhão,risco_ondas_calor,25,static
0810,Olhão,risco_ondas_frio,33.333,static
0810,Olhão,risco_seca,100,static
0810,Olhão,risco_sismo,81.721,static
0810,Olhão,risco_tsunami,2.805,static
0810,Olhão,taxa_bruta_natalidade,7.5,static
0810,Olhão,taxa_crescimento_efetivo,0.9,static
0810,Olhão,taxa_desemprego,9.81,static
0810,Olhão,taxa_esforco_arrendamento,44.09476978,static
0810,Olhão,valor_mediano_vendas_m2,2211,static
0811,Portimão,acessos_internet_banda_larga,60.37,static
0811,Portimão,certificacao_energetica_cf,55.76374745,static
0811,Portimão,coeficiente_gini,44.4,static
0811,Portimão,consumo_energia_eletrica,1725.6,static
0811,Portimão,densidade_populacional,354.1,static
0811,Portimão,disparidade_ganho_mensal,5.3,static
0811,Portimão,duracao_pendulares,14.79,static
0811,Portimão,emissoes_gee_edificios,20.8,static
0811,Portimão,emissoes_gee_transportes,87.03,static
0811,Portimão,empresas_volume_negocios,139083.4,static
0811,Portimão,indice_envelhecimento_edificios,706.8,static
0811,Portimão,percentagem_poder_compra,0.592,static
0811,Portimão,prop_agregados_unipessoais,28.59,static
0811,Portimão,prop_alojamentos_arrendados,0.0745,static
0811,Portimão,prop_alojamentos_locais,48.27,static
0811,Portimão,prop_alojamentos_nao_classicos,0.54,static
0811,Portimão,prop_alojamentos_sobrelotados,17.4051641695887,static
0811,Portimão,prop_alojamentos_vagos,9.7,static
0811,Portimão,prop_ar_condicionado,29.66209755,static
0811,Portimão,prop_edificios_fora_urbano,17.2,static
0811,Portimão,prop_ensino_secundario,49.06,static
0811,Portimão,prop_habitacao_social,1.392261955,static
0811,Portimão,prop_mais_20min_escola,23.8,static
0811,Portimão,prop_mais_30min_hospital,0,static
0811,Portimão,prop_modo_pedonal,21.7,static
0811,Portimão,prop_nacionalidade_estrangeira,0.353,static
0811,Portimão,prop_necessidade_reparacao,9.22,static
0811,Portimão,prop_pop_65_mais,22.44,static
0811,Portimão,prop_reabilitacao_edificado,1.2,static
0811,Portimão,prop_risco_pobreza,21.14619883,static
0811,Portimão,prop_sem_aquecimento,41.61,static
0811,Portimão,prop_transporte_coletivo,6,static
0811,Portimão,prop_vagos_bom_estado,82.64687,static
0811,Portimão,racio_vendas_estrangeiros,1.136833402,static
0811,Portimão,risco_galgamentos_costeiros,14.445,static
0811,Portimão,risco_incendio_rural,45.645,static
0811,Portimão,risco_inundacao,1.807,static
0811,Portimão,risco_movimento_massa,2.165,static
0811,Portimão,risco_nevao,0,static
0811,Portimão,risco_ondas_calor,35.793,static
0811,Portimão,risco_ondas_frio,33.319,static
0811,Portimão,risco_seca,100,static
0811,Portimão,risco_sismo,91.251,static
0811,Portimão,risco_tsunami,13.856,static
0811,Portimão,taxa_bruta_natalidade,9.6,static
0811,Portimão,taxa_crescimento_efetivo,2.17,static
0811,Portimão,taxa_desemprego,13.46,static
0811,Portimão,taxa_esforco_arrendamento,61.42494812,static
0811,Portimão,valor_mediano_vendas_m2,2556,static
0812,São Brás de Alportel,acessos_internet_banda_larga,46.09,static
0812,São Brás de Alportel,certificacao_energetica_cf,75.2,static
0812,São Brás de Alportel,coeficiente_gini,44,static
0812,São Brás de Alportel,consumo_energia_eletrica,1963.2,static
0812,São Brás de Alportel,densidade_populacional,76.5,static
0812,São Brás de Alportel,disparidade_ganho_mensal,2.5,static
0812,São Brás de Alportel,duracao_pendulares,16.31,static
0812,São Brás de Alportel,emissoes_gee_edificios,3.42,static
0812,São Brás de Alportel,emissoes_gee_transportes,8.28,static
0812,São Brás de Alportel,empresas_volume_negocios,105380.5,static
0812,São Brás de Alportel,indice_envelhecimento_edificios,858.3,static
0812,São Brás de Alportel,percentagem_poder_compra,0.095,static
0812,São Brás de Alportel,prop_agregados_unipessoais,26.85,static
0812,São Brás de Alportel,prop_alojamentos_arrendados,0.0844,static
0812,São Brás de Alportel,prop_alojamentos_locais,6.33,static
0812,São Brás de Alportel,prop_alojamentos_nao_classicos,0.06,static
0812,São Brás de Alportel,prop_alojamentos_sobrelotados,10.5013987518829,static
0812,São Brás de Alportel,prop_alojamentos_vagos,8.5,static
0812,São Brás de Alportel,prop_ar_condicionado,37.29287713,static
0812,São Brás de Alportel,prop_edificios_fora_urbano,52.2,static
0812,São Brás de Alportel,prop_ensino_secundario,46.36,static
0812,São Brás de Alportel,prop_habitacao_social,0.788834951,static
0812,São Brás de Alportel,prop_mais_20min_escola,49.81,static
0812,São Brás de Alportel,prop_mais_30min_hospital,0,static
0812,São Brás de Alportel,prop_modo_pedonal,19,static
0812,São Brás de Alportel,prop_nacionalidade_estrangeira,0.192,static
0812,São Brás de Alportel,prop_necessidade_reparacao,15.91,static
0812,São Brás de Alportel,prop_pop_65_mais,26.01,static
0812,São Brás de Alportel,prop_reabilitacao_edificado,20.5,static
0812,São Brás de Alportel,prop_risco_pobreza,21.2503864,static
0812,São Brás de Alportel,prop_sem_aquecimento,26.43,static
0812,São Brás de Alportel,prop_transporte_coletivo,4.4,static
0812,São Brás de Alportel,prop_vagos_bom_estado,63.48123,static
0812,São Brás de Alportel,racio_vendas_estrangeiros,1.413943355,static
0812,São Brás de Alportel,risco_galgamentos_costeiros,0,static
0812,São Brás de Alportel,risco_incendio_rural,65.072,static
0812,São Brás de Alportel,risco_inundacao,0,static
0812,São Brás de Alportel,risco_movimento_massa,10.854,static
0812,São Brás de Alportel,risco_nevao,0,static
0812,São Brás de Alportel,risco_ondas_calor,48.136,static
0812,São Brás de Alportel,risco_ondas_frio,33.333,static
0812,São Brás de Alportel,risco_seca,100,static
0812,São Brás de Alportel,risco_sismo,68.214,static
0812,São Brás de Alportel,risco_tsunami,0,static
0812,São Brás de Alportel,taxa_bruta_natalidade,6.9,static
0812,São Brás de Alportel,taxa_crescimento_efetivo,1.08,static
0812,São Brás de Alportel,taxa_desemprego,7.22,static
0812,São Brás de Alportel,taxa_esforco_arrendamento,37.28842105,static
0812,São Brás de Alportel,valor_mediano_vendas_m2,1997,static
0813,Silves,acessos_internet_banda_larga,52.74,static
0813,Silves,certificacao_energetica_cf,65.10791367,static
0813,Silves,coeficiente_gini,41.9,static
0813,Silves,consumo_energia_eletrica,2057,static
0813,Silves,densidade_populacional,59.3,static
0813,Silves,disparidade_ganho_mensal,5.8,static
0813,Silves,duracao_pendulares,17.07,static
0813,Silves,emissoes_gee_edificios,15.5,static
0813,Silves,emissoes_gee_transportes,72.1,static
0813,Silves,empresas_volume_negocios,124746.2,static
0813,Silves,indice_envelhecimento_edificios,1023,static
0813,Silves,percentagem_poder_compra,0.316,static
0813,Silves,prop_agregados_unipessoais,27.07,static
0813,Silves,prop_alojamentos_arrendados,0.0254,static
0813,Silves,prop_alojamentos_locais,26.22,static
0813,Silves,prop_alojamentos_nao_classicos,0.3,static
0813,Silves,prop_alojamentos_sobrelotados,15.6303807155155,static
0813,Silves,prop_alojamentos_vagos,11.8,static
0813,Silves,prop_ar_condicionado,29.29022384,static
0813,Silves,prop_edificios_fora_urbano,42.6,static
0813,Silves,prop_ensino_secundario,41,static
0813,Silves,prop_habitacao_social,0.330260906,static
0813,Silves,prop_mais_20min_escola,86.69,static
0813,Silves,prop_mais_30min_hospital,6,static
0813,Silves,prop_modo_pedonal,18.9,static
0813,Silves,prop_nacionalidade_estrangeira,0.29,static
0813,Silves,prop_necessidade_reparacao,10.61,static
0813,Silves,prop_pop_65_mais,24.99,static
0813,Silves,prop_reabilitacao_edificado,36.6,static
0813,Silves,prop_risco_pobreza,21.9186747,static
0813,Silves,prop_sem_aquecimento,36.53,static
0813,Silves,prop_transporte_coletivo,10.3,static
0813,Silves,prop_vagos_bom_estado,67.61953,static
0813,Silves,racio_vendas_estrangeiros,1.131531532,static
0813,Silves,risco_galgamentos_costeiros,1.165,static
0813,Silves,risco_incendio_rural,50.328,static
0813,Silves,risco_inundacao,0.177,static
0813,Silves,risco_movimento_massa,6.907,static
0813,Silves,risco_nevao,0,static
0813,Silves,risco_ondas_calor,46.75,static
0813,Silves,risco_ondas_frio,33.409,static
0813,Silves,risco_seca,100,static
0813,Silves,risco_sismo,81.841,static
0813,Silves,risco_tsunami,0.954,static
0813,Silves,taxa_bruta_natalidade,9.2,static
0813,Silves,taxa_crescimento_efetivo,2.03,static
0813,Silves,taxa_desemprego,11.26,static
0813,Silves,taxa_esforco_arrendamento,48.84288355,static
0813,Silves,valor_mediano_vendas_m2,1986,static
0814,Tavira,acessos_internet_banda_larga,56.74,static
0814,Tavira,certificacao_energetica_cf,37.54592212,static
0814,Tavira,coeficiente_gini,45.2,static
0814,Tavira,consumo_energia_eletrica,2186.7,static
0814,Tavira,densidade_populacional,46.6,static
0814,Tavira,disparidade_ganho_mensal,2.3,static
0814,Tavira,duracao_pendulares,16.15,static
0814,Tavira,emissoes_gee_edificios,7.62,static
0814,Tavira,emissoes_gee_transportes,36.59,static
0814,Tavira,empresas_volume_negocios,105045.4,static
0814,Tavira,indice_envelhecimento_edificios,883.2,static
0814,Tavira,percentagem_poder_compra,0.242,static
0814,Tavira,prop_agregados_unipessoais,27.55,static
0814,Tavira,prop_alojamentos_arrendados,0.1072,static
0814,Tavira,prop_alojamentos_locais,39.82,static
0814,Tavira,prop_alojamentos_nao_classicos,0.07,static
0814,Tavira,prop_alojamentos_sobrelotados,13.0899991371127,static
0814,Tavira,prop_alojamentos_vagos,10.9,static
0814,Tavira,prop_ar_condicionado,40.6074726,static
0814,Tavira,prop_edificios_fora_urbano,43.3,static
0814,Tavira,prop_ensino_secundario,43.16,static
0814,Tavira,prop_habitacao_social,2.385321101,static
0814,Tavira,prop_mais_20min_escola,67.62,static
0814,Tavira,prop_mais_30min_hospital,2,static
0814,Tavira,prop_modo_pedonal,21.1,static
0814,Tavira,prop_nacionalidade_estrangeira,0.377,static
0814,Tavira,prop_necessidade_reparacao,9.5,static
0814,Tavira,prop_pop_65_mais,29.3,static
0814,Tavira,prop_reabilitacao_edificado,41.8,static
0814,Tavira,prop_risco_pobreza,25.23916533,static
0814,Tavira,prop_sem_aquecimento,34.76,static
0814,Tavira,prop_transporte_coletivo,8.2,static
0814,Tavira,prop_vagos_bom_estado,71.80129,static
0814,Tavira,racio_vendas_estrangeiros,1.122522523,static
0814,Tavira,risco_galgamentos_costeiros,4.609,static
0814,Tavira,risco_incendio_rural,58.478,static
0814,Tavira,risco_inundacao,0.222,static
0814,Tavira,risco_movimento_massa,8.832,static
0814,Tavira,risco_nevao,0,static
0814,Tavira,risco_ondas_calor,35.68,static
0814,Tavira,risco_ondas_frio,33.333,static
0814,Tavira,risco_seca,100,static
0814,Tavira,risco_sismo,70.346,static
0814,Tavira,risco_tsunami,1.027,static
0814,Tavira,taxa_bruta_natalidade,6.5,static
0814,Tavira,taxa_crescimento_efetivo,1.49,static
0814,Tavira,taxa_desemprego,9.13,static
0814,Tavira,taxa_esforco_arrendamento,63.37924849,static
0814,Tavira,valor_mediano_vendas_m2,2853,static
0815,Vila do Bispo,acessos_internet_banda_larga,65.69,static
0815,Vila do Bispo,certificacao_energetica_cf,46.66666667,static
0815,Vila do Bispo,coeficiente_gini,43.8,static
0815,Vila do Bispo,consumo_energia_eletrica,2945.5,static
0815,Vila do Bispo,densidade_populacional,33.8,static
0815,Vila do Bispo,disparidade_ganho_mensal,2.1,static
0815,Vila do Bispo,duracao_pendulares,16.35,static
0815,Vila do Bispo,emissoes_gee_edificios,2.48,static
0815,Vila do Bispo,emissoes_gee_transportes,4.08,static
0815,Vila do Bispo,empresas_volume_negocios,145927.8,static
0815,Vila do Bispo,indice_envelhecimento_edificios,354.2,static
0815,Vila do Bispo,percentagem_poder_compra,0.037,static
0815,Vila do Bispo,prop_agregados_unipessoais,31.62,static
0815,Vila do Bispo,prop_alojamentos_arrendados,0.1235,static
0815,Vila do Bispo,prop_alojamentos_locais,95.61,static
0815,Vila do Bispo,prop_alojamentos_nao_classicos,1.87,static
0815,Vila do Bispo,prop_alojamentos_sobrelotados,15.8511928831378,static
0815,Vila do Bispo,prop_alojamentos_vagos,14.9,static
0815,Vila do Bispo,prop_ar_condicionado,9.987868985,static
0815,Vila do Bispo,prop_edificios_fora_urbano,20,static
0815,Vila do Bispo,prop_ensino_secundario,41.96,static
0815,Vila do Bispo,prop_habitacao_social,0.474656721,static
0815,Vila do Bispo,prop_mais_20min_escola,94.37,static
0815,Vila do Bispo,prop_mais_30min_hospital,34,static
0815,Vila do Bispo,prop_modo_pedonal,23,static
0815,Vila do Bispo,prop_nacionalidade_estrangeira,0.511,static
0815,Vila do Bispo,prop_necessidade_reparacao,7.16,static
0815,Vila do Bispo,prop_pop_65_mais,27.6,static
0815,Vila do Bispo,prop_reabilitacao_edificado,47.7,static
0815,Vila do Bispo,prop_risco_pobreza,23.01487603,static
0815,Vila do Bispo,prop_sem_aquecimento,44.12,static
0815,Vila do Bispo,prop_transporte_coletivo,14.8,static
0815,Vila do Bispo,prop_vagos_bom_estado,79.41176,static
0815,Vila do Bispo,racio_vendas_estrangeiros,1.13352791,static
0815,Vila do Bispo,risco_galgamentos_costeiros,4.263,static
0815,Vila do Bispo,risco_incendio_rural,46.996,static
0815,Vila do Bispo,risco_inundacao,0,static
0815,Vila do Bispo,risco_movimento_massa,2.672,static
0815,Vila do Bispo,risco_nevao,0,static
0815,Vila do Bispo,risco_ondas_calor,33.206,static
0815,Vila do Bispo,risco_ondas_frio,33.336,static
0815,Vila do Bispo,risco_seca,66.667,static
0815,Vila do Bispo,risco_sismo,93.439,static
0815,Vila do Bispo,risco_tsunami,3.111,static
0815,Vila do Bispo,taxa_bruta_natalidade,8.5,static
0815,Vila do Bispo,taxa_crescimento_efetivo,1.89,static
0815,Vila do Bispo,taxa_desemprego,9.48,static
0815,Vila do Bispo,taxa_esforco_arrendamento,48.44201778,static
0815,Vila do Bispo,valor_mediano_vendas_m2,3030,static
0816,Vila Real de Santo António,acessos_internet_banda_larga,57.29,static
0816,Vila Real de Santo António,certificacao_energetica_cf,44.69453376,static
0816,Vila Real de Santo António,coeficiente_gini,41.9,static
0816,Vila Real de Santo António,consumo_energia_eletrica,1887.5,static
0816,Vila Real de Santo António,densidade_populacional,319.1,static
0816,Vila Real de Santo António,disparidade_ganho_mensal,9.1,static
0816,Vila Real de Santo António,duracao_pendulares,14.16,static
0816,Vila Real de Santo António,emissoes_gee_edificios,4.89,static
0816,Vila Real de Santo António,emissoes_gee_transportes,26.65,static
0816,Vila Real de Santo António,empresas_volume_negocios,134114.8,static
0816,Vila Real de Santo António,indice_envelhecimento_edificios,753.9,static
0816,Vila Real de Santo António,percentagem_poder_compra,0.167,static
0816,Vila Real de Santo António,prop_agregados_unipessoais,26.67,static
0816,Vila Real de Santo António,prop_alojamentos_arrendados,0.0709,static
0816,Vila Real de Santo António,prop_alojamentos_locais,25.01,static
0816,Vila Real de Santo António,prop_alojamentos_nao_classicos,0.27,static
0816,Vila Real de Santo António,prop_alojamentos_sobrelotados,16.9682664568581,static
0816,Vila Real de Santo António,prop_alojamentos_vagos,14.9,static
0816,Vila Real de Santo António,prop_ar_condicionado,33.96275898,static
0816,Vila Real de Santo António,prop_edificios_fora_urbano,21.8,static
0816,Vila Real de Santo António,prop_ensino_secundario,39.81,static
0816,Vila Real de Santo António,prop_habitacao_social,2.32311036,static
0816,Vila Real de Santo António,prop_mais_20min_escola,39.4,static
0816,Vila Real de Santo António,prop_mais_30min_hospital,95,static
0816,Vila Real de Santo António,prop_modo_pedonal,33.4,static
0816,Vila Real de Santo António,prop_nacionalidade_estrangeira,0.244,static
0816,Vila Real de Santo António,prop_necessidade_reparacao,7.49,static
0816,Vila Real de Santo António,prop_pop_65_mais,26.14,static
0816,Vila Real de Santo António,prop_reabilitacao_edificado,11.1,static
0816,Vila Real de Santo António,prop_risco_pobreza,23.66771654,static
0816,Vila Real de Santo António,prop_sem_aquecimento,42.91,static
0816,Vila Real de Santo António,prop_transporte_coletivo,5.9,static
0816,Vila Real de Santo António,prop_vagos_bom_estado,85.964340000000007,static
0816,Vila Real de Santo António,racio_vendas_estrangeiros,1.096411587,static
0816,Vila Real de Santo António,risco_galgamentos_costeiros,24.438,static
0816,Vila Real de Santo António,risco_incendio_rural,31.216,static
0816,Vila Real de Santo António,risco_inundacao,0,static
0816,Vila Real de Santo António,risco_movimento_massa,0.17,static
0816,Vila Real de Santo António,risco_nevao,0,static
0816,Vila Real de Santo António,risco_ondas_calor,25,static
0816,Vila Real de Santo António,risco_ondas_frio,33.332,static
0816,Vila Real de Santo António,risco_seca,100,static
0816,Vila Real de Santo António,risco_sismo,67.783,static
0816,Vila Real de Santo António,risco_tsunami,14.058,static
0816,Vila Real de Santo António,taxa_bruta_natalidade,7.9,static
0816,Vila Real de Santo António,taxa_crescimento_efetivo,1.19,static
0816,Vila Real de Santo António,taxa_desemprego,13.16,static
0816,Vila Real de Santo António,taxa_esforco_arrendamento,57.90417024,static
0816,Vila Real de Santo António,valor_mediano_vendas_m2,2258,static
0901,Aguiar da Beira,acessos_internet_banda_larga,29.71,static
0901,Aguiar da Beira,certificacao_energetica_cf,41.17647059,static
0901,Aguiar da Beira,coeficiente_gini,37.8,static
0901,Aguiar da Beira,consumo_energia_eletrica,1458.1,static
0901,Aguiar da Beira,densidade_populacional,25.8,static
0901,Aguiar da Beira,disparidade_ganho_mensal,3.7,static
0901,Aguiar da Beira,duracao_pendulares,14.96,static
0901,Aguiar da Beira,emissoes_gee_edificios,1.69,static
0901,Aguiar da Beira,emissoes_gee_transportes,4.25,static
0901,Aguiar da Beira,empresas_volume_negocios,185329.1,static
0901,Aguiar da Beira,indice_envelhecimento_edificios,682.6,static
0901,Aguiar da Beira,percentagem_poder_compra,0.035,static
0901,Aguiar da Beira,prop_agregados_unipessoais,25.18,static
0901,Aguiar da Beira,prop_alojamentos_arrendados,0.0294,static
0901,Aguiar da Beira,prop_alojamentos_locais,2.2,static
0901,Aguiar da Beira,prop_alojamentos_nao_classicos,0,static
0901,Aguiar da Beira,prop_alojamentos_sobrelotados,5.35798956851588,static
0901,Aguiar da Beira,prop_alojamentos_vagos,21.7,static
0901,Aguiar da Beira,prop_ar_condicionado,8.724513988,static
0901,Aguiar da Beira,prop_edificios_fora_urbano,6.9,static
0901,Aguiar da Beira,prop_ensino_secundario,24.52,static
0901,Aguiar da Beira,prop_habitacao_social,0.159140641,static
0901,Aguiar da Beira,prop_mais_20min_escola,81.37,static
0901,Aguiar da Beira,prop_mais_30min_hospital,100,static
0901,Aguiar da Beira,prop_modo_pedonal,17.6,static
0901,Aguiar da Beira,prop_nacionalidade_estrangeira,0.023,static
0901,Aguiar da Beira,prop_necessidade_reparacao,11.35,static
0901,Aguiar da Beira,prop_pop_65_mais,38.46,static
0901,Aguiar da Beira,prop_reabilitacao_edificado,28.6,static
0901,Aguiar da Beira,prop_risco_pobreza,26.00483092,static
0901,Aguiar da Beira,prop_sem_aquecimento,10.62,static
0901,Aguiar da Beira,prop_transporte_coletivo,11.6,static
0901,Aguiar da Beira,prop_vagos_bom_estado,63.58646,static
0901,Aguiar da Beira,racio_vendas_estrangeiros,1,static
0901,Aguiar da Beira,risco_galgamentos_costeiros,0,static
0901,Aguiar da Beira,risco_incendio_rural,71.16,static
0901,Aguiar da Beira,risco_inundacao,0,static
0901,Aguiar da Beira,risco_movimento_massa,5.956,static
0901,Aguiar da Beira,risco_nevao,49.966,static
0901,Aguiar da Beira,risco_ondas_calor,75,static
0901,Aguiar da Beira,risco_ondas_frio,81.386,static
0901,Aguiar da Beira,risco_seca,66.667,static
0901,Aguiar da Beira,risco_sismo,33.333,static
0901,Aguiar da Beira,risco_tsunami,0,static
0901,Aguiar da Beira,taxa_bruta_natalidade,5.1,static
0901,Aguiar da Beira,taxa_crescimento_efetivo,0.45,static
0901,Aguiar da Beira,taxa_desemprego,6.22,static
0901,Aguiar da Beira,taxa_esforco_arrendamento,31.61139654,static
0901,Aguiar da Beira,valor_mediano_vendas_m2,438,static
0902,Almeida,acessos_internet_banda_larga,33.95,static
0902,Almeida,certificacao_energetica_cf,75.34246575,static
0902,Almeida,coeficiente_gini,37.9,static
0902,Almeida,consumo_energia_eletrica,1616.9,static
0902,Almeida,densidade_populacional,10.9,static
0902,Almeida,disparidade_ganho_mensal,7.5,static
0902,Almeida,duracao_pendulares,16.06,static
0902,Almeida,emissoes_gee_edificios,1,static
0902,Almeida,emissoes_gee_transportes,15.99,static
0902,Almeida,empresas_volume_negocios,99525.56,static
0902,Almeida,indice_envelhecimento_edificios,1745.2,static
0902,Almeida,percentagem_poder_compra,0.04,static
0902,Almeida,prop_agregados_unipessoais,32.51,static
0902,Almeida,prop_alojamentos_arrendados,0.0086,static
0902,Almeida,prop_alojamentos_locais,0.58,static
0902,Almeida,prop_alojamentos_nao_classicos,0,static
0902,Almeida,prop_alojamentos_sobrelotados,6.17848970251716,static
0902,Almeida,prop_alojamentos_vagos,11.3,static
0902,Almeida,prop_ar_condicionado,6.064073227,static
0902,Almeida,prop_edificios_fora_urbano,57.9,static
0902,Almeida,prop_ensino_secundario,28.12,static
0902,Almeida,prop_habitacao_social,0.334156618,static
0902,Almeida,prop_mais_20min_escola,62.21,static
0902,Almeida,prop_mais_30min_hospital,80,static
0902,Almeida,prop_modo_pedonal,22.4,static
0902,Almeida,prop_nacionalidade_estrangeira,0.047,static
0902,Almeida,prop_necessidade_reparacao,13.51,static
0902,Almeida,prop_pop_65_mais,44.13,static
0902,Almeida,prop_reabilitacao_edificado,56.3,static
0902,Almeida,prop_risco_pobreza,20.67799353,static
0902,Almeida,prop_sem_aquecimento,6.6,static
0902,Almeida,prop_transporte_coletivo,9.4,static
0902,Almeida,prop_vagos_bom_estado,58.89328,static
0902,Almeida,racio_vendas_estrangeiros,1,static
0902,Almeida,risco_galgamentos_costeiros,0,static
0902,Almeida,risco_incendio_rural,72.194,static
0902,Almeida,risco_inundacao,0,static
0902,Almeida,risco_movimento_massa,2.701,static
0902,Almeida,risco_nevao,59.328,static
0902,Almeida,risco_ondas_calor,100,static
0902,Almeida,risco_ondas_frio,99.999,static
0902,Almeida,risco_seca,66.667,static
0902,Almeida,risco_sismo,32.781,static
0902,Almeida,risco_tsunami,0,static
0902,Almeida,taxa_bruta_natalidade,3,static
0902,Almeida,taxa_crescimento_efetivo,-0.74,static
0902,Almeida,taxa_desemprego,6.58,static
0902,Almeida,taxa_esforco_arrendamento,22.59414226,static
0902,Almeida,valor_mediano_vendas_m2,335,static
0903,Celorico da Beira,acessos_internet_banda_larga,35.23,static
0903,Celorico da Beira,certificacao_energetica_cf,58.82352941,static
0903,Celorico da Beira,coeficiente_gini,39.2,static
0903,Celorico da Beira,consumo_energia_eletrica,1418.2,static
0903,Celorico da Beira,densidade_populacional,26.8,static
0903,Celorico da Beira,disparidade_ganho_mensal,19.7,static
0903,Celorico da Beira,duracao_pendulares,15.95,static
0903,Celorico da Beira,emissoes_gee_edificios,1.39,static
0903,Celorico da Beira,emissoes_gee_transportes,19.16,static
0903,Celorico da Beira,empresas_volume_negocios,141927.6,static
0903,Celorico da Beira,indice_envelhecimento_edificios,537.4,static
0903,Celorico da Beira,percentagem_poder_compra,0.045,static
0903,Celorico da Beira,prop_agregados_unipessoais,28.17,static
0903,Celorico da Beira,prop_alojamentos_arrendados,0.0211,static
0903,Celorico da Beira,prop_alojamentos_locais,0,static
0903,Celorico da Beira,prop_alojamentos_nao_classicos,0,static
0903,Celorico da Beira,prop_alojamentos_sobrelotados,6.952820148989,static
0903,Celorico da Beira,prop_alojamentos_vagos,19.9,static
0903,Celorico da Beira,prop_ar_condicionado,7.023767293,static
0903,Celorico da Beira,prop_edificios_fora_urbano,20.2,static
0903,Celorico da Beira,prop_ensino_secundario,28.96,static
0903,Celorico da Beira,prop_habitacao_social,0.171499844,static
0903,Celorico da Beira,prop_mais_20min_escola,74.81,static
0903,Celorico da Beira,prop_mais_30min_hospital,2,static
0903,Celorico da Beira,prop_modo_pedonal,18.2,static
0903,Celorico da Beira,prop_nacionalidade_estrangeira,0.046,static
0903,Celorico da Beira,prop_necessidade_reparacao,19.71,static
0903,Celorico da Beira,prop_pop_65_mais,35.11,static
0903,Celorico da Beira,prop_reabilitacao_edificado,45.5,static
0903,Celorico da Beira,prop_risco_pobreza,24.98100173,static
0903,Celorico da Beira,prop_sem_aquecimento,8.51,static
0903,Celorico da Beira,prop_transporte_coletivo,12.4,static
0903,Celorico da Beira,prop_vagos_bom_estado,51.86953,static
0903,Celorico da Beira,racio_vendas_estrangeiros,1,static
0903,Celorico da Beira,risco_galgamentos_costeiros,0,static
0903,Celorico da Beira,risco_incendio_rural,78.013,static
0903,Celorico da Beira,risco_inundacao,0,static
0903,Celorico da Beira,risco_movimento_massa,14.415,static
0903,Celorico da Beira,risco_nevao,28.418,static
0903,Celorico da Beira,risco_ondas_calor,94.416,static
0903,Celorico da Beira,risco_ondas_frio,67.783,static
0903,Celorico da Beira,risco_seca,66.667,static
0903,Celorico da Beira,risco_sismo,34.909,static
0903,Celorico da Beira,risco_tsunami,0,static
0903,Celorico da Beira,taxa_bruta_natalidade,5.6,static
0903,Celorico da Beira,taxa_crescimento_efetivo,0.45,static
0903,Celorico da Beira,taxa_desemprego,7.55,static
0903,Celorico da Beira,taxa_esforco_arrendamento,24.59949891,static
0903,Celorico da Beira,valor_mediano_vendas_m2,363,static
0904,Figueira de Castelo Rodrigo,acessos_internet_banda_larga,32.45,static
0904,Figueira de Castelo Rodrigo,certificacao_energetica_cf,60,static
0904,Figueira de Castelo Rodrigo,coeficiente_gini,40.5,static
0904,Figueira de Castelo Rodrigo,consumo_energia_eletrica,1356.2,static
0904,Figueira de Castelo Rodrigo,densidade_populacional,9.9,static
0904,Figueira de Castelo Rodrigo,disparidade_ganho_mensal,1.8,static
0904,Figueira de Castelo Rodrigo,duracao_pendulares,13.55,static
0904,Figueira de Castelo Rodrigo,emissoes_gee_edificios,1,static
0904,Figueira de Castelo Rodrigo,emissoes_gee_transportes,4.86,static
0904,Figueira de Castelo Rodrigo,empresas_volume_negocios,94624.43,static
0904,Figueira de Castelo Rodrigo,indice_envelhecimento_edificios,1773.4,static
0904,Figueira de Castelo Rodrigo,percentagem_poder_compra,0.034,static
0904,Figueira de Castelo Rodrigo,prop_agregados_unipessoais,29.14,static
0904,Figueira de Castelo Rodrigo,prop_alojamentos_arrendados,0.0405,static
0904,Figueira de Castelo Rodrigo,prop_alojamentos_locais,6.55,static
0904,Figueira de Castelo Rodrigo,prop_alojamentos_nao_classicos,0,static
0904,Figueira de Castelo Rodrigo,prop_alojamentos_sobrelotados,6.82342093130474,static
0904,Figueira de Castelo Rodrigo,prop_alojamentos_vagos,18,static
0904,Figueira de Castelo Rodrigo,prop_ar_condicionado,9.128630705,static
0904,Figueira de Castelo Rodrigo,prop_edificios_fora_urbano,5.6,static
0904,Figueira de Castelo Rodrigo,prop_ensino_secundario,26.28,static
0904,Figueira de Castelo Rodrigo,prop_habitacao_social,0.340379792,static
0904,Figueira de Castelo Rodrigo,prop_mais_20min_escola,60.61,static
0904,Figueira de Castelo Rodrigo,prop_mais_30min_hospital,100,static
0904,Figueira de Castelo Rodrigo,prop_modo_pedonal,28.2,static
0904,Figueira de Castelo Rodrigo,prop_nacionalidade_estrangeira,0.017,static
0904,Figueira de Castelo Rodrigo,prop_necessidade_reparacao,19,static
0904,Figueira de Castelo Rodrigo,prop_pop_65_mais,38,static
0904,Figueira de Castelo Rodrigo,prop_reabilitacao_edificado,0,static
0904,Figueira de Castelo Rodrigo,prop_risco_pobreza,28.10526316,static
0904,Figueira de Castelo Rodrigo,prop_sem_aquecimento,7.19,static
0904,Figueira de Castelo Rodrigo,prop_transporte_coletivo,11.2,static
0904,Figueira de Castelo Rodrigo,prop_vagos_bom_estado,48.27586,static
0904,Figueira de Castelo Rodrigo,racio_vendas_estrangeiros,1,static
0904,Figueira de Castelo Rodrigo,risco_galgamentos_costeiros,0,static
0904,Figueira de Castelo Rodrigo,risco_incendio_rural,70.639,static
0904,Figueira de Castelo Rodrigo,risco_inundacao,0,static
0904,Figueira de Castelo Rodrigo,risco_movimento_massa,8.239,static
0904,Figueira de Castelo Rodrigo,risco_nevao,29.671,static
0904,Figueira de Castelo Rodrigo,risco_ondas_calor,100,static
0904,Figueira de Castelo Rodrigo,risco_ondas_frio,99.999,static
0904,Figueira de Castelo Rodrigo,risco_seca,66.667,static
0904,Figueira de Castelo Rodrigo,risco_sismo,35.737,static
0904,Figueira de Castelo Rodrigo,risco_tsunami,0,static
0904,Figueira de Castelo Rodrigo,taxa_bruta_natalidade,5.6,static
0904,Figueira de Castelo Rodrigo,taxa_crescimento_efetivo,-0.46,static
0904,Figueira de Castelo Rodrigo,taxa_desemprego,8.27,static
0904,Figueira de Castelo Rodrigo,taxa_esforco_arrendamento,26.63159626,static
0904,Figueira de Castelo Rodrigo,valor_mediano_vendas_m2,240,static
0905,Fornos de Algodres,acessos_internet_banda_larga,32.56,static
0905,Fornos de Algodres,certificacao_energetica_cf,68.49315068,static
0905,Fornos de Algodres,coeficiente_gini,39.2,static
0905,Fornos de Algodres,consumo_energia_eletrica,1292.9,static
0905,Fornos de Algodres,densidade_populacional,33.5,static
0905,Fornos de Algodres,disparidade_ganho_mensal,5.4,static
0905,Fornos de Algodres,duracao_pendulares,16.2,static
0905,Fornos de Algodres,emissoes_gee_edificios,1.98,static
0905,Fornos de Algodres,emissoes_gee_transportes,12.55,static
0905,Fornos de Algodres,empresas_volume_negocios,110879.5,static
0905,Fornos de Algodres,indice_envelhecimento_edificios,1503.8,static
0905,Fornos de Algodres,percentagem_poder_compra,0.028,static
0905,Fornos de Algodres,prop_agregados_unipessoais,27.88,static
0905,Fornos de Algodres,prop_alojamentos_arrendados,0.0382,static
0905,Fornos de Algodres,prop_alojamentos_locais,3.47,static
0905,Fornos de Algodres,prop_alojamentos_nao_classicos,0,static
0905,Fornos de Algodres,prop_alojamentos_sobrelotados,6.86857760951865,static
0905,Fornos de Algodres,prop_alojamentos_vagos,16,static
0905,Fornos de Algodres,prop_ar_condicionado,7.625743645,static
0905,Fornos de Algodres,prop_edificios_fora_urbano,12.9,static
0905,Fornos de Algodres,prop_ensino_secundario,27.45,static
0905,Fornos de Algodres,prop_habitacao_social,0.443896424,static
0905,Fornos de Algodres,prop_mais_20min_escola,74.85,static
0905,Fornos de Algodres,prop_mais_30min_hospital,61,static
0905,Fornos de Algodres,prop_modo_pedonal,19.2,static
0905,Fornos de Algodres,prop_nacionalidade_estrangeira,0.035,static
0905,Fornos de Algodres,prop_necessidade_reparacao,13.18,static
0905,Fornos de Algodres,prop_pop_65_mais,36.29,static
0905,Fornos de Algodres,prop_reabilitacao_edificado,50,static
0905,Fornos de Algodres,prop_risco_pobreza,27.61594203,static
0905,Fornos de Algodres,prop_sem_aquecimento,12.93,static
0905,Fornos de Algodres,prop_transporte_coletivo,10.9,static
0905,Fornos de Algodres,prop_vagos_bom_estado,51.9685,static
0905,Fornos de Algodres,racio_vendas_estrangeiros,1,static
0905,Fornos de Algodres,risco_galgamentos_costeiros,0,static
0905,Fornos de Algodres,risco_incendio_rural,77.547,static
0905,Fornos de Algodres,risco_inundacao,0,static
0905,Fornos de Algodres,risco_movimento_massa,11.886,static
0905,Fornos de Algodres,risco_nevao,21.456,static
0905,Fornos de Algodres,risco_ondas_calor,75.69,static
0905,Fornos de Algodres,risco_ondas_frio,67.115,static
0905,Fornos de Algodres,risco_seca,66.667,static
0905,Fornos de Algodres,risco_sismo,34.382,static
0905,Fornos de Algodres,risco_tsunami,0,static
0905,Fornos de Algodres,taxa_bruta_natalidade,5.2,static
0905,Fornos de Algodres,taxa_crescimento_efetivo,0.39,static
0905,Fornos de Algodres,taxa_desemprego,6.63,static
0905,Fornos de Algodres,taxa_esforco_arrendamento,25.75516694,static
0905,Fornos de Algodres,valor_mediano_vendas_m2,291,static
0906,Gouveia,acessos_internet_banda_larga,40.41,static
0906,Gouveia,certificacao_energetica_cf,60.38647343,static
0906,Gouveia,coeficiente_gini,39.1,static
0906,Gouveia,consumo_energia_eletrica,1266.8,static
0906,Gouveia,densidade_populacional,40.9,static
0906,Gouveia,disparidade_ganho_mensal,5.5,static
0906,Gouveia,duracao_pendulares,16.1,static
0906,Gouveia,emissoes_gee_edificios,2.3,static
0906,Gouveia,emissoes_gee_transportes,10.91,static
0906,Gouveia,empresas_volume_negocios,95372.09,static
0906,Gouveia,indice_envelhecimento_edificios,1383.6,static
0906,Gouveia,percentagem_poder_compra,0.081,static
0906,Gouveia,prop_agregados_unipessoais,28.92,static
0906,Gouveia,prop_alojamentos_arrendados,0.0642,static
0906,Gouveia,prop_alojamentos_locais,3.68,static
0906,Gouveia,prop_alojamentos_nao_classicos,0.06,static
0906,Gouveia,prop_alojamentos_sobrelotados,5.92635212888377,static
0906,Gouveia,prop_alojamentos_vagos,19.9,static
0906,Gouveia,prop_ar_condicionado,7.978519371,static
0906,Gouveia,prop_edificios_fora_urbano,19.5,static
0906,Gouveia,prop_ensino_secundario,30.23,static
0906,Gouveia,prop_habitacao_social,0.210268092,static
0906,Gouveia,prop_mais_20min_escola,77.53,static
0906,Gouveia,prop_mais_30min_hospital,0,static
0906,Gouveia,prop_modo_pedonal,17.5,static
0906,Gouveia,prop_nacionalidade_estrangeira,0.038,static
0906,Gouveia,prop_necessidade_reparacao,12.48,static
0906,Gouveia,prop_pop_65_mais,38.2,static
0906,Gouveia,prop_reabilitacao_edificado,0,static
0906,Gouveia,prop_risco_pobreza,24.84044944,static
0906,Gouveia,prop_sem_aquecimento,9.05,static
0906,Gouveia,prop_transporte_coletivo,13.2,static
0906,Gouveia,prop_vagos_bom_estado,63.47709,static
0906,Gouveia,racio_vendas_estrangeiros,1.31372549,static
0906,Gouveia,risco_galgamentos_costeiros,0,static
0906,Gouveia,risco_incendio_rural,83.799,static
0906,Gouveia,risco_inundacao,0,static
0906,Gouveia,risco_movimento_massa,16.707,static
0906,Gouveia,risco_nevao,44.557,static
0906,Gouveia,risco_ondas_calor,91.856,static
0906,Gouveia,risco_ondas_frio,66.667,static
0906,Gouveia,risco_seca,66.667,static
0906,Gouveia,risco_sismo,34.176,static
0906,Gouveia,risco_tsunami,0,static
0906,Gouveia,taxa_bruta_natalidade,4.9,static
0906,Gouveia,taxa_crescimento_efetivo,0.64,static
0906,Gouveia,taxa_desemprego,6.84,static
0906,Gouveia,taxa_esforco_arrendamento,19.35928051,static
0906,Gouveia,valor_mediano_vendas_m2,418,static
0907,Guarda,acessos_internet_banda_larga,41.55,static
0907,Guarda,certificacao_energetica_cf,61.74582798,static
0907,Guarda,coeficiente_gini,42.5,static
0907,Guarda,consumo_energia_eletrica,1317.5,static
0907,Guarda,densidade_populacional,56.2,static
0907,Guarda,disparidade_ganho_mensal,11.5,static
0907,Guarda,duracao_pendulares,14.87,static
0907,Guarda,emissoes_gee_edificios,14.16,static
0907,Guarda,emissoes_gee_transportes,73.86,static
0907,Guarda,empresas_volume_negocios,309221,static
0907,Guarda,indice_envelhecimento_edificios,852.7,static
0907,Guarda,percentagem_poder_compra,0.361,static
0907,Guarda,prop_agregados_unipessoais,24.91,static
0907,Guarda,prop_alojamentos_arrendados,0.0336,static
0907,Guarda,prop_alojamentos_locais,1.21,static
0907,Guarda,prop_alojamentos_nao_classicos,0.02,static
0907,Guarda,prop_alojamentos_sobrelotados,7.87175572519083,static
0907,Guarda,prop_alojamentos_vagos,11.9,static
0907,Guarda,prop_ar_condicionado,6.076335878,static
0907,Guarda,prop_edificios_fora_urbano,73.2,static
0907,Guarda,prop_ensino_secundario,48.6,static
0907,Guarda,prop_habitacao_social,0.245933317,static
0907,Guarda,prop_mais_20min_escola,63.55,static
0907,Guarda,prop_mais_30min_hospital,0,static
0907,Guarda,prop_modo_pedonal,16.6,static
0907,Guarda,prop_nacionalidade_estrangeira,0.064,static
0907,Guarda,prop_necessidade_reparacao,10.92,static
0907,Guarda,prop_pop_65_mais,25.26,static
0907,Guarda,prop_reabilitacao_edificado,50,static
0907,Guarda,prop_risco_pobreza,16.70128119,static
0907,Guarda,prop_sem_aquecimento,7.96,static
0907,Guarda,prop_transporte_coletivo,7.1,static
0907,Guarda,prop_vagos_bom_estado,63.70086,static
0907,Guarda,racio_vendas_estrangeiros,1,static
0907,Guarda,risco_galgamentos_costeiros,0,static
0907,Guarda,risco_incendio_rural,79.756,static
0907,Guarda,risco_inundacao,0,static
0907,Guarda,risco_movimento_massa,14.411,static
0907,Guarda,risco_nevao,64.914,static
0907,Guarda,risco_ondas_calor,100,static
0907,Guarda,risco_ondas_frio,85.917,static
0907,Guarda,risco_seca,66.667,static
0907,Guarda,risco_sismo,34.019,static
0907,Guarda,risco_tsunami,0,static
0907,Guarda,taxa_bruta_natalidade,6.8,static
0907,Guarda,taxa_crescimento_efetivo,0.09,static
0907,Guarda,taxa_desemprego,6.47,static
0907,Guarda,taxa_esforco_arrendamento,21.13487465,static
0907,Guarda,valor_mediano_vendas_m2,835,static
0908,Manteigas,acessos_internet_banda_larga,39.63,static
0908,Manteigas,certificacao_energetica_cf,39.64497041,static
0908,Manteigas,coeficiente_gini,38.1,static
0908,Manteigas,consumo_energia_eletrica,1475.2,static
0908,Manteigas,densidade_populacional,24.2,static
0908,Manteigas,disparidade_ganho_mensal,3.3,static
0908,Manteigas,duracao_pendulares,15.21,static
0908,Manteigas,emissoes_gee_edificios,0.83,static
0908,Manteigas,emissoes_gee_transportes,2.66,static
0908,Manteigas,empresas_volume_negocios,136284,static
0908,Manteigas,indice_envelhecimento_edificios,2442.9,static
0908,Manteigas,percentagem_poder_compra,0.02,static
0908,Manteigas,prop_agregados_unipessoais,31.19,static
0908,Manteigas,prop_alojamentos_arrendados,0.118,static
0908,Manteigas,prop_alojamentos_locais,15.94,static
0908,Manteigas,prop_alojamentos_nao_classicos,0.14,static
0908,Manteigas,prop_alojamentos_sobrelotados,5.6732223903177,static
0908,Manteigas,prop_alojamentos_vagos,9.6,static
0908,Manteigas,prop_ar_condicionado,5.975794251,static
0908,Manteigas,prop_edificios_fora_urbano,12.6,static
0908,Manteigas,prop_ensino_secundario,30.33,static
0908,Manteigas,prop_habitacao_social,1.443001443,static
0908,Manteigas,prop_mais_20min_escola,29.04,static
0908,Manteigas,prop_mais_30min_hospital,56,static
0908,Manteigas,prop_modo_pedonal,29.7,static
0908,Manteigas,prop_nacionalidade_estrangeira,0.051,static
0908,Manteigas,prop_necessidade_reparacao,11.85,static
0908,Manteigas,prop_pop_65_mais,37.81,static
0908,Manteigas,prop_reabilitacao_edificado,75,static
0908,Manteigas,prop_risco_pobreza,24.12113402,static
0908,Manteigas,prop_sem_aquecimento,6.43,static
0908,Manteigas,prop_transporte_coletivo,5,static
0908,Manteigas,prop_vagos_bom_estado,64.90566,static
0908,Manteigas,racio_vendas_estrangeiros,1,static
0908,Manteigas,risco_galgamentos_costeiros,0,static
0908,Manteigas,risco_incendio_rural,85.996,static
0908,Manteigas,risco_inundacao,0,static
0908,Manteigas,risco_movimento_massa,39.392,static
0908,Manteigas,risco_nevao,84.145,static
0908,Manteigas,risco_ondas_calor,100,static
0908,Manteigas,risco_ondas_frio,66.667,static
0908,Manteigas,risco_seca,66.667,static
0908,Manteigas,risco_sismo,37.614,static
0908,Manteigas,risco_tsunami,0,static
0908,Manteigas,taxa_bruta_natalidade,6.5,static
0908,Manteigas,taxa_crescimento_efetivo,0.44,static
0908,Manteigas,taxa_desemprego,9.12,static
0908,Manteigas,taxa_esforco_arrendamento,24.85997085,static
0908,Manteigas,valor_mediano_vendas_m2,389,static
0909,Mêda,acessos_internet_banda_larga,29.89,static
0909,Mêda,certificacao_energetica_cf,64.44444444,static
0909,Mêda,coeficiente_gini,39.9,static
0909,Mêda,consumo_energia_eletrica,1438.2,static
0909,Mêda,densidade_populacional,16.1,static
0909,Mêda,disparidade_ganho_mensal,5.3,static
0909,Mêda,duracao_pendulares,15.73,static
0909,Mêda,emissoes_gee_edificios,0.76,static
0909,Mêda,emissoes_gee_transportes,4.04,static
0909,Mêda,empresas_volume_negocios,85023.61,static
0909,Mêda,indice_envelhecimento_edificios,1004.5,static
0909,Mêda,percentagem_poder_compra,0.03,static
0909,Mêda,prop_agregados_unipessoais,32.01,static
0909,Mêda,prop_alojamentos_arrendados,0.064,static
0909,Mêda,prop_alojamentos_locais,0,static
0909,Mêda,prop_alojamentos_nao_classicos,0,static
0909,Mêda,prop_alojamentos_sobrelotados,6.18656355727404,static
0909,Mêda,prop_alojamentos_vagos,14.9,static
0909,Mêda,prop_ar_condicionado,5.364910585,static
0909,Mêda,prop_edificios_fora_urbano,12.9,static
0909,Mêda,prop_ensino_secundario,26.16,static
0909,Mêda,prop_habitacao_social,0.351631178,static
0909,Mêda,prop_mais_20min_escola,62.02,static
0909,Mêda,prop_mais_30min_hospital,100,static
0909,Mêda,prop_modo_pedonal,20.9,static
0909,Mêda,prop_nacionalidade_estrangeira,0.036,static
0909,Mêda,prop_necessidade_reparacao,19.47,static
0909,Mêda,prop_pop_65_mais,38.38,static
0909,Mêda,prop_reabilitacao_edificado,50,static
0909,Mêda,prop_risco_pobreza,30.72611465,static
0909,Mêda,prop_sem_aquecimento,8.41,static
0909,Mêda,prop_transporte_coletivo,12.9,static
0909,Mêda,prop_vagos_bom_estado,45.63492,static
0909,Mêda,racio_vendas_estrangeiros,1,static
0909,Mêda,risco_galgamentos_costeiros,0,static
0909,Mêda,risco_incendio_rural,70.085,static
0909,Mêda,risco_inundacao,0,static
0909,Mêda,risco_movimento_massa,8.476,static
0909,Mêda,risco_nevao,31.444,static
0909,Mêda,risco_ondas_calor,78.803,static
0909,Mêda,risco_ondas_frio,100,static
0909,Mêda,risco_seca,66.667,static
0909,Mêda,risco_sismo,34.67,static
0909,Mêda,risco_tsunami,0,static
0909,Mêda,taxa_bruta_natalidade,5.2,static
0909,Mêda,taxa_crescimento_efetivo,0.48,static
0909,Mêda,taxa_desemprego,5.66,static
0909,Mêda,taxa_esforco_arrendamento,26.51174207,static
0909,Mêda,valor_mediano_vendas_m2,416,static
0910,Pinhel,acessos_internet_banda_larga,32.24,static
0910,Pinhel,certificacao_energetica_cf,68.06722689,static
0910,Pinhel,coeficiente_gini,39.1,static
0910,Pinhel,consumo_energia_eletrica,1472.7,static
0910,Pinhel,densidade_populacional,16.1,static
0910,Pinhel,disparidade_ganho_mensal,3.8,static
0910,Pinhel,duracao_pendulares,15.71,static
0910,Pinhel,emissoes_gee_edificios,2.52,static
0910,Pinhel,emissoes_gee_transportes,11.38,static
0910,Pinhel,empresas_volume_negocios,85303.4,static
0910,Pinhel,indice_envelhecimento_edificios,1303.2,static
0910,Pinhel,percentagem_poder_compra,0.052,static
0910,Pinhel,prop_agregados_unipessoais,28.39,static
0910,Pinhel,prop_alojamentos_arrendados,0.1449,static
0910,Pinhel,prop_alojamentos_locais,1.26,static
0910,Pinhel,prop_alojamentos_nao_classicos,0,static
0910,Pinhel,prop_alojamentos_sobrelotados,5.70545250140528,static
0910,Pinhel,prop_alojamentos_vagos,20.5,static
0910,Pinhel,prop_ar_condicionado,6.211354694,static
0910,Pinhel,prop_edificios_fora_urbano,64.7,static
0910,Pinhel,prop_ensino_secundario,27.86,static
0910,Pinhel,prop_habitacao_social,0.484496124,static
0910,Pinhel,prop_mais_20min_escola,67.45,static
0910,Pinhel,prop_mais_30min_hospital,58,static
0910,Pinhel,prop_modo_pedonal,25.5,static
0910,Pinhel,prop_nacionalidade_estrangeira,0.034,static
0910,Pinhel,prop_necessidade_reparacao,17.78,static
0910,Pinhel,prop_pop_65_mais,38.61,static
0910,Pinhel,prop_reabilitacao_edificado,0,static
0910,Pinhel,prop_risco_pobreza,28.41458333,static
0910,Pinhel,prop_sem_aquecimento,9.47,static
0910,Pinhel,prop_transporte_coletivo,8.9,static
0910,Pinhel,prop_vagos_bom_estado,58.83413,static
0910,Pinhel,racio_vendas_estrangeiros,1,static
0910,Pinhel,risco_galgamentos_costeiros,0,static
0910,Pinhel,risco_incendio_rural,72.739,static
0910,Pinhel,risco_inundacao,0,static
0910,Pinhel,risco_movimento_massa,5.085,static
0910,Pinhel,risco_nevao,36.681,static
0910,Pinhel,risco_ondas_calor,100,static
0910,Pinhel,risco_ondas_frio,100,static
0910,Pinhel,risco_seca,66.667,static
0910,Pinhel,risco_sismo,33.569,static
0910,Pinhel,risco_tsunami,0,static
0910,Pinhel,taxa_bruta_natalidade,2.3,static
0910,Pinhel,taxa_crescimento_efetivo,-0.41,static
0910,Pinhel,taxa_desemprego,5.48,static
0910,Pinhel,taxa_esforco_arrendamento,25.57625512,static
0910,Pinhel,valor_mediano_vendas_m2,360,static
0911,Sabugal,acessos_internet_banda_larga,30.31,static
0911,Sabugal,certificacao_energetica_cf,50.37481259,static
0911,Sabugal,coeficiente_gini,38.7,static
0911,Sabugal,consumo_energia_eletrica,1439.5,static
0911,Sabugal,densidade_populacional,13.7,static
0911,Sabugal,disparidade_ganho_mensal,3.3,static
0911,Sabugal,duracao_pendulares,16.21,static
0911,Sabugal,emissoes_gee_edificios,2.93,static
0911,Sabugal,emissoes_gee_transportes,9.74,static
0911,Sabugal,empresas_volume_negocios,119625.2,static
0911,Sabugal,indice_envelhecimento_edificios,1279.1,static
0911,Sabugal,percentagem_poder_compra,0.069,static
0911,Sabugal,prop_agregados_unipessoais,34.43,static
0911,Sabugal,prop_alojamentos_arrendados,0.0196,static
0911,Sabugal,prop_alojamentos_locais,0.87,static
0911,Sabugal,prop_alojamentos_nao_classicos,0.06,static
0911,Sabugal,prop_alojamentos_sobrelotados,5.85053095572029,static
0911,Sabugal,prop_alojamentos_vagos,15.3,static
0911,Sabugal,prop_ar_condicionado,6.812262072,static
0911,Sabugal,prop_edificios_fora_urbano,8,static
0911,Sabugal,prop_ensino_secundario,26.81,static
0911,Sabugal,prop_habitacao_social,0,static
0911,Sabugal,prop_mais_20min_escola,84.33,static
0911,Sabugal,prop_mais_30min_hospital,56,static
0911,Sabugal,prop_modo_pedonal,22.4,static
0911,Sabugal,prop_nacionalidade_estrangeira,0.028,static
0911,Sabugal,prop_necessidade_reparacao,14.09,static
0911,Sabugal,prop_pop_65_mais,44.97,static
0911,Sabugal,prop_reabilitacao_edificado,43.8,static
0911,Sabugal,prop_risco_pobreza,23.69430052,static
0911,Sabugal,prop_sem_aquecimento,5.55,static
0911,Sabugal,prop_transporte_coletivo,9.9,static
0911,Sabugal,prop_vagos_bom_estado,60.51753,static
0911,Sabugal,racio_vendas_estrangeiros,1,static
0911,Sabugal,risco_galgamentos_costeiros,0,static
0911,Sabugal,risco_incendio_rural,77.922,static
0911,Sabugal,risco_inundacao,0,static
0911,Sabugal,risco_movimento_massa,4.135,static
0911,Sabugal,risco_nevao,65.153,static
0911,Sabugal,risco_ondas_calor,100,static
0911,Sabugal,risco_ondas_frio,97.632,static
0911,Sabugal,risco_seca,66.667,static
0911,Sabugal,risco_sismo,33.003,static
0911,Sabugal,risco_tsunami,0,static
0911,Sabugal,taxa_bruta_natalidade,2.9,static
0911,Sabugal,taxa_crescimento_efetivo,0.18,static
0911,Sabugal,taxa_desemprego,5.78,static
0911,Sabugal,taxa_esforco_arrendamento,20.91317749,static
0911,Sabugal,valor_mediano_vendas_m2,289,static
0912,Seia,acessos_internet_banda_larga,42.22,static
0912,Seia,certificacao_energetica_cf,68.86543536,static
0912,Seia,coeficiente_gini,38.7,static
0912,Seia,consumo_energia_eletrica,1294.1,static
0912,Seia,densidade_populacional,49.1,static
0912,Seia,disparidade_ganho_mensal,3.7,static
0912,Seia,duracao_pendulares,15.41,static
0912,Seia,emissoes_gee_edificios,5.87,static
0912,Seia,emissoes_gee_transportes,19.18,static
0912,Seia,empresas_volume_negocios,253301.3,static
0912,Seia,indice_envelhecimento_edificios,1622.5,static
0912,Seia,percentagem_poder_compra,0.159,static
0912,Seia,prop_agregados_unipessoais,26.72,static
0912,Seia,prop_alojamentos_arrendados,0.0197,static
0912,Seia,prop_alojamentos_locais,10.09,static
0912,Seia,prop_alojamentos_nao_classicos,0.14,static
0912,Seia,prop_alojamentos_sobrelotados,6.45794698374604,static
0912,Seia,prop_alojamentos_vagos,16.9,static
0912,Seia,prop_ar_condicionado,11.69412021,static
0912,Seia,prop_edificios_fora_urbano,5.8,static
0912,Seia,prop_ensino_secundario,32.23,static
0912,Seia,prop_habitacao_social,0.039367865,static
0912,Seia,prop_mais_20min_escola,80.29,static
0912,Seia,prop_mais_30min_hospital,4,static
0912,Seia,prop_modo_pedonal,14.8,static
0912,Seia,prop_nacionalidade_estrangeira,0.05,static
0912,Seia,prop_necessidade_reparacao,14.11,static
0912,Seia,prop_pop_65_mais,34.47,static
0912,Seia,prop_reabilitacao_edificado,57.8,static
0912,Seia,prop_risco_pobreza,23.03470716,static
0912,Seia,prop_sem_aquecimento,11.66,static
0912,Seia,prop_transporte_coletivo,9.7,static
0912,Seia,prop_vagos_bom_estado,57.43607,static
0912,Seia,racio_vendas_estrangeiros,1,static
0912,Seia,risco_galgamentos_costeiros,0,static
0912,Seia,risco_incendio_rural,84.185,static
0912,Seia,risco_inundacao,0,static
0912,Seia,risco_movimento_massa,28.967,static
0912,Seia,risco_nevao,42.119,static
0912,Seia,risco_ondas_calor,84.775,static
0912,Seia,risco_ondas_frio,66.667,static
0912,Seia,risco_seca,66.667,static
0912,Seia,risco_sismo,34.425,static
0912,Seia,risco_tsunami,0,static
0912,Seia,taxa_bruta_natalidade,6.2,static
0912,Seia,taxa_crescimento_efetivo,-0.14,static
0912,Seia,taxa_desemprego,6.12,static
0912,Seia,taxa_esforco_arrendamento,20.70360571,static
0912,Seia,valor_mediano_vendas_m2,517,static
0913,Trancoso,acessos_internet_banda_larga,32.02,static
0913,Trancoso,certificacao_energetica_cf,67.13286713,static
0913,Trancoso,coeficiente_gini,40.5,static
0913,Trancoso,consumo_energia_eletrica,1496.8,static
0913,Trancoso,densidade_populacional,23.2,static
0913,Trancoso,disparidade_ganho_mensal,5.9,static
0913,Trancoso,duracao_pendulares,15.21,static
0913,Trancoso,emissoes_gee_edificios,2.44,static
0913,Trancoso,emissoes_gee_transportes,7.67,static
0913,Trancoso,empresas_volume_negocios,158611.7,static
0913,Trancoso,indice_envelhecimento_edificios,936.5,static
0913,Trancoso,percentagem_poder_compra,0.057,static
0913,Trancoso,prop_agregados_unipessoais,29.39,static
0913,Trancoso,prop_alojamentos_arrendados,0.0082,static
0913,Trancoso,prop_alojamentos_locais,2.47,static
0913,Trancoso,prop_alojamentos_nao_classicos,0,static
0913,Trancoso,prop_alojamentos_sobrelotados,5.90486604702023,static
0913,Trancoso,prop_alojamentos_vagos,19.6,static
0913,Trancoso,prop_ar_condicionado,3.827227993,static
0913,Trancoso,prop_edificios_fora_urbano,12.8,static
0913,Trancoso,prop_ensino_secundario,30.84,static
0913,Trancoso,prop_habitacao_social,0.127684272,static
0913,Trancoso,prop_mais_20min_escola,73.99,static
0913,Trancoso,prop_mais_30min_hospital,63,static
0913,Trancoso,prop_modo_pedonal,18.4,static
0913,Trancoso,prop_nacionalidade_estrangeira,0.036,static
0913,Trancoso,prop_necessidade_reparacao,17.79,static
0913,Trancoso,prop_pop_65_mais,36.06,static
0913,Trancoso,prop_reabilitacao_edificado,38.1,static
0913,Trancoso,prop_risco_pobreza,27.10536779,static
0913,Trancoso,prop_sem_aquecimento,7.11,static
0913,Trancoso,prop_transporte_coletivo,10.5,static
0913,Trancoso,prop_vagos_bom_estado,52.0597,static
0913,Trancoso,racio_vendas_estrangeiros,1,static
0913,Trancoso,risco_galgamentos_costeiros,0,static
0913,Trancoso,risco_incendio_rural,76.867,static
0913,Trancoso,risco_inundacao,0,static
0913,Trancoso,risco_movimento_massa,10.055,static
0913,Trancoso,risco_nevao,49.111,static
0913,Trancoso,risco_ondas_calor,78.041,static
0913,Trancoso,risco_ondas_frio,96.34,static
0913,Trancoso,risco_seca,66.667,static
0913,Trancoso,risco_sismo,34.671,static
0913,Trancoso,risco_tsunami,0,static
0913,Trancoso,taxa_bruta_natalidade,4.5,static
0913,Trancoso,taxa_crescimento_efetivo,1.06,static
0913,Trancoso,taxa_desemprego,5.39,static
0913,Trancoso,taxa_esforco_arrendamento,16.19286104,static
0913,Trancoso,valor_mediano_vendas_m2,417,static
0914,Vila Nova de Foz Côa,acessos_internet_banda_larga,35.01,static
0914,Vila Nova de Foz Côa,certificacao_energetica_cf,78.21782178,static
0914,Vila Nova de Foz Côa,coeficiente_gini,42.5,static
0914,Vila Nova de Foz Côa,consumo_energia_eletrica,1501,static
0914,Vila Nova de Foz Côa,densidade_populacional,16,static
0914,Vila Nova de Foz Côa,disparidade_ganho_mensal,6.2,static
0914,Vila Nova de Foz Côa,duracao_pendulares,15.47,static
0914,Vila Nova de Foz Côa,emissoes_gee_edificios,1.98,static
0914,Vila Nova de Foz Côa,emissoes_gee_transportes,5.68,static
0914,Vila Nova de Foz Côa,empresas_volume_negocios,70503.79,static
0914,Vila Nova de Foz Côa,indice_envelhecimento_edificios,1137.1,static
0914,Vila Nova de Foz Côa,percentagem_poder_compra,0.043,static
0914,Vila Nova de Foz Côa,prop_agregados_unipessoais,32.1,static
0914,Vila Nova de Foz Côa,prop_alojamentos_arrendados,0.0161,static
0914,Vila Nova de Foz Côa,prop_alojamentos_locais,0,static
0914,Vila Nova de Foz Côa,prop_alojamentos_nao_classicos,0,static
0914,Vila Nova de Foz Côa,prop_alojamentos_sobrelotados,6.34976942178077,static
0914,Vila Nova de Foz Côa,prop_alojamentos_vagos,13,static
0914,Vila Nova de Foz Côa,prop_ar_condicionado,20.11351543,static
0914,Vila Nova de Foz Côa,prop_edificios_fora_urbano,6.6,static
0914,Vila Nova de Foz Côa,prop_ensino_secundario,29.18,static
0914,Vila Nova de Foz Côa,prop_habitacao_social,0,static
0914,Vila Nova de Foz Côa,prop_mais_20min_escola,62.06,static
0914,Vila Nova de Foz Côa,prop_mais_30min_hospital,100,static
0914,Vila Nova de Foz Côa,prop_modo_pedonal,24.4,static
0914,Vila Nova de Foz Côa,prop_nacionalidade_estrangeira,0.061,static
0914,Vila Nova de Foz Côa,prop_necessidade_reparacao,14.47,static
0914,Vila Nova de Foz Côa,prop_pop_65_mais,35.87,static
0914,Vila Nova de Foz Côa,prop_reabilitacao_edificado,64.3,static
0914,Vila Nova de Foz Côa,prop_risco_pobreza,30.44656489,static
0914,Vila Nova de Foz Côa,prop_sem_aquecimento,11.56,static
0914,Vila Nova de Foz Côa,prop_transporte_coletivo,12.5,static
0914,Vila Nova de Foz Côa,prop_vagos_bom_estado,62.84024,static
0914,Vila Nova de Foz Côa,racio_vendas_estrangeiros,1,static
0914,Vila Nova de Foz Côa,risco_galgamentos_costeiros,0,static
0914,Vila Nova de Foz Côa,risco_incendio_rural,72.635,static
0914,Vila Nova de Foz Côa,risco_inundacao,0,static
0914,Vila Nova de Foz Côa,risco_movimento_massa,16.836,static
0914,Vila Nova de Foz Côa,risco_nevao,9.96,static
0914,Vila Nova de Foz Côa,risco_ondas_calor,88.292,static
0914,Vila Nova de Foz Côa,risco_ondas_frio,100,static
0914,Vila Nova de Foz Côa,risco_seca,66.667,static
0914,Vila Nova de Foz Côa,risco_sismo,34.053,static
0914,Vila Nova de Foz Côa,risco_tsunami,0,static
0914,Vila Nova de Foz Côa,taxa_bruta_natalidade,4.2,static
0914,Vila Nova de Foz Côa,taxa_crescimento_efetivo,0.22,static
0914,Vila Nova de Foz Côa,taxa_desemprego,6.63,static
0914,Vila Nova de Foz Côa,taxa_esforco_arrendamento,14.7051796,static
0914,Vila Nova de Foz Côa,valor_mediano_vendas_m2,414,static
1001,Alcobaça,acessos_internet_banda_larga,44.98,static
1001,Alcobaça,certificacao_energetica_cf,46.35332253,static
1001,Alcobaça,coeficiente_gini,40.4,static
1001,Alcobaça,consumo_energia_eletrica,1498.2,static
1001,Alcobaça,densidade_populacional,142,static
1001,Alcobaça,disparidade_ganho_mensal,9.4,static
1001,Alcobaça,duracao_pendulares,16.22,static
1001,Alcobaça,emissoes_gee_edificios,16.29,static
1001,Alcobaça,emissoes_gee_transportes,70.86,static
1001,Alcobaça,empresas_volume_negocios,320311.8,static
1001,Alcobaça,indice_envelhecimento_edificios,930.6,static
1001,Alcobaça,percentagem_poder_compra,0.457,static
1001,Alcobaça,prop_agregados_unipessoais,25.2,static
1001,Alcobaça,prop_alojamentos_arrendados,0.0521,static
1001,Alcobaça,prop_alojamentos_locais,11.98,static
1001,Alcobaça,prop_alojamentos_nao_classicos,0.14,static
1001,Alcobaça,prop_alojamentos_sobrelotados,9.30679785330948,static
1001,Alcobaça,prop_alojamentos_vagos,14.6,static
1001,Alcobaça,prop_ar_condicionado,7.768336315,static
1001,Alcobaça,prop_edificios_fora_urbano,33.6,static
1001,Alcobaça,prop_ensino_secundario,40.04,static
1001,Alcobaça,prop_habitacao_social,0.196106295,static
1001,Alcobaça,prop_mais_20min_escola,77.59,static
1001,Alcobaça,prop_mais_30min_hospital,0,static
1001,Alcobaça,prop_modo_pedonal,12.9,static
1001,Alcobaça,prop_nacionalidade_estrangeira,0.127,static
1001,Alcobaça,prop_necessidade_reparacao,11.23,static
1001,Alcobaça,prop_pop_65_mais,25.96,static
1001,Alcobaça,prop_reabilitacao_edificado,8,static
1001,Alcobaça,prop_risco_pobreza,18.21288515,static
1001,Alcobaça,prop_sem_aquecimento,25.32,static
1001,Alcobaça,prop_transporte_coletivo,8.3,static
1001,Alcobaça,prop_vagos_bom_estado,63.76503,static
1001,Alcobaça,racio_vendas_estrangeiros,1.514469453,static
1001,Alcobaça,risco_galgamentos_costeiros,4.816,static
1001,Alcobaça,risco_incendio_rural,41.441,static
1001,Alcobaça,risco_inundacao,0,static
1001,Alcobaça,risco_movimento_massa,5.746,static
1001,Alcobaça,risco_nevao,0,static
1001,Alcobaça,risco_ondas_calor,42.101,static
1001,Alcobaça,risco_ondas_frio,33.709,static
1001,Alcobaça,risco_seca,33.333,static
1001,Alcobaça,risco_sismo,58.654,static
1001,Alcobaça,risco_tsunami,3.145,static
1001,Alcobaça,taxa_bruta_natalidade,7.5,static
1001,Alcobaça,taxa_crescimento_efetivo,1.07,static
1001,Alcobaça,taxa_desemprego,5.14,static
1001,Alcobaça,taxa_esforco_arrendamento,33.09995782,static
1001,Alcobaça,valor_mediano_vendas_m2,1339,static
1002,Alvaiázere,acessos_internet_banda_larga,35.86,static
1002,Alvaiázere,certificacao_energetica_cf,66.66666667,static
1002,Alvaiázere,coeficiente_gini,37.9,static
1002,Alvaiázere,consumo_energia_eletrica,1406.8,static
1002,Alvaiázere,densidade_populacional,40.4,static
1002,Alvaiázere,disparidade_ganho_mensal,6.7,static
1002,Alvaiázere,duracao_pendulares,18.28,static
1002,Alvaiázere,emissoes_gee_edificios,1.47,static
1002,Alvaiázere,emissoes_gee_transportes,9.56,static
1002,Alvaiázere,empresas_volume_negocios,248867.3,static
1002,Alvaiázere,indice_envelhecimento_edificios,1951.8,static
1002,Alvaiázere,percentagem_poder_compra,0.044,static
1002,Alvaiázere,prop_agregados_unipessoais,30.67,static
1002,Alvaiázere,prop_alojamentos_arrendados,0.1402,static
1002,Alvaiázere,prop_alojamentos_locais,2.94,static
1002,Alvaiázere,prop_alojamentos_nao_classicos,0.16,static
1002,Alvaiázere,prop_alojamentos_sobrelotados,5.24017467248908,static
1002,Alvaiázere,prop_alojamentos_vagos,21.6,static
1002,Alvaiázere,prop_ar_condicionado,8.879184862,static
1002,Alvaiázere,prop_edificios_fora_urbano,47.2,static
1002,Alvaiázere,prop_ensino_secundario,29.96,static
1002,Alvaiázere,prop_habitacao_social,0.544402858,static
1002,Alvaiázere,prop_mais_20min_escola,84.13,static
1002,Alvaiázere,prop_mais_30min_hospital,5,static
1002,Alvaiázere,prop_modo_pedonal,12.5,static
1002,Alvaiázere,prop_nacionalidade_estrangeira,0.112,static
1002,Alvaiázere,prop_necessidade_reparacao,20.71,static
1002,Alvaiázere,prop_pop_65_mais,37.06,static
1002,Alvaiázere,prop_reabilitacao_edificado,47.1,static
1002,Alvaiázere,prop_risco_pobreza,24.45774648,static
1002,Alvaiázere,prop_sem_aquecimento,17.76,static
1002,Alvaiázere,prop_transporte_coletivo,12.4,static
1002,Alvaiázere,prop_vagos_bom_estado,47.24473,static
1002,Alvaiázere,racio_vendas_estrangeiros,1,static
1002,Alvaiázere,risco_galgamentos_costeiros,0,static
1002,Alvaiázere,risco_incendio_rural,60.831,static
1002,Alvaiázere,risco_inundacao,0,static
1002,Alvaiázere,risco_movimento_massa,10.486,static
1002,Alvaiázere,risco_nevao,0.027,static
1002,Alvaiázere,risco_ondas_calor,74.077,static
1002,Alvaiázere,risco_ondas_frio,66.667,static
1002,Alvaiázere,risco_seca,66.667,static
1002,Alvaiázere,risco_sismo,33.799,static
1002,Alvaiázere,risco_tsunami,0,static
1002,Alvaiázere,taxa_bruta_natalidade,5.5,static
1002,Alvaiázere,taxa_crescimento_efetivo,1.93,static
1002,Alvaiázere,taxa_desemprego,5.31,static
1002,Alvaiázere,taxa_esforco_arrendamento,21.28078818,static
1002,Alvaiázere,valor_mediano_vendas_m2,573,static
1003,Ansião,acessos_internet_banda_larga,34.91,static
1003,Ansião,certificacao_energetica_cf,53.80952381,static
1003,Ansião,coeficiente_gini,39,static
1003,Ansião,consumo_energia_eletrica,1293.1,static
1003,Ansião,densidade_populacional,67.7,static
1003,Ansião,disparidade_ganho_mensal,13.4,static
1003,Ansião,duracao_pendulares,17.66,static
1003,Ansião,emissoes_gee_edificios,2.87,static
1003,Ansião,emissoes_gee_transportes,11.97,static
1003,Ansião,empresas_volume_negocios,334843.5,static
1003,Ansião,indice_envelhecimento_edificios,892.5,static
1003,Ansião,percentagem_poder_compra,0.087,static
1003,Ansião,prop_agregados_unipessoais,26.14,static
1003,Ansião,prop_alojamentos_arrendados,0.0233,static
1003,Ansião,prop_alojamentos_locais,5.17,static
1003,Ansião,prop_alojamentos_nao_classicos,0.02,static
1003,Ansião,prop_alojamentos_sobrelotados,6.0436137071651,static
1003,Ansião,prop_alojamentos_vagos,19.7,static
1003,Ansião,prop_ar_condicionado,9.885773624,static
1003,Ansião,prop_edificios_fora_urbano,5.3,static
1003,Ansião,prop_ensino_secundario,34.62,static
1003,Ansião,prop_habitacao_social,0.011636025,static
1003,Ansião,prop_mais_20min_escola,83.77,static
1003,Ansião,prop_mais_30min_hospital,0,static
1003,Ansião,prop_modo_pedonal,13.4,static
1003,Ansião,prop_nacionalidade_estrangeira,0.075,static
1003,Ansião,prop_necessidade_reparacao,18.05,static
1003,Ansião,prop_pop_65_mais,32.41,static
1003,Ansião,prop_reabilitacao_edificado,25.6,static
1003,Ansião,prop_risco_pobreza,21.7744511,static
1003,Ansião,prop_sem_aquecimento,18.03,static
1003,Ansião,prop_transporte_coletivo,10.1,static
1003,Ansião,prop_vagos_bom_estado,44.48399,static
1003,Ansião,racio_vendas_estrangeiros,1,static
1003,Ansião,risco_galgamentos_costeiros,0,static
1003,Ansião,risco_incendio_rural,50.434,static
1003,Ansião,risco_inundacao,0,static
1003,Ansião,risco_movimento_massa,4.92,static
1003,Ansião,risco_nevao,0.005,static
1003,Ansião,risco_ondas_calor,55.397,static
1003,Ansião,risco_ondas_frio,66.667,static
1003,Ansião,risco_seca,66.667,static
1003,Ansião,risco_sismo,33.333,static
1003,Ansião,risco_tsunami,0,static
1003,Ansião,taxa_bruta_natalidade,5,static
1003,Ansião,taxa_crescimento_efetivo,0.55,static
1003,Ansião,taxa_desemprego,5.4,static
1003,Ansião,taxa_esforco_arrendamento,22.5486541,static
1003,Ansião,valor_mediano_vendas_m2,562,static
1004,Batalha,acessos_internet_banda_larga,38.7,static
1004,Batalha,certificacao_energetica_cf,37.28813559,static
1004,Batalha,coeficiente_gini,41.1,static
1004,Batalha,consumo_energia_eletrica,1398.2,static
1004,Batalha,densidade_populacional,163.4,static
1004,Batalha,disparidade_ganho_mensal,11,static
1004,Batalha,duracao_pendulares,15.33,static
1004,Batalha,emissoes_gee_edificios,3.78,static
1004,Batalha,emissoes_gee_transportes,20.07,static
1004,Batalha,empresas_volume_negocios,360001.2,static
1004,Batalha,indice_envelhecimento_edificios,480.8,static
1004,Batalha,percentagem_poder_compra,0.134,static
1004,Batalha,prop_agregados_unipessoais,21.75,static
1004,Batalha,prop_alojamentos_arrendados,0.0111,static
1004,Batalha,prop_alojamentos_locais,3.86,static
1004,Batalha,prop_alojamentos_nao_classicos,0.01,static
1004,Batalha,prop_alojamentos_sobrelotados,7.09138552243694,static
1004,Batalha,prop_alojamentos_vagos,14.5,static
1004,Batalha,prop_ar_condicionado,14.59220439,static
1004,Batalha,prop_edificios_fora_urbano,19.3,static
1004,Batalha,prop_ensino_secundario,41.71,static
1004,Batalha,prop_habitacao_social,0.011899096,static
1004,Batalha,prop_mais_20min_escola,84.88,static
1004,Batalha,prop_mais_30min_hospital,0,static
1004,Batalha,prop_modo_pedonal,7.7,static
1004,Batalha,prop_nacionalidade_estrangeira,0.093,static
1004,Batalha,prop_necessidade_reparacao,12.64,static
1004,Batalha,prop_pop_65_mais,23,static
1004,Batalha,prop_reabilitacao_edificado,0,static
1004,Batalha,prop_risco_pobreza,17.34314381,static
1004,Batalha,prop_sem_aquecimento,18.31,static
1004,Batalha,prop_transporte_coletivo,6.1,static
1004,Batalha,prop_vagos_bom_estado,55.91837,static
1004,Batalha,racio_vendas_estrangeiros,1,static
1004,Batalha,risco_galgamentos_costeiros,0,static
1004,Batalha,risco_incendio_rural,52.509,static
1004,Batalha,risco_inundacao,0,static
1004,Batalha,risco_movimento_massa,8.396,static
1004,Batalha,risco_nevao,0.001,static
1004,Batalha,risco_ondas_calor,55.455,static
1004,Batalha,risco_ondas_frio,66.667,static
1004,Batalha,risco_seca,33.333,static
1004,Batalha,risco_sismo,61.67,static
1004,Batalha,risco_tsunami,0,static
1004,Batalha,taxa_bruta_natalidade,7,static
1004,Batalha,taxa_crescimento_efetivo,1.97,static
1004,Batalha,taxa_desemprego,4.82,static
1004,Batalha,taxa_esforco_arrendamento,25.5878661,static
1004,Batalha,valor_mediano_vendas_m2,950,static
1005,Bombarral,acessos_internet_banda_larga,40.75,static
1005,Bombarral,certificacao_energetica_cf,56.05263158,static
1005,Bombarral,coeficiente_gini,42.7,static
1005,Bombarral,consumo_energia_eletrica,1503.9,static
1005,Bombarral,densidade_populacional,156.3,static
1005,Bombarral,disparidade_ganho_mensal,4,static
1005,Bombarral,duracao_pendulares,18.3,static
1005,Bombarral,emissoes_gee_edificios,3.04,static
1005,Bombarral,emissoes_gee_transportes,36.42,static
1005,Bombarral,empresas_volume_negocios,287859,static
1005,Bombarral,indice_envelhecimento_edificios,815,static
1005,Bombarral,percentagem_poder_compra,0.109,static
1005,Bombarral,prop_agregados_unipessoais,25.55,static
1005,Bombarral,prop_alojamentos_arrendados,0.0169,static
1005,Bombarral,prop_alojamentos_locais,5.15,static
1005,Bombarral,prop_alojamentos_nao_classicos,0.13,static
1005,Bombarral,prop_alojamentos_sobrelotados,10.9591642924976,static
1005,Bombarral,prop_alojamentos_vagos,19.2,static
1005,Bombarral,prop_ar_condicionado,6.096866097,static
1005,Bombarral,prop_edificios_fora_urbano,18.3,static
1005,Bombarral,prop_ensino_secundario,38.26,static
1005,Bombarral,prop_habitacao_social,0.262434391,static
1005,Bombarral,prop_mais_20min_escola,63.6,static
1005,Bombarral,prop_mais_30min_hospital,0,static
1005,Bombarral,prop_modo_pedonal,19.1,static
1005,Bombarral,prop_nacionalidade_estrangeira,0.133,static
1005,Bombarral,prop_necessidade_reparacao,15.65,static
1005,Bombarral,prop_pop_65_mais,27.5,static
1005,Bombarral,prop_reabilitacao_edificado,14.8,static
1005,Bombarral,prop_risco_pobreza,23.06445993,static
1005,Bombarral,prop_sem_aquecimento,30.2,static
1005,Bombarral,prop_transporte_coletivo,13.6,static
1005,Bombarral,prop_vagos_bom_estado,59.13771,static
1005,Bombarral,racio_vendas_estrangeiros,1,static
1005,Bombarral,risco_galgamentos_costeiros,0,static
1005,Bombarral,risco_incendio_rural,32.646,static
1005,Bombarral,risco_inundacao,0,static
1005,Bombarral,risco_movimento_massa,2.778,static
1005,Bombarral,risco_nevao,0,static
1005,Bombarral,risco_ondas_calor,49.037,static
1005,Bombarral,risco_ondas_frio,33.333,static
1005,Bombarral,risco_seca,33.333,static
1005,Bombarral,risco_sismo,72.834,static
1005,Bombarral,risco_tsunami,0,static
1005,Bombarral,taxa_bruta_natalidade,5.7,static
1005,Bombarral,taxa_crescimento_efetivo,2,static
1005,Bombarral,taxa_desemprego,6.86,static
1005,Bombarral,taxa_esforco_arrendamento,28.44971818,static
1005,Bombarral,valor_mediano_vendas_m2,1311,static
1006,Caldas da Rainha,acessos_internet_banda_larga,49.26,static
1006,Caldas da Rainha,certificacao_energetica_cf,47.12562101,static
1006,Caldas da Rainha,coeficiente_gini,44.2,static
1006,Caldas da Rainha,consumo_energia_eletrica,1611.5,static
1006,Caldas da Rainha,densidade_populacional,215.9,static
1006,Caldas da Rainha,disparidade_ganho_mensal,8.7,static
1006,Caldas da Rainha,duracao_pendulares,17.23,static
1006,Caldas da Rainha,emissoes_gee_edificios,23.07,static
1006,Caldas da Rainha,emissoes_gee_transportes,77,static
1006,Caldas da Rainha,empresas_volume_negocios,233056.4,static
1006,Caldas da Rainha,indice_envelhecimento_edificios,525,static
1006,Caldas da Rainha,percentagem_poder_compra,0.508,static
1006,Caldas da Rainha,prop_agregados_unipessoais,27.29,static
1006,Caldas da Rainha,prop_alojamentos_arrendados,0.0198,static
1006,Caldas da Rainha,prop_alojamentos_locais,10.09,static
1006,Caldas da Rainha,prop_alojamentos_nao_classicos,0.06,static
1006,Caldas da Rainha,prop_alojamentos_sobrelotados,9.91918052814585,static
1006,Caldas da Rainha,prop_alojamentos_vagos,15.1,static
1006,Caldas da Rainha,prop_ar_condicionado,5.112301475,static
1006,Caldas da Rainha,prop_edificios_fora_urbano,20.6,static
1006,Caldas da Rainha,prop_ensino_secundario,46.69,static
1006,Caldas da Rainha,prop_habitacao_social,0.188083777,static
1006,Caldas da Rainha,prop_mais_20min_escola,52.5,static
1006,Caldas da Rainha,prop_mais_30min_hospital,0,static
1006,Caldas da Rainha,prop_modo_pedonal,19,static
1006,Caldas da Rainha,prop_nacionalidade_estrangeira,0.181,static
1006,Caldas da Rainha,prop_necessidade_reparacao,14.78,static
1006,Caldas da Rainha,prop_pop_65_mais,25.71,static
1006,Caldas da Rainha,prop_reabilitacao_edificado,0,static
1006,Caldas da Rainha,prop_risco_pobreza,20.69565217,static
1006,Caldas da Rainha,prop_sem_aquecimento,27.89,static
1006,Caldas da Rainha,prop_transporte_coletivo,8.7,static
1006,Caldas da Rainha,prop_vagos_bom_estado,63.41105,static
1006,Caldas da Rainha,racio_vendas_estrangeiros,1.366509751,static
1006,Caldas da Rainha,risco_galgamentos_costeiros,5.943,static
1006,Caldas da Rainha,risco_incendio_rural,37.794,static
1006,Caldas da Rainha,risco_inundacao,0,static
1006,Caldas da Rainha,risco_movimento_massa,6.816,static
1006,Caldas da Rainha,risco_nevao,0,static
1006,Caldas da Rainha,risco_ondas_calor,41.046,static
1006,Caldas da Rainha,risco_ondas_frio,33.333,static
1006,Caldas da Rainha,risco_seca,33.333,static
1006,Caldas da Rainha,risco_sismo,59.441,static
1006,Caldas da Rainha,risco_tsunami,2.484,static
1006,Caldas da Rainha,taxa_bruta_natalidade,7.1,static
1006,Caldas da Rainha,taxa_crescimento_efetivo,1.94,static
1006,Caldas da Rainha,taxa_desemprego,7.46,static
1006,Caldas da Rainha,taxa_esforco_arrendamento,39.71412103,static
1006,Caldas da Rainha,valor_mediano_vendas_m2,1662,static
1007,Castanheira de Pêra,acessos_internet_banda_larga,37.8,static
1007,Castanheira de Pêra,certificacao_energetica_cf,73.7704918,static
1007,Castanheira de Pêra,coeficiente_gini,37,static
1007,Castanheira de Pêra,consumo_energia_eletrica,1340.3,static
1007,Castanheira de Pêra,densidade_populacional,41.3,static
1007,Castanheira de Pêra,disparidade_ganho_mensal,7.7,static
1007,Castanheira de Pêra,duracao_pendulares,16.91,static
1007,Castanheira de Pêra,emissoes_gee_edificios,0.94,static
1007,Castanheira de Pêra,emissoes_gee_transportes,2.48,static
1007,Castanheira de Pêra,empresas_volume_negocios,139741.7,static
1007,Castanheira de Pêra,indice_envelhecimento_edificios,1142.6,static
1007,Castanheira de Pêra,percentagem_poder_compra,0.018,static
1007,Castanheira de Pêra,prop_agregados_unipessoais,31.15,static
1007,Castanheira de Pêra,prop_alojamentos_arrendados,0.0349,static
1007,Castanheira de Pêra,prop_alojamentos_locais,6.44,static
1007,Castanheira de Pêra,prop_alojamentos_nao_classicos,0.08,static
1007,Castanheira de Pêra,prop_alojamentos_sobrelotados,7.5809199318569,static
1007,Castanheira de Pêra,prop_alojamentos_vagos,17.4,static
1007,Castanheira de Pêra,prop_ar_condicionado,10.73253833,static
1007,Castanheira de Pêra,prop_edificios_fora_urbano,49.5,static
1007,Castanheira de Pêra,prop_ensino_secundario,27.36,static
1007,Castanheira de Pêra,prop_habitacao_social,0.593251761,static
1007,Castanheira de Pêra,prop_mais_20min_escola,100,static
1007,Castanheira de Pêra,prop_mais_30min_hospital,100,static
1007,Castanheira de Pêra,prop_modo_pedonal,16.3,static
1007,Castanheira de Pêra,prop_nacionalidade_estrangeira,0.078,static
1007,Castanheira de Pêra,prop_necessidade_reparacao,22.92,static
1007,Castanheira de Pêra,prop_pop_65_mais,38.3,static
1007,Castanheira de Pêra,prop_reabilitacao_edificado,83.3,static
1007,Castanheira de Pêra,prop_risco_pobreza,23.36193029,static
1007,Castanheira de Pêra,prop_sem_aquecimento,12.52,static
1007,Castanheira de Pêra,prop_transporte_coletivo,10.8,static
1007,Castanheira de Pêra,prop_vagos_bom_estado,48.92704,static
1007,Castanheira de Pêra,racio_vendas_estrangeiros,1,static
1007,Castanheira de Pêra,risco_galgamentos_costeiros,0,static
1007,Castanheira de Pêra,risco_incendio_rural,84.183,static
1007,Castanheira de Pêra,risco_inundacao,0,static
1007,Castanheira de Pêra,risco_movimento_massa,19.879,static
1007,Castanheira de Pêra,risco_nevao,38.639,static
1007,Castanheira de Pêra,risco_ondas_calor,75,static
1007,Castanheira de Pêra,risco_ondas_frio,66.667,static
1007,Castanheira de Pêra,risco_seca,66.667,static
1007,Castanheira de Pêra,risco_sismo,33.333,static
1007,Castanheira de Pêra,risco_tsunami,0,static
1007,Castanheira de Pêra,taxa_bruta_natalidade,6.2,static
1007,Castanheira de Pêra,taxa_crescimento_efetivo,1.68,static
1007,Castanheira de Pêra,taxa_desemprego,7.63,static
1007,Castanheira de Pêra,taxa_esforco_arrendamento,37.0785425,static
1007,Castanheira de Pêra,valor_mediano_vendas_m2,430,static
1008,Figueiró dos Vinhos,acessos_internet_banda_larga,37.26,static
1008,Figueiró dos Vinhos,certificacao_energetica_cf,63.10679612,static
1008,Figueiró dos Vinhos,coeficiente_gini,38.3,static
1008,Figueiró dos Vinhos,consumo_energia_eletrica,1425.9,static
1008,Figueiró dos Vinhos,densidade_populacional,30.7,static
1008,Figueiró dos Vinhos,disparidade_ganho_mensal,2.4,static
1008,Figueiró dos Vinhos,duracao_pendulares,16.45,static
1008,Figueiró dos Vinhos,emissoes_gee_edificios,1.31,static
1008,Figueiró dos Vinhos,emissoes_gee_transportes,5.9,static
1008,Figueiró dos Vinhos,empresas_volume_negocios,142685.2,static
1008,Figueiró dos Vinhos,indice_envelhecimento_edificios,1261.4,static
1008,Figueiró dos Vinhos,percentagem_poder_compra,0.036,static
1008,Figueiró dos Vinhos,prop_agregados_unipessoais,30.92,static
1008,Figueiró dos Vinhos,prop_alojamentos_arrendados,0.0212,static
1008,Figueiró dos Vinhos,prop_alojamentos_locais,3.55,static
1008,Figueiró dos Vinhos,prop_alojamentos_nao_classicos,0.04,static
1008,Figueiró dos Vinhos,prop_alojamentos_sobrelotados,5.85738539898132,static
1008,Figueiró dos Vinhos,prop_alojamentos_vagos,18.3,static
1008,Figueiró dos Vinhos,prop_ar_condicionado,12.26655348,static
1008,Figueiró dos Vinhos,prop_edificios_fora_urbano,72.7,static
1008,Figueiró dos Vinhos,prop_ensino_secundario,30.65,static
1008,Figueiró dos Vinhos,prop_habitacao_social,0.180433039,static
1008,Figueiró dos Vinhos,prop_mais_20min_escola,62.93,static
1008,Figueiró dos Vinhos,prop_mais_30min_hospital,77,static
1008,Figueiró dos Vinhos,prop_modo_pedonal,13.5,static
1008,Figueiró dos Vinhos,prop_nacionalidade_estrangeira,0.082,static
1008,Figueiró dos Vinhos,prop_necessidade_reparacao,23.24,static
1008,Figueiró dos Vinhos,prop_pop_65_mais,35.18,static
1008,Figueiró dos Vinhos,prop_reabilitacao_edificado,0,static
1008,Figueiró dos Vinhos,prop_risco_pobreza,24.20092379,static
1008,Figueiró dos Vinhos,prop_sem_aquecimento,17.78,static
1008,Figueiró dos Vinhos,prop_transporte_coletivo,10.4,static
1008,Figueiró dos Vinhos,prop_vagos_bom_estado,43.67301,static
1008,Figueiró dos Vinhos,racio_vendas_estrangeiros,1.137931034,static
1008,Figueiró dos Vinhos,risco_galgamentos_costeiros,0,static
1008,Figueiró dos Vinhos,risco_incendio_rural,89.523,static
1008,Figueiró dos Vinhos,risco_inundacao,0,static
1008,Figueiró dos Vinhos,risco_movimento_massa,24.112,static
1008,Figueiró dos Vinhos,risco_nevao,13.662,static
1008,Figueiró dos Vinhos,risco_ondas_calor,75,static
1008,Figueiró dos Vinhos,risco_ondas_frio,66.667,static
1008,Figueiró dos Vinhos,risco_seca,66.667,static
1008,Figueiró dos Vinhos,risco_sismo,33.333,static
1008,Figueiró dos Vinhos,risco_tsunami,0,static
1008,Figueiró dos Vinhos,taxa_bruta_natalidade,5.5,static
1008,Figueiró dos Vinhos,taxa_crescimento_efetivo,1.04,static
1008,Figueiró dos Vinhos,taxa_desemprego,6.45,static
1008,Figueiró dos Vinhos,taxa_esforco_arrendamento,36.34285714,static
1008,Figueiró dos Vinhos,valor_mediano_vendas_m2,595,static
1009,Leiria,acessos_internet_banda_larga,43.24,static
1009,Leiria,certificacao_energetica_cf,36.4224772,static
1009,Leiria,coeficiente_gini,42.9,static
1009,Leiria,consumo_energia_eletrica,1403,static
1009,Leiria,densidade_populacional,240.7,static
1009,Leiria,disparidade_ganho_mensal,9.9,static
1009,Leiria,duracao_pendulares,15.71,static
1009,Leiria,emissoes_gee_edificios,48.07,static
1009,Leiria,emissoes_gee_transportes,234.61,static
1009,Leiria,empresas_volume_negocios,382438.3,static
1009,Leiria,indice_envelhecimento_edificios,468.7,static
1009,Leiria,percentagem_poder_compra,1.302,static
1009,Leiria,prop_agregados_unipessoais,24.03,static
1009,Leiria,prop_alojamentos_arrendados,0.0572,static
1009,Leiria,prop_alojamentos_locais,1.95,static
1009,Leiria,prop_alojamentos_nao_classicos,0.04,static
1009,Leiria,prop_alojamentos_sobrelotados,8.78605745852055,static
1009,Leiria,prop_alojamentos_vagos,11.4,static
1009,Leiria,prop_ar_condicionado,10.39466262,static
1009,Leiria,prop_edificios_fora_urbano,3.9,static
1009,Leiria,prop_ensino_secundario,48.02,static
1009,Leiria,prop_habitacao_social,0.156721616,static
1009,Leiria,prop_mais_20min_escola,73.17,static
1009,Leiria,prop_mais_30min_hospital,0,static
1009,Leiria,prop_modo_pedonal,10.6,static
1009,Leiria,prop_nacionalidade_estrangeira,0.138,static
1009,Leiria,prop_necessidade_reparacao,9.44,static
1009,Leiria,prop_pop_65_mais,22.27,static
1009,Leiria,prop_reabilitacao_edificado,28,static
1009,Leiria,prop_risco_pobreza,15.95803357,static
1009,Leiria,prop_sem_aquecimento,20.2,static
1009,Leiria,prop_transporte_coletivo,7,static
1009,Leiria,prop_vagos_bom_estado,66.25094,static
1009,Leiria,racio_vendas_estrangeiros,1.050139276,static
1009,Leiria,risco_galgamentos_costeiros,1.102,static
1009,Leiria,risco_incendio_rural,41.215,static
1009,Leiria,risco_inundacao,0,static
1009,Leiria,risco_movimento_massa,3.773,static
1009,Leiria,risco_nevao,0,static
1009,Leiria,risco_ondas_calor,46.331,static
1009,Leiria,risco_ondas_frio,66.513,static
1009,Leiria,risco_seca,34.586,static
1009,Leiria,risco_sismo,49.316,static
1009,Leiria,risco_tsunami,1.254,static
1009,Leiria,taxa_bruta_natalidade,8,static
1009,Leiria,taxa_crescimento_efetivo,1.64,static
1009,Leiria,taxa_desemprego,4.87,static
1009,Leiria,taxa_esforco_arrendamento,32.22878457,static
1009,Leiria,valor_mediano_vendas_m2,1486,static
1010,Marinha Grande,acessos_internet_banda_larga,44.61,static
1010,Marinha Grande,certificacao_energetica_cf,73.46938776,static
1010,Marinha Grande,coeficiente_gini,40.8,static
1010,Marinha Grande,consumo_energia_eletrica,1386.3,static
1010,Marinha Grande,densidade_populacional,223.1,static
1010,Marinha Grande,disparidade_ganho_mensal,14,static
1010,Marinha Grande,duracao_pendulares,14.39,static
1010,Marinha Grande,emissoes_gee_edificios,10.58,static
1010,Marinha Grande,emissoes_gee_transportes,36.2,static
1010,Marinha Grande,empresas_volume_negocios,389703.4,static
1010,Marinha Grande,indice_envelhecimento_edificios,563.9,static
1010,Marinha Grande,percentagem_poder_compra,0.348,static
1010,Marinha Grande,prop_agregados_unipessoais,24.63,static
1010,Marinha Grande,prop_alojamentos_arrendados,0.0526,static
1010,Marinha Grande,prop_alojamentos_locais,5.44,static
1010,Marinha Grande,prop_alojamentos_nao_classicos,0.21,static
1010,Marinha Grande,prop_alojamentos_sobrelotados,8.60696517412935,static
1010,Marinha Grande,prop_alojamentos_vagos,13.9,static
1010,Marinha Grande,prop_ar_condicionado,7.375621891,static
1010,Marinha Grande,prop_edificios_fora_urbano,7.5,static
1010,Marinha Grande,prop_ensino_secundario,45.89,static
1010,Marinha Grande,prop_habitacao_social,1.26233647,static
1010,Marinha Grande,prop_mais_20min_escola,38.79,static
1010,Marinha Grande,prop_mais_30min_hospital,0,static
1010,Marinha Grande,prop_modo_pedonal,12.4,static
1010,Marinha Grande,prop_nacionalidade_estrangeira,0.176,static
1010,Marinha Grande,prop_necessidade_reparacao,9.68,static
1010,Marinha Grande,prop_pop_65_mais,23.3,static
1010,Marinha Grande,prop_reabilitacao_edificado,10,static
1010,Marinha Grande,prop_risco_pobreza,15.58942632,static
1010,Marinha Grande,prop_sem_aquecimento,22.83,static
1010,Marinha Grande,prop_transporte_coletivo,4.7,static
1010,Marinha Grande,prop_vagos_bom_estado,68.99935,static
1010,Marinha Grande,racio_vendas_estrangeiros,0.995567376,static
1010,Marinha Grande,risco_galgamentos_costeiros,5.296,static
1010,Marinha Grande,risco_incendio_rural,57.413,static
1010,Marinha Grande,risco_inundacao,0,static
1010,Marinha Grande,risco_movimento_massa,0.064,static
1010,Marinha Grande,risco_nevao,0,static
1010,Marinha Grande,risco_ondas_calor,31.788,static
1010,Marinha Grande,risco_ondas_frio,66.287,static
1010,Marinha Grande,risco_seca,33.333,static
1010,Marinha Grande,risco_sismo,63.497,static
1010,Marinha Grande,risco_tsunami,2.694,static
1010,Marinha Grande,taxa_bruta_natalidade,7.2,static
1010,Marinha Grande,taxa_crescimento_efetivo,1.84,static
1010,Marinha Grande,taxa_desemprego,6.47,static
1010,Marinha Grande,taxa_esforco_arrendamento,26.8658086,static
1010,Marinha Grande,valor_mediano_vendas_m2,1186,static
1011,Nazaré,acessos_internet_banda_larga,57.88,static
1011,Nazaré,certificacao_energetica_cf,40.92741935,static
1011,Nazaré,coeficiente_gini,42,static
1011,Nazaré,consumo_energia_eletrica,1648.5,static
1011,Nazaré,densidade_populacional,192.4,static
1011,Nazaré,disparidade_ganho_mensal,10.7,static
1011,Nazaré,duracao_pendulares,15.82,static
1011,Nazaré,emissoes_gee_edificios,5.34,static
1011,Nazaré,emissoes_gee_transportes,23.38,static
1011,Nazaré,empresas_volume_negocios,127554.5,static
1011,Nazaré,indice_envelhecimento_edificios,820,static
1011,Nazaré,percentagem_poder_compra,0.13,static
1011,Nazaré,prop_agregados_unipessoais,25.67,static
1011,Nazaré,prop_alojamentos_arrendados,0.0249,static
1011,Nazaré,prop_alojamentos_locais,52.62,static
1011,Nazaré,prop_alojamentos_nao_classicos,0.04,static
1011,Nazaré,prop_alojamentos_sobrelotados,12.4778618579938,static
1011,Nazaré,prop_alojamentos_vagos,10.4,static
1011,Nazaré,prop_ar_condicionado,4.991144743,static
1011,Nazaré,prop_edificios_fora_urbano,3.8,static
1011,Nazaré,prop_ensino_secundario,39.04,static
1011,Nazaré,prop_habitacao_social,0.62193605,static
1011,Nazaré,prop_mais_20min_escola,44.98,static
1011,Nazaré,prop_mais_30min_hospital,1,static
1011,Nazaré,prop_modo_pedonal,20,static
1011,Nazaré,prop_nacionalidade_estrangeira,0.18,static
1011,Nazaré,prop_necessidade_reparacao,12.7,static
1011,Nazaré,prop_pop_65_mais,26.21,static
1011,Nazaré,prop_reabilitacao_edificado,28.9,static
1011,Nazaré,prop_risco_pobreza,21.7465035,static
1011,Nazaré,prop_sem_aquecimento,42.55,static
1011,Nazaré,prop_transporte_coletivo,8.3,static
1011,Nazaré,prop_vagos_bom_estado,65.73427,static
1011,Nazaré,racio_vendas_estrangeiros,1.183984747,static
1011,Nazaré,risco_galgamentos_costeiros,11.035,static
1011,Nazaré,risco_incendio_rural,37.812,static
1011,Nazaré,risco_inundacao,0,static
1011,Nazaré,risco_movimento_massa,3.514,static
1011,Nazaré,risco_nevao,0,static
1011,Nazaré,risco_ondas_calor,27.483,static
1011,Nazaré,risco_ondas_frio,33.333,static
1011,Nazaré,risco_seca,33.333,static
1011,Nazaré,risco_sismo,59.414,static
1011,Nazaré,risco_tsunami,8.963,static
1011,Nazaré,taxa_bruta_natalidade,8.6,static
1011,Nazaré,taxa_crescimento_efetivo,1,static
1011,Nazaré,taxa_desemprego,8.01,static
1011,Nazaré,taxa_esforco_arrendamento,48.11077197,static
1011,Nazaré,valor_mediano_vendas_m2,2559,static
1012,Óbidos,acessos_internet_banda_larga,47.71,static
1012,Óbidos,certificacao_energetica_cf,45.59139785,static
1012,Óbidos,coeficiente_gini,44,static
1012,Óbidos,consumo_energia_eletrica,2154,static
1012,Óbidos,densidade_populacional,96.9,static
1012,Óbidos,disparidade_ganho_mensal,6.4,static
1012,Óbidos,duracao_pendulares,17.63,static
1012,Óbidos,emissoes_gee_edificios,4.06,static
1012,Óbidos,emissoes_gee_transportes,32.76,static
1012,Óbidos,empresas_volume_negocios,202149,static
1012,Óbidos,indice_envelhecimento_edificios,427.8,static
1012,Óbidos,percentagem_poder_compra,0.102,static
1012,Óbidos,prop_agregados_unipessoais,24.34,static
1012,Óbidos,prop_alojamentos_arrendados,0.0277,static
1012,Óbidos,prop_alojamentos_locais,45.45,static
1012,Óbidos,prop_alojamentos_nao_classicos,0.13,static
1012,Óbidos,prop_alojamentos_sobrelotados,9.31199334857617,static
1012,Óbidos,prop_alojamentos_vagos,11.3,static
1012,Óbidos,prop_ar_condicionado,5.321139056,static
1012,Óbidos,prop_edificios_fora_urbano,21.9,static
1012,Óbidos,prop_ensino_secundario,41.29,static
1012,Óbidos,prop_habitacao_social,0.13293453,static
1012,Óbidos,prop_mais_20min_escola,88.34,static
1012,Óbidos,prop_mais_30min_hospital,1,static
1012,Óbidos,prop_modo_pedonal,10,static
1012,Óbidos,prop_nacionalidade_estrangeira,0.153,static
1012,Óbidos,prop_necessidade_reparacao,8.62,static
1012,Óbidos,prop_pop_65_mais,26.74,static
1012,Óbidos,prop_reabilitacao_edificado,4.3,static
1012,Óbidos,prop_risco_pobreza,20.23439878,static
1012,Óbidos,prop_sem_aquecimento,27.48,static
1012,Óbidos,prop_transporte_coletivo,10.2,static
1012,Óbidos,prop_vagos_bom_estado,66.44231,static
1012,Óbidos,racio_vendas_estrangeiros,1.287025704,static
1012,Óbidos,risco_galgamentos_costeiros,12.861,static
1012,Óbidos,risco_incendio_rural,35.428,static
1012,Óbidos,risco_inundacao,0,static
1012,Óbidos,risco_movimento_massa,3.605,static
1012,Óbidos,risco_nevao,0,static
1012,Óbidos,risco_ondas_calor,31.344,static
1012,Óbidos,risco_ondas_frio,33.333,static
1012,Óbidos,risco_seca,33.333,static
1012,Óbidos,risco_sismo,55.141,static
1012,Óbidos,risco_tsunami,6.565,static
1012,Óbidos,taxa_bruta_natalidade,6,static
1012,Óbidos,taxa_crescimento_efetivo,3.15,static
1012,Óbidos,taxa_desemprego,6.07,static
1012,Óbidos,taxa_esforco_arrendamento,37.4418505,static
1012,Óbidos,valor_mediano_vendas_m2,1914,static
1013,Pedrógão Grande,acessos_internet_banda_larga,39.56,static
1013,Pedrógão Grande,certificacao_energetica_cf,66.66666667,static
1013,Pedrógão Grande,coeficiente_gini,38.8,static
1013,Pedrógão Grande,consumo_energia_eletrica,1629.8,static
1013,Pedrógão Grande,densidade_populacional,28.9,static
1013,Pedrógão Grande,disparidade_ganho_mensal,0.3,static
1013,Pedrógão Grande,duracao_pendulares,16.02,static
1013,Pedrógão Grande,emissoes_gee_edificios,0.63,static
1013,Pedrógão Grande,emissoes_gee_transportes,3.04,static
1013,Pedrógão Grande,empresas_volume_negocios,101778.8,static
1013,Pedrógão Grande,indice_envelhecimento_edificios,854.6,static
1013,Pedrógão Grande,percentagem_poder_compra,0.024,static
1013,Pedrógão Grande,prop_agregados_unipessoais,31.76,static
1013,Pedrógão Grande,prop_alojamentos_arrendados,0.0373,static
1013,Pedrógão Grande,prop_alojamentos_locais,2.89,static
1013,Pedrógão Grande,prop_alojamentos_nao_classicos,0.15,static
1013,Pedrógão Grande,prop_alojamentos_sobrelotados,7.55584756898817,static
1013,Pedrógão Grande,prop_alojamentos_vagos,11,static
1013,Pedrógão Grande,prop_ar_condicionado,13.33771353,static
1013,Pedrógão Grande,prop_edificios_fora_urbano,53.5,static
1013,Pedrógão Grande,prop_ensino_secundario,29.97,static
1013,Pedrógão Grande,prop_habitacao_social,0.699105145,static
1013,Pedrógão Grande,prop_mais_20min_escola,100,static
1013,Pedrógão Grande,prop_mais_30min_hospital,100,static
1013,Pedrógão Grande,prop_modo_pedonal,16.4,static
1013,Pedrógão Grande,prop_nacionalidade_estrangeira,0.236,static
1013,Pedrógão Grande,prop_necessidade_reparacao,11.76,static
1013,Pedrógão Grande,prop_pop_65_mais,35.52,static
1013,Pedrógão Grande,prop_reabilitacao_edificado,62.5,static
1013,Pedrógão Grande,prop_risco_pobreza,25.55575221,static
1013,Pedrógão Grande,prop_sem_aquecimento,13.99,static
1013,Pedrógão Grande,prop_transporte_coletivo,11.5,static
1013,Pedrógão Grande,prop_vagos_bom_estado,61.32316,static
1013,Pedrógão Grande,racio_vendas_estrangeiros,1.485900217,static
1013,Pedrógão Grande,risco_galgamentos_costeiros,0,static
1013,Pedrógão Grande,risco_incendio_rural,84.175,static
1013,Pedrógão Grande,risco_inundacao,0,static
1013,Pedrógão Grande,risco_movimento_massa,6.848,static
1013,Pedrógão Grande,risco_nevao,6.434,static
1013,Pedrógão Grande,risco_ondas_calor,75,static
1013,Pedrógão Grande,risco_ondas_frio,66.667,static
1013,Pedrógão Grande,risco_seca,66.667,static
1013,Pedrógão Grande,risco_sismo,33.538,static
1013,Pedrógão Grande,risco_tsunami,0,static
1013,Pedrógão Grande,taxa_bruta_natalidade,6,static
1013,Pedrógão Grande,taxa_crescimento_efetivo,2.48,static
1013,Pedrógão Grande,taxa_desemprego,8.44,static
1013,Pedrógão Grande,taxa_esforco_arrendamento,37.43623284,static
1013,Pedrógão Grande,valor_mediano_vendas_m2,582,static
1014,Peniche,acessos_internet_banda_larga,55.44,static
1014,Peniche,certificacao_energetica_cf,54.70737913,static
1014,Peniche,coeficiente_gini,41.9,static
1014,Peniche,consumo_energia_eletrica,1539.3,static
1014,Peniche,densidade_populacional,358.4,static
1014,Peniche,disparidade_ganho_mensal,6.1,static
1014,Peniche,duracao_pendulares,16.34,static
1014,Peniche,emissoes_gee_edificios,7.73,static
1014,Peniche,emissoes_gee_transportes,30.1,static
1014,Peniche,empresas_volume_negocios,193651.5,static
1014,Peniche,indice_envelhecimento_edificios,520,static
1014,Peniche,percentagem_poder_compra,0.225,static
1014,Peniche,prop_agregados_unipessoais,26.3,static
1014,Peniche,prop_alojamentos_arrendados,0.0992,static
1014,Peniche,prop_alojamentos_locais,34.94,static
1014,Peniche,prop_alojamentos_nao_classicos,0.51,static
1014,Peniche,prop_alojamentos_sobrelotados,12.1010395768739,static
1014,Peniche,prop_alojamentos_vagos,9.5,static
1014,Peniche,prop_ar_condicionado,2.626299471,static
1014,Peniche,prop_edificios_fora_urbano,5.9,static
1014,Peniche,prop_ensino_secundario,38.15,static
1014,Peniche,prop_habitacao_social,2.751997045,static
1014,Peniche,prop_mais_20min_escola,57.17,static
1014,Peniche,prop_mais_30min_hospital,0,static
1014,Peniche,prop_modo_pedonal,23.1,static
1014,Peniche,prop_nacionalidade_estrangeira,0.138,static
1014,Peniche,prop_necessidade_reparacao,9.06,static
1014,Peniche,prop_pop_65_mais,26.07,static
1014,Peniche,prop_reabilitacao_edificado,24.6,static
1014,Peniche,prop_risco_pobreza,21.13343558,static
1014,Peniche,prop_sem_aquecimento,48.34,static
1014,Peniche,prop_transporte_coletivo,8,static
1014,Peniche,prop_vagos_bom_estado,68.68588,static
1014,Peniche,racio_vendas_estrangeiros,1.180730102,static
1014,Peniche,risco_galgamentos_costeiros,22.405,static
1014,Peniche,risco_incendio_rural,25.053,static
1014,Peniche,risco_inundacao,0,static
1014,Peniche,risco_movimento_massa,0.245,static
1014,Peniche,risco_nevao,0,static
1014,Peniche,risco_ondas_calor,25,static
1014,Peniche,risco_ondas_frio,34.015,static
1014,Peniche,risco_seca,33.333,static
1014,Peniche,risco_sismo,41.809,static
1014,Peniche,risco_tsunami,17.256,static
1014,Peniche,taxa_bruta_natalidade,7.6,static
1014,Peniche,taxa_crescimento_efetivo,0.86,static
1014,Peniche,taxa_desemprego,7.05,static
1014,Peniche,taxa_esforco_arrendamento,37.37676311,static
1014,Peniche,valor_mediano_vendas_m2,1810,static
1015,Pombal,acessos_internet_banda_larga,39.19,static
1015,Pombal,certificacao_energetica_cf,44.5320197,static
1015,Pombal,coeficiente_gini,39.4,static
1015,Pombal,consumo_energia_eletrica,1440.3,static
1015,Pombal,densidade_populacional,84,static
1015,Pombal,disparidade_ganho_mensal,9.8,static
1015,Pombal,duracao_pendulares,16.91,static
1015,Pombal,emissoes_gee_edificios,12.64,static
1015,Pombal,emissoes_gee_transportes,108.15,static
1015,Pombal,empresas_volume_negocios,326116,static
1015,Pombal,indice_envelhecimento_edificios,767.4,static
1015,Pombal,percentagem_poder_compra,0.412,static
1015,Pombal,prop_agregados_unipessoais,25.25,static
1015,Pombal,prop_alojamentos_arrendados,0.0482,static
1015,Pombal,prop_alojamentos_locais,1.66,static
1015,Pombal,prop_alojamentos_nao_classicos,0.03,static
1015,Pombal,prop_alojamentos_sobrelotados,6.92499520429694,static
1015,Pombal,prop_alojamentos_vagos,16.1,static
1015,Pombal,prop_ar_condicionado,7.78342605,static
1015,Pombal,prop_edificios_fora_urbano,23,static
1015,Pombal,prop_ensino_secundario,35.94,static
1015,Pombal,prop_habitacao_social,0.401570851,static
1015,Pombal,prop_mais_20min_escola,77.76,static
1015,Pombal,prop_mais_30min_hospital,0,static
1015,Pombal,prop_modo_pedonal,12,static
1015,Pombal,prop_nacionalidade_estrangeira,0.098,static
1015,Pombal,prop_necessidade_reparacao,12.03,static
1015,Pombal,prop_pop_65_mais,28.98,static
1015,Pombal,prop_reabilitacao_edificado,0,static
1015,Pombal,prop_risco_pobreza,19.48548278,static
1015,Pombal,prop_sem_aquecimento,18.21,static
1015,Pombal,prop_transporte_coletivo,10.2,static
1015,Pombal,prop_vagos_bom_estado,55.73021,static
1015,Pombal,racio_vendas_estrangeiros,1.330188679,static
1015,Pombal,risco_galgamentos_costeiros,0.972,static
1015,Pombal,risco_incendio_rural,49.163,static
1015,Pombal,risco_inundacao,0.142,static
1015,Pombal,risco_movimento_massa,4.699,static
1015,Pombal,risco_nevao,0.003,static
1015,Pombal,risco_ondas_calor,45.431,static
1015,Pombal,risco_ondas_frio,66.667,static
1015,Pombal,risco_seca,49.489,static
1015,Pombal,risco_sismo,46.167,static
1015,Pombal,risco_tsunami,0.503,static
1015,Pombal,taxa_bruta_natalidade,6.9,static
1015,Pombal,taxa_crescimento_efetivo,1.05,static
1015,Pombal,taxa_desemprego,4.52,static
1015,Pombal,taxa_esforco_arrendamento,28.20090325,static
1015,Pombal,valor_mediano_vendas_m2,1031,static
1016,Porto de Mós,acessos_internet_banda_larga,39.99,static
1016,Porto de Mós,certificacao_energetica_cf,65.28189911,static
1016,Porto de Mós,coeficiente_gini,39.1,static
1016,Porto de Mós,consumo_energia_eletrica,1399.3,static
1016,Porto de Mós,densidade_populacional,92.8,static
1016,Porto de Mós,disparidade_ganho_mensal,10,static
1016,Porto de Mós,duracao_pendulares,16.34,static
1016,Porto de Mós,emissoes_gee_edificios,4.45,static
1016,Porto de Mós,emissoes_gee_transportes,20.14,static
1016,Porto de Mós,empresas_volume_negocios,290974.8,static
1016,Porto de Mós,indice_envelhecimento_edificios,935.3,static
1016,Porto de Mós,percentagem_poder_compra,0.186,static
1016,Porto de Mós,prop_agregados_unipessoais,24.14,static
1016,Porto de Mós,prop_alojamentos_arrendados,0.0191,static
1016,Porto de Mós,prop_alojamentos_locais,4.23,static
1016,Porto de Mós,prop_alojamentos_nao_classicos,0.07,static
1016,Porto de Mós,prop_alojamentos_sobrelotados,8.03147908581285,static
1016,Porto de Mós,prop_alojamentos_vagos,15.1,static
1016,Porto de Mós,prop_ar_condicionado,10.95299698,static
1016,Porto de Mós,prop_edificios_fora_urbano,8.8,static
1016,Porto de Mós,prop_ensino_secundario,38.18,static
1016,Porto de Mós,prop_habitacao_social,0.053378069,static
1016,Porto de Mós,prop_mais_20min_escola,67.96,static
1016,Porto de Mós,prop_mais_30min_hospital,1,static
1016,Porto de Mós,prop_modo_pedonal,10.6,static
1016,Porto de Mós,prop_nacionalidade_estrangeira,0.095,static
1016,Porto de Mós,prop_necessidade_reparacao,11.26,static
1016,Porto de Mós,prop_pop_65_mais,24.97,static
1016,Porto de Mós,prop_reabilitacao_edificado,29.4,static
1016,Porto de Mós,prop_risco_pobreza,17.0728022,static
1016,Porto de Mós,prop_sem_aquecimento,19.63,static
1016,Porto de Mós,prop_transporte_coletivo,9.8,static
1016,Porto de Mós,prop_vagos_bom_estado,61.72032,static
1016,Porto de Mós,racio_vendas_estrangeiros,1,static
1016,Porto de Mós,risco_galgamentos_costeiros,0,static
1016,Porto de Mós,risco_incendio_rural,61.209,static
1016,Porto de Mós,risco_inundacao,0,static
1016,Porto de Mós,risco_movimento_massa,13.139,static
1016,Porto de Mós,risco_nevao,0.152,static
1016,Porto de Mós,risco_ondas_calor,54.797,static
1016,Porto de Mós,risco_ondas_frio,47.855,static
1016,Porto de Mós,risco_seca,33.333,static
1016,Porto de Mós,risco_sismo,67.191,static
1016,Porto de Mós,risco_tsunami,0,static
1016,Porto de Mós,taxa_bruta_natalidade,8.2,static
1016,Porto de Mós,taxa_crescimento_efetivo,1.29,static
1016,Porto de Mós,taxa_desemprego,4.29,static
1016,Porto de Mós,taxa_esforco_arrendamento,24.56510824,static
1016,Porto de Mós,valor_mediano_vendas_m2,833,static
1101,Alenquer,acessos_internet_banda_larga,38.97,static
1101,Alenquer,certificacao_energetica_cf,79.3867121,static
1101,Alenquer,coeficiente_gini,41.5,static
1101,Alenquer,consumo_energia_eletrica,1178.5,static
1101,Alenquer,densidade_populacional,162.6,static
1101,Alenquer,disparidade_ganho_mensal,9.5,static
1101,Alenquer,duracao_pendulares,22.98,static
1101,Alenquer,emissoes_gee_edificios,8.93,static
1101,Alenquer,emissoes_gee_transportes,62.92,static
1101,Alenquer,empresas_volume_negocios,318818.7,static
1101,Alenquer,indice_envelhecimento_edificios,1496.8,static
1101,Alenquer,percentagem_poder_compra,0.396,static
1101,Alenquer,prop_agregados_unipessoais,22.06,static
1101,Alenquer,prop_alojamentos_arrendados,0.0155,static
1101,Alenquer,prop_alojamentos_locais,1.97,static
1101,Alenquer,prop_alojamentos_nao_classicos,0.1,static
1101,Alenquer,prop_alojamentos_sobrelotados,12.8359941944847,static
1101,Alenquer,prop_alojamentos_vagos,14.7,static
1101,Alenquer,prop_ar_condicionado,18.86792453,static
1101,Alenquer,prop_edificios_fora_urbano,37.5,static
1101,Alenquer,prop_ensino_secundario,43.5,static
1101,Alenquer,prop_habitacao_social,0.08105802,static
1101,Alenquer,prop_mais_20min_escola,85.54,static
1101,Alenquer,prop_mais_30min_hospital,0,static
1101,Alenquer,prop_modo_pedonal,12.6,static
1101,Alenquer,prop_nacionalidade_estrangeira,0.15,static
1101,Alenquer,prop_necessidade_reparacao,10.18,static
1101,Alenquer,prop_pop_65_mais,20.22,static
1101,Alenquer,prop_reabilitacao_edificado,13.2,static
1101,Alenquer,prop_risco_pobreza,17.17241379,static
1101,Alenquer,prop_sem_aquecimento,32.4,static
1101,Alenquer,prop_transporte_coletivo,17.1,static
1101,Alenquer,prop_vagos_bom_estado,65.41895,static
1101,Alenquer,racio_vendas_estrangeiros,1,static
1101,Alenquer,risco_galgamentos_costeiros,1.094,static
1101,Alenquer,risco_incendio_rural,38.79,static
1101,Alenquer,risco_inundacao,0.618,static
1101,Alenquer,risco_movimento_massa,7.307,static
1101,Alenquer,risco_nevao,0,static
1101,Alenquer,risco_ondas_calor,52.286,static
1101,Alenquer,risco_ondas_frio,33.333,static
1101,Alenquer,risco_seca,33.333,static
1101,Alenquer,risco_sismo,96.256,static
1101,Alenquer,risco_tsunami,5.412,static
1101,Alenquer,taxa_bruta_natalidade,9,static
1101,Alenquer,taxa_crescimento_efetivo,2.36,static
1101,Alenquer,taxa_desemprego,7.15,static
1101,Alenquer,taxa_esforco_arrendamento,36.20776494,static
1101,Alenquer,valor_mediano_vendas_m2,1534,static
1102,Arruda dos Vinhos,acessos_internet_banda_larga,36.74,static
1102,Arruda dos Vinhos,certificacao_energetica_cf,47.5,static
1102,Arruda dos Vinhos,coeficiente_gini,46,static
1102,Arruda dos Vinhos,consumo_energia_eletrica,1347.3,static
1102,Arruda dos Vinhos,densidade_populacional,202.1,static
1102,Arruda dos Vinhos,disparidade_ganho_mensal,6.9,static
1102,Arruda dos Vinhos,duracao_pendulares,23.39,static
1102,Arruda dos Vinhos,emissoes_gee_edificios,2.92,static
1102,Arruda dos Vinhos,emissoes_gee_transportes,15.62,static
1102,Arruda dos Vinhos,empresas_volume_negocios,264354.2,static
1102,Arruda dos Vinhos,indice_envelhecimento_edificios,716,static
1102,Arruda dos Vinhos,percentagem_poder_compra,0.148,static
1102,Arruda dos Vinhos,prop_agregados_unipessoais,21.65,static
1102,Arruda dos Vinhos,prop_alojamentos_arrendados,0.0227,static
1102,Arruda dos Vinhos,prop_alojamentos_locais,0.77,static
1102,Arruda dos Vinhos,prop_alojamentos_nao_classicos,0.04,static
1102,Arruda dos Vinhos,prop_alojamentos_sobrelotados,12.1670130360853,static
1102,Arruda dos Vinhos,prop_alojamentos_vagos,12.3,static
1102,Arruda dos Vinhos,prop_ar_condicionado,22.65255998,static
1102,Arruda dos Vinhos,prop_edificios_fora_urbano,32.8,static
1102,Arruda dos Vinhos,prop_ensino_secundario,49.69,static
1102,Arruda dos Vinhos,prop_habitacao_social,1.031866464,static
1102,Arruda dos Vinhos,prop_mais_20min_escola,71.37,static
1102,Arruda dos Vinhos,prop_mais_30min_hospital,0,static
1102,Arruda dos Vinhos,prop_modo_pedonal,13.6,static
1102,Arruda dos Vinhos,prop_nacionalidade_estrangeira,0.088,static
1102,Arruda dos Vinhos,prop_necessidade_reparacao,9.75,static
1102,Arruda dos Vinhos,prop_pop_65_mais,19.4,static
1102,Arruda dos Vinhos,prop_reabilitacao_edificado,0,static
1102,Arruda dos Vinhos,prop_risco_pobreza,15.07381776,static
1102,Arruda dos Vinhos,prop_sem_aquecimento,29.85,static
1102,Arruda dos Vinhos,prop_transporte_coletivo,11.9,static
1102,Arruda dos Vinhos,prop_vagos_bom_estado,63.33739,static
1102,Arruda dos Vinhos,racio_vendas_estrangeiros,1,static
1102,Arruda dos Vinhos,risco_galgamentos_costeiros,0,static
1102,Arruda dos Vinhos,risco_incendio_rural,43.454,static
1102,Arruda dos Vinhos,risco_inundacao,0,static
1102,Arruda dos Vinhos,risco_movimento_massa,9.91,static
1102,Arruda dos Vinhos,risco_nevao,0,static
1102,Arruda dos Vinhos,risco_ondas_calor,47.035,static
1102,Arruda dos Vinhos,risco_ondas_frio,33.333,static
1102,Arruda dos Vinhos,risco_seca,33.333,static
1102,Arruda dos Vinhos,risco_sismo,100,static
1102,Arruda dos Vinhos,risco_tsunami,0,static
1102,Arruda dos Vinhos,taxa_bruta_natalidade,8,static
1102,Arruda dos Vinhos,taxa_crescimento_efetivo,2.77,static
1102,Arruda dos Vinhos,taxa_desemprego,5.31,static
1102,Arruda dos Vinhos,taxa_esforco_arrendamento,34.08053613,static
1102,Arruda dos Vinhos,valor_mediano_vendas_m2,1780,static
1103,Azambuja,acessos_internet_banda_larga,38.5,static
1103,Azambuja,certificacao_energetica_cf,72.72727273,static
1103,Azambuja,coeficiente_gini,39.8,static
1103,Azambuja,consumo_energia_eletrica,1260.7,static
1103,Azambuja,densidade_populacional,89.3,static
1103,Azambuja,disparidade_ganho_mensal,0.8,static
1103,Azambuja,duracao_pendulares,23.65,static
1103,Azambuja,emissoes_gee_edificios,4.45,static
1103,Azambuja,emissoes_gee_transportes,70.37,static
1103,Azambuja,empresas_volume_negocios,1083212,static
1103,Azambuja,indice_envelhecimento_edificios,819.2,static
1103,Azambuja,percentagem_poder_compra,0.222,static
1103,Azambuja,prop_agregados_unipessoais,25.56,static
1103,Azambuja,prop_alojamentos_arrendados,0.0473,static
1103,Azambuja,prop_alojamentos_locais,1.68,static
1103,Azambuja,prop_alojamentos_nao_classicos,0.49,static
1103,Azambuja,prop_alojamentos_sobrelotados,13.2716790775882,static
1103,Azambuja,prop_alojamentos_vagos,17.4,static
1103,Azambuja,prop_ar_condicionado,20.89839058,static
1103,Azambuja,prop_edificios_fora_urbano,30.6,static
1103,Azambuja,prop_ensino_secundario,40.53,static
1103,Azambuja,prop_habitacao_social,0.653266332,static
1103,Azambuja,prop_mais_20min_escola,71.66,static
1103,Azambuja,prop_mais_30min_hospital,0,static
1103,Azambuja,prop_modo_pedonal,17.3,static
1103,Azambuja,prop_nacionalidade_estrangeira,0.116,static
1103,Azambuja,prop_necessidade_reparacao,14.17,static
1103,Azambuja,prop_pop_65_mais,23.56,static
1103,Azambuja,prop_reabilitacao_edificado,12.5,static
1103,Azambuja,prop_risco_pobreza,16.46002621,static
1103,Azambuja,prop_sem_aquecimento,26.39,static
1103,Azambuja,prop_transporte_coletivo,19.1,static
1103,Azambuja,prop_vagos_bom_estado,55.6142,static
1103,Azambuja,racio_vendas_estrangeiros,1,static
1103,Azambuja,risco_galgamentos_costeiros,14.361,static
1103,Azambuja,risco_incendio_rural,33.622,static
1103,Azambuja,risco_inundacao,15.685,static
1103,Azambuja,risco_movimento_massa,2.1,static
1103,Azambuja,risco_nevao,0,static
1103,Azambuja,risco_ondas_calor,66.27,static
1103,Azambuja,risco_ondas_frio,33.333,static
1103,Azambuja,risco_seca,33.333,static
1103,Azambuja,risco_sismo,93.946,static
1103,Azambuja,risco_tsunami,24.766,static
1103,Azambuja,taxa_bruta_natalidade,7.7,static
1103,Azambuja,taxa_crescimento_efetivo,2.23,static
1103,Azambuja,taxa_desemprego,7.35,static
1103,Azambuja,taxa_esforco_arrendamento,34.06848208,static
1103,Azambuja,valor_mediano_vendas_m2,1329,static
1104,Cadaval,acessos_internet_banda_larga,41.4,static
1104,Cadaval,certificacao_energetica_cf,48.02431611,static
1104,Cadaval,coeficiente_gini,41.1,static
1104,Cadaval,consumo_energia_eletrica,1529.5,static
1104,Cadaval,densidade_populacional,84.1,static
1104,Cadaval,disparidade_ganho_mensal,9.3,static
1104,Cadaval,duracao_pendulares,20.46,static
1104,Cadaval,emissoes_gee_edificios,2.6,static
1104,Cadaval,emissoes_gee_transportes,11.05,static
1104,Cadaval,empresas_volume_negocios,266259,static
1104,Cadaval,indice_envelhecimento_edificios,946.6,static
1104,Cadaval,percentagem_poder_compra,0.102,static
1104,Cadaval,prop_agregados_unipessoais,25.44,static
1104,Cadaval,prop_alojamentos_arrendados,0.0225,static
1104,Cadaval,prop_alojamentos_locais,5.06,static
1104,Cadaval,prop_alojamentos_nao_classicos,0.02,static
1104,Cadaval,prop_alojamentos_sobrelotados,8.68290895768455,static
1104,Cadaval,prop_alojamentos_vagos,14.5,static
1104,Cadaval,prop_ar_condicionado,9.910239971,static
1104,Cadaval,prop_edificios_fora_urbano,12.7,static
1104,Cadaval,prop_ensino_secundario,34.36,static
1104,Cadaval,prop_habitacao_social,0.101844517,static
1104,Cadaval,prop_mais_20min_escola,80.96,static
1104,Cadaval,prop_mais_30min_hospital,4,static
1104,Cadaval,prop_modo_pedonal,14.4,static
1104,Cadaval,prop_nacionalidade_estrangeira,0.067,static
1104,Cadaval,prop_necessidade_reparacao,10.69,static
1104,Cadaval,prop_pop_65_mais,30.13,static
1104,Cadaval,prop_reabilitacao_edificado,4.5,static
1104,Cadaval,prop_risco_pobreza,21.48233216,static
1104,Cadaval,prop_sem_aquecimento,24.14,static
1104,Cadaval,prop_transporte_coletivo,14.2,static
1104,Cadaval,prop_vagos_bom_estado,66.04215,static
1104,Cadaval,racio_vendas_estrangeiros,1,static
1104,Cadaval,risco_galgamentos_costeiros,0,static
1104,Cadaval,risco_incendio_rural,46.364,static
1104,Cadaval,risco_inundacao,0,static
1104,Cadaval,risco_movimento_massa,7.754,static
1104,Cadaval,risco_nevao,0,static
1104,Cadaval,risco_ondas_calor,53.736,static
1104,Cadaval,risco_ondas_frio,33.333,static
1104,Cadaval,risco_seca,33.333,static
1104,Cadaval,risco_sismo,69.045,static
1104,Cadaval,risco_tsunami,0,static
1104,Cadaval,taxa_bruta_natalidade,5.4,static
1104,Cadaval,taxa_crescimento_efetivo,1.89,static
1104,Cadaval,taxa_desemprego,6.38,static
1104,Cadaval,taxa_esforco_arrendamento,28.65963484,static
1104,Cadaval,valor_mediano_vendas_m2,1080,static
1105,Cascais,acessos_internet_banda_larga,49.04,static
1105,Cascais,certificacao_energetica_cf,58.14552479,static
1105,Cascais,coeficiente_gini,51.8,static
1105,Cascais,consumo_energia_eletrica,1559.2,static
1105,Cascais,densidade_populacional,2282.7,static
1105,Cascais,disparidade_ganho_mensal,2.4,static
1105,Cascais,duracao_pendulares,23.94,static
1105,Cascais,emissoes_gee_edificios,62.81,static
1105,Cascais,emissoes_gee_transportes,347.44,static
1105,Cascais,empresas_volume_negocios,218895.2,static
1105,Cascais,indice_envelhecimento_edificios,375.7,static
1105,Cascais,percentagem_poder_compra,2.427,static
1105,Cascais,prop_agregados_unipessoais,27.09,static
1105,Cascais,prop_alojamentos_arrendados,0.0512,static
1105,Cascais,prop_alojamentos_locais,14.07,static
1105,Cascais,prop_alojamentos_nao_classicos,0,static
1105,Cascais,prop_alojamentos_sobrelotados,14.6498583241774,static
1105,Cascais,prop_alojamentos_vagos,10.1,static
1105,Cascais,prop_ar_condicionado,17.3075811,static
1105,Cascais,prop_edificios_fora_urbano,1.7,static
1105,Cascais,prop_ensino_secundario,62.92,static
1105,Cascais,prop_habitacao_social,2.512517234,static
1105,Cascais,prop_mais_20min_escola,20.44,static
1105,Cascais,prop_mais_30min_hospital,0,static
1105,Cascais,prop_modo_pedonal,12.4,static
1105,Cascais,prop_nacionalidade_estrangeira,0.253,static
1105,Cascais,prop_necessidade_reparacao,9.7,static
1105,Cascais,prop_pop_65_mais,22.63,static
1105,Cascais,prop_reabilitacao_edificado,1.1,static
1105,Cascais,prop_risco_pobreza,16.48906174,static
1105,Cascais,prop_sem_aquecimento,29.19,static
1105,Cascais,prop_transporte_coletivo,17.8,static
1105,Cascais,prop_vagos_bom_estado,81.97732,static
1105,Cascais,racio_vendas_estrangeiros,1.378551318,static
1105,Cascais,risco_galgamentos_costeiros,3.315,static
1105,Cascais,risco_incendio_rural,26.302,static
1105,Cascais,risco_inundacao,0,static
1105,Cascais,risco_movimento_massa,4.183,static
1105,Cascais,risco_nevao,0,static
1105,Cascais,risco_ondas_calor,25.001,static
1105,Cascais,risco_ondas_frio,33.333,static
1105,Cascais,risco_seca,33.333,static
1105,Cascais,risco_sismo,76.123,static
1105,Cascais,risco_tsunami,3.233,static
1105,Cascais,taxa_bruta_natalidade,7.8,static
1105,Cascais,taxa_crescimento_efetivo,1.22,static
1105,Cascais,taxa_desemprego,8.28,static
1105,Cascais,taxa_esforco_arrendamento,72.08025812,static
1105,Cascais,valor_mediano_vendas_m2,4053,static
1106,Lisboa,acessos_internet_banda_larga,57.86,static
1106,Lisboa,certificacao_energetica_cf,73.31982127,static
1106,Lisboa,coeficiente_gini,54.3,static
1106,Lisboa,consumo_energia_eletrica,1328.4,static
1106,Lisboa,densidade_populacional,5754.5,static
1106,Lisboa,disparidade_ganho_mensal,10.6,static
1106,Lisboa,duracao_pendulares,22.26,static
1106,Lisboa,emissoes_gee_edificios,246.16,static
1106,Lisboa,emissoes_gee_transportes,939.17,static
1106,Lisboa,empresas_volume_negocios,909609.4,static
1106,Lisboa,indice_envelhecimento_edificios,3614.3,static
1106,Lisboa,percentagem_poder_compra,9.666,static
1106,Lisboa,prop_agregados_unipessoais,35.24,static
1106,Lisboa,prop_alojamentos_arrendados,0.0806,static
1106,Lisboa,prop_alojamentos_locais,34.94,static
1106,Lisboa,prop_alojamentos_nao_classicos,0.04,static
1106,Lisboa,prop_alojamentos_sobrelotados,14.801441060303,static
1106,Lisboa,prop_alojamentos_vagos,14.9,static
1106,Lisboa,prop_ar_condicionado,20.978004,static
1106,Lisboa,prop_edificios_fora_urbano,0.4,static
1106,Lisboa,prop_ensino_secundario,64.87,static
1106,Lisboa,prop_habitacao_social,7.763135615,static
1106,Lisboa,prop_mais_20min_escola,3.61,static
1106,Lisboa,prop_mais_30min_hospital,0,static
1106,Lisboa,prop_modo_pedonal,20.7,static
1106,Lisboa,prop_nacionalidade_estrangeira,0.352,static
1106,Lisboa,prop_necessidade_reparacao,9.03,static
1106,Lisboa,prop_pop_65_mais,23.41,static
1106,Lisboa,prop_reabilitacao_edificado,88.9,static
1106,Lisboa,prop_risco_pobreza,16.40495137,static
1106,Lisboa,prop_sem_aquecimento,30.38,static
1106,Lisboa,prop_transporte_coletivo,27.5,static
1106,Lisboa,prop_vagos_bom_estado,85.87166,static
1106,Lisboa,racio_vendas_estrangeiros,1.47404674,static
1106,Lisboa,risco_galgamentos_costeiros,2.147,static
1106,Lisboa,risco_incendio_rural,7.403,static
1106,Lisboa,risco_inundacao,0.005,static
1106,Lisboa,risco_movimento_massa,2.813,static
1106,Lisboa,risco_nevao,0,static
1106,Lisboa,risco_ondas_calor,25,static
1106,Lisboa,risco_ondas_frio,28.75,static
1106,Lisboa,risco_seca,33.333,static
1106,Lisboa,risco_sismo,81.073,static
1106,Lisboa,risco_tsunami,5.869,static
1106,Lisboa,taxa_bruta_natalidade,10.1,static
1106,Lisboa,taxa_crescimento_efetivo,1.51,static
1106,Lisboa,taxa_desemprego,8.43,static
1106,Lisboa,taxa_esforco_arrendamento,76.67685129,static
1106,Lisboa,valor_mediano_vendas_m2,4340,static
1107,Loures,acessos_internet_banda_larga,44.7,static
1107,Loures,certificacao_energetica_cf,61.414183800000004,static
1107,Loures,coeficiente_gini,45.8,static
1107,Loures,consumo_energia_eletrica,1095.8,static
1107,Loures,densidade_populacional,1254.9,static
1107,Loures,disparidade_ganho_mensal,7.6,static
1107,Loures,duracao_pendulares,25.17,static
1107,Loures,emissoes_gee_edificios,50.06,static
1107,Loures,emissoes_gee_transportes,492.61,static
1107,Loures,empresas_volume_negocios,379370.2,static
1107,Loures,indice_envelhecimento_edificios,621,static
1107,Loures,percentagem_poder_compra,1.961,static
1107,Loures,prop_agregados_unipessoais,25.66,static
1107,Loures,prop_alojamentos_arrendados,0.0459,static
1107,Loures,prop_alojamentos_locais,1.22,static
1107,Loures,prop_alojamentos_nao_classicos,0.21,static
1107,Loures,prop_alojamentos_sobrelotados,16.7414655679811,static
1107,Loures,prop_alojamentos_vagos,10.3,static
1107,Loures,prop_ar_condicionado,18.22886011,static
1107,Loures,prop_edificios_fora_urbano,5.7,static
1107,Loures,prop_ensino_secundario,49.97,static
1107,Loures,prop_habitacao_social,2.522600607,static
1107,Loures,prop_mais_20min_escola,47.42,static
1107,Loures,prop_mais_30min_hospital,0,static
1107,Loures,prop_modo_pedonal,14.6,static
1107,Loures,prop_nacionalidade_estrangeira,0.247,static
1107,Loures,prop_necessidade_reparacao,9.89,static
1107,Loures,prop_pop_65_mais,21.98,static
1107,Loures,prop_reabilitacao_edificado,3.1,static
1107,Loures,prop_risco_pobreza,16.95163807,static
1107,Loures,prop_sem_aquecimento,37.89,static
1107,Loures,prop_transporte_coletivo,26.9,static
1107,Loures,prop_vagos_bom_estado,78.78728,static
1107,Loures,racio_vendas_estrangeiros,1.012300123,static
1107,Loures,risco_galgamentos_costeiros,1.39,static
1107,Loures,risco_incendio_rural,37.537,static
1107,Loures,risco_inundacao,4.927,static
1107,Loures,risco_movimento_massa,15.798,static
1107,Loures,risco_nevao,0,static
1107,Loures,risco_ondas_calor,36.006,static
1107,Loures,risco_ondas_frio,33.323,static
1107,Loures,risco_seca,33.333,static
1107,Loures,risco_sismo,98.961,static
1107,Loures,risco_tsunami,8.839,static
1107,Loures,taxa_bruta_natalidade,11.1,static
1107,Loures,taxa_crescimento_efetivo,1.35,static
1107,Loures,taxa_desemprego,9.11,static
1107,Loures,taxa_esforco_arrendamento,55.76051735,static
1107,Loures,valor_mediano_vendas_m2,2812,static
1108,Lourinhã,acessos_internet_banda_larga,45.24,static
1108,Lourinhã,certificacao_energetica_cf,46.37865311,static
1108,Lourinhã,coeficiente_gini,43.1,static
1108,Lourinhã,consumo_energia_eletrica,1577.5,static
1108,Lourinhã,densidade_populacional,196.9,static
1108,Lourinhã,disparidade_ganho_mensal,8.3,static
1108,Lourinhã,duracao_pendulares,19.35,static
1108,Lourinhã,emissoes_gee_edificios,9.3,static
1108,Lourinhã,emissoes_gee_transportes,23.24,static
1108,Lourinhã,empresas_volume_negocios,264213.6,static
1108,Lourinhã,indice_envelhecimento_edificios,549,static
1108,Lourinhã,percentagem_poder_compra,0.225,static
1108,Lourinhã,prop_agregados_unipessoais,25.44,static
1108,Lourinhã,prop_alojamentos_arrendados,0.041,static
1108,Lourinhã,prop_alojamentos_locais,16.07,static
1108,Lourinhã,prop_alojamentos_nao_classicos,0.02,static
1108,Lourinhã,prop_alojamentos_sobrelotados,10.4509730538922,static
1108,Lourinhã,prop_alojamentos_vagos,13.6,static
1108,Lourinhã,prop_ar_condicionado,7.494386228,static
1108,Lourinhã,prop_edificios_fora_urbano,15.1,static
1108,Lourinhã,prop_ensino_secundario,39.13,static
1108,Lourinhã,prop_habitacao_social,0.749106834,static
1108,Lourinhã,prop_mais_20min_escola,93.81,static
1108,Lourinhã,prop_mais_30min_hospital,1,static
1108,Lourinhã,prop_modo_pedonal,13.8,static
1108,Lourinhã,prop_nacionalidade_estrangeira,0.132,static
1108,Lourinhã,prop_necessidade_reparacao,12.16,static
1108,Lourinhã,prop_pop_65_mais,25.42,static
1108,Lourinhã,prop_reabilitacao_edificado,26.3,static
1108,Lourinhã,prop_risco_pobreza,22.44528875,static
1108,Lourinhã,prop_sem_aquecimento,35.8,static
1108,Lourinhã,prop_transporte_coletivo,13.3,static
1108,Lourinhã,prop_vagos_bom_estado,59.94212,static
1108,Lourinhã,racio_vendas_estrangeiros,1.357296909,static
1108,Lourinhã,risco_galgamentos_costeiros,3.816,static
1108,Lourinhã,risco_incendio_rural,33.629,static
1108,Lourinhã,risco_inundacao,0,static
1108,Lourinhã,risco_movimento_massa,1.841,static
1108,Lourinhã,risco_nevao,0,static
1108,Lourinhã,risco_ondas_calor,33.304,static
1108,Lourinhã,risco_ondas_frio,33.333,static
1108,Lourinhã,risco_seca,33.333,static
1108,Lourinhã,risco_sismo,67.308,static
1108,Lourinhã,risco_tsunami,3.906,static
1108,Lourinhã,taxa_bruta_natalidade,7.9,static
1108,Lourinhã,taxa_crescimento_efetivo,2.07,static
1108,Lourinhã,taxa_desemprego,6.26,static
1108,Lourinhã,taxa_esforco_arrendamento,33.37393209,static
1108,Lourinhã,valor_mediano_vendas_m2,1642,static
1109,Mafra,acessos_internet_banda_larga,46.27,static
1109,Mafra,certificacao_energetica_cf,34.96932515,static
1109,Mafra,coeficiente_gini,46.7,static
1109,Mafra,consumo_energia_eletrica,1475.9,static
1109,Mafra,densidade_populacional,312.9,static
1109,Mafra,disparidade_ganho_mensal,5.8,static
1109,Mafra,duracao_pendulares,24.14,static
1109,Mafra,emissoes_gee_edificios,24.64,static
1109,Mafra,emissoes_gee_transportes,139.75,static
1109,Mafra,empresas_volume_negocios,268136,static
1109,Mafra,indice_envelhecimento_edificios,519.2,static
1109,Mafra,percentagem_poder_compra,0.876,static
1109,Mafra,prop_agregados_unipessoais,22.16,static
1109,Mafra,prop_alojamentos_arrendados,0.0369,static
1109,Mafra,prop_alojamentos_locais,15.88,static
1109,Mafra,prop_alojamentos_nao_classicos,0.03,static
1109,Mafra,prop_alojamentos_sobrelotados,12.9011824324324,static
1109,Mafra,prop_alojamentos_vagos,9.1,static
1109,Mafra,prop_ar_condicionado,12.40045849,static
1109,Mafra,prop_edificios_fora_urbano,12.7,static
1109,Mafra,prop_ensino_secundario,53.5,static
1109,Mafra,prop_habitacao_social,0.276870652,static
1109,Mafra,prop_mais_20min_escola,79,static
1109,Mafra,prop_mais_30min_hospital,0,static
1109,Mafra,prop_modo_pedonal,11.8,static
1109,Mafra,prop_nacionalidade_estrangeira,0.139,static
1109,Mafra,prop_necessidade_reparacao,10.09,static
1109,Mafra,prop_pop_65_mais,17.77,static
1109,Mafra,prop_reabilitacao_edificado,14.1,static
1109,Mafra,prop_risco_pobreza,16.44884115,static
1109,Mafra,prop_sem_aquecimento,31.4,static
1109,Mafra,prop_transporte_coletivo,16.2,static
1109,Mafra,prop_vagos_bom_estado,65.0623,static
1109,Mafra,racio_vendas_estrangeiros,1.520254893,static
1109,Mafra,risco_galgamentos_costeiros,1.545,static
1109,Mafra,risco_incendio_rural,42.831,static
1109,Mafra,risco_inundacao,0.031,static
1109,Mafra,risco_movimento_massa,18.71,static
1109,Mafra,risco_nevao,0,static
1109,Mafra,risco_ondas_calor,40.426,static
1109,Mafra,risco_ondas_frio,33.333,static
1109,Mafra,risco_seca,33.333,static
1109,Mafra,risco_sismo,74.918,static
1109,Mafra,risco_tsunami,1.524,static
1109,Mafra,taxa_bruta_natalidade,8.3,static
1109,Mafra,taxa_crescimento_efetivo,1.24,static
1109,Mafra,taxa_desemprego,6.23,static
1109,Mafra,taxa_esforco_arrendamento,43.21290709,static
1109,Mafra,valor_mediano_vendas_m2,2539,static
1110,Oeiras,acessos_internet_banda_larga,49.15,static
1110,Oeiras,certificacao_energetica_cf,58.00361518,static
1110,Oeiras,coeficiente_gini,49.6,static
1110,Oeiras,consumo_energia_eletrica,1231.1,static
1110,Oeiras,densidade_populacional,3876.8,static
1110,Oeiras,disparidade_ganho_mensal,10.4,static
1110,Oeiras,duracao_pendulares,23.73,static
1110,Oeiras,emissoes_gee_edificios,43.21,static
1110,Oeiras,emissoes_gee_transportes,352.15,static
1110,Oeiras,empresas_volume_negocios,1215931,static
1110,Oeiras,indice_envelhecimento_edificios,550.8,static
1110,Oeiras,percentagem_poder_compra,2.478,static
1110,Oeiras,prop_agregados_unipessoais,30.28,static
1110,Oeiras,prop_alojamentos_arrendados,0.0759,static
1110,Oeiras,prop_alojamentos_locais,3.5,static
1110,Oeiras,prop_alojamentos_nao_classicos,0,static
1110,Oeiras,prop_alojamentos_sobrelotados,13.5263583197512,static
1110,Oeiras,prop_alojamentos_vagos,9.6,static
1110,Oeiras,prop_ar_condicionado,16.21629025,static
1110,Oeiras,prop_edificios_fora_urbano,0.2,static
1110,Oeiras,prop_ensino_secundario,66.35,static
1110,Oeiras,prop_habitacao_social,3.904164367,static
1110,Oeiras,prop_mais_20min_escola,31.59,static
1110,Oeiras,prop_mais_30min_hospital,0,static
1110,Oeiras,prop_modo_pedonal,14.1,static
1110,Oeiras,prop_nacionalidade_estrangeira,0.155,static
1110,Oeiras,prop_necessidade_reparacao,6.46,static
1110,Oeiras,prop_pop_65_mais,24.03,static
1110,Oeiras,prop_reabilitacao_edificado,20.5,static
1110,Oeiras,prop_risco_pobreza,12.46414934,static
1110,Oeiras,prop_sem_aquecimento,30.23,static
1110,Oeiras,prop_transporte_coletivo,19.6,static
1110,Oeiras,prop_vagos_bom_estado,87.62961,static
1110,Oeiras,racio_vendas_estrangeiros,0.609452736,static
1110,Oeiras,risco_galgamentos_costeiros,3.904,static
1110,Oeiras,risco_incendio_rural,18.152,static
1110,Oeiras,risco_inundacao,0,static
1110,Oeiras,risco_movimento_massa,5.284,static
1110,Oeiras,risco_nevao,0,static
1110,Oeiras,risco_ondas_calor,25,static
1110,Oeiras,risco_ondas_frio,33.232,static
1110,Oeiras,risco_seca,33.333,static
1110,Oeiras,risco_sismo,94.368,static
1110,Oeiras,risco_tsunami,4.269,static
1110,Oeiras,taxa_bruta_natalidade,7.8,static
1110,Oeiras,taxa_crescimento_efetivo,1.24,static
1110,Oeiras,taxa_desemprego,7.37,static
1110,Oeiras,taxa_esforco_arrendamento,54.65693431,static
1110,Oeiras,valor_mediano_vendas_m2,3471,static
1111,Sintra,acessos_internet_banda_larga,44.82,static
1111,Sintra,certificacao_energetica_cf,69.95459132,static
1111,Sintra,coeficiente_gini,44.6,static
1111,Sintra,consumo_energia_eletrica,1146.3,static
1111,Sintra,densidade_populacional,1256,static
1111,Sintra,disparidade_ganho_mensal,5.6,static
1111,Sintra,duracao_pendulares,26.26,static
1111,Sintra,emissoes_gee_edificios,118.02,static
1111,Sintra,emissoes_gee_transportes,629.9,static
1111,Sintra,empresas_volume_negocios,317099.8,static
1111,Sintra,indice_envelhecimento_edificios,732.8,static
1111,Sintra,percentagem_poder_compra,3.675,static
1111,Sintra,prop_agregados_unipessoais,24.65,static
1111,Sintra,prop_alojamentos_arrendados,0.0449,static
1111,Sintra,prop_alojamentos_locais,4.16,static
1111,Sintra,prop_alojamentos_nao_classicos,0.03,static
1111,Sintra,prop_alojamentos_sobrelotados,18.1577177483071,static
1111,Sintra,prop_alojamentos_vagos,9.3,static
1111,Sintra,prop_ar_condicionado,6.332477946,static
1111,Sintra,prop_edificios_fora_urbano,6.1,static
1111,Sintra,prop_ensino_secundario,53.87,static
1111,Sintra,prop_habitacao_social,0.901021157,static
1111,Sintra,prop_mais_20min_escola,32.99,static
1111,Sintra,prop_mais_30min_hospital,0,static
1111,Sintra,prop_modo_pedonal,15,static
1111,Sintra,prop_nacionalidade_estrangeira,0.241,static
1111,Sintra,prop_necessidade_reparacao,8.52,static
1111,Sintra,prop_pop_65_mais,17.86,static
1111,Sintra,prop_reabilitacao_edificado,10.5,static
1111,Sintra,prop_risco_pobreza,17.61023018,static
1111,Sintra,prop_sem_aquecimento,41.03,static
1111,Sintra,prop_transporte_coletivo,26.2,static
1111,Sintra,prop_vagos_bom_estado,80.9275,static
1111,Sintra,racio_vendas_estrangeiros,1.058823529,static
1111,Sintra,risco_galgamentos_costeiros,1.447,static
1111,Sintra,risco_incendio_rural,33.691,static
1111,Sintra,risco_inundacao,0,static
1111,Sintra,risco_movimento_massa,7.839,static
1111,Sintra,risco_nevao,0,static
1111,Sintra,risco_ondas_calor,38.92,static
1111,Sintra,risco_ondas_frio,33.332,static
1111,Sintra,risco_seca,33.333,static
1111,Sintra,risco_sismo,78.286,static
1111,Sintra,risco_tsunami,1.357,static
1111,Sintra,taxa_bruta_natalidade,11.1,static
1111,Sintra,taxa_crescimento_efetivo,1.36,static
1111,Sintra,taxa_desemprego,9.1,static
1111,Sintra,taxa_esforco_arrendamento,54.80487305,static
1111,Sintra,valor_mediano_vendas_m2,2226,static
1112,Sobral de Monte Agraço,acessos_internet_banda_larga,37.44,static
1112,Sobral de Monte Agraço,certificacao_energetica_cf,61.62790698,static
1112,Sobral de Monte Agraço,coeficiente_gini,44.1,static
1112,Sobral de Monte Agraço,consumo_energia_eletrica,1318.6,static
1112,Sobral de Monte Agraço,densidade_populacional,234.4,static
1112,Sobral de Monte Agraço,disparidade_ganho_mensal,8.1,static
1112,Sobral de Monte Agraço,duracao_pendulares,22.73,static
1112,Sobral de Monte Agraço,emissoes_gee_edificios,3.09,static
1112,Sobral de Monte Agraço,emissoes_gee_transportes,14.24,static
1112,Sobral de Monte Agraço,empresas_volume_negocios,220002.6,static
1112,Sobral de Monte Agraço,indice_envelhecimento_edificios,1310,static
1112,Sobral de Monte Agraço,percentagem_poder_compra,0.092,static
1112,Sobral de Monte Agraço,prop_agregados_unipessoais,22.65,static
1112,Sobral de Monte Agraço,prop_alojamentos_arrendados,0.0135,static
1112,Sobral de Monte Agraço,prop_alojamentos_locais,2.65,static
1112,Sobral de Monte Agraço,prop_alojamentos_nao_classicos,0.01,static
1112,Sobral de Monte Agraço,prop_alojamentos_sobrelotados,12.8375061364752,static
1112,Sobral de Monte Agraço,prop_alojamentos_vagos,16.2,static
1112,Sobral de Monte Agraço,prop_ar_condicionado,11.21747668,static
1112,Sobral de Monte Agraço,prop_edificios_fora_urbano,21.1,static
1112,Sobral de Monte Agraço,prop_ensino_secundario,41.16,static
1112,Sobral de Monte Agraço,prop_habitacao_social,0,static
1112,Sobral de Monte Agraço,prop_mais_20min_escola,71.3,static
1112,Sobral de Monte Agraço,prop_mais_30min_hospital,0,static
1112,Sobral de Monte Agraço,prop_modo_pedonal,13.4,static
1112,Sobral de Monte Agraço,prop_nacionalidade_estrangeira,0.092,static
1112,Sobral de Monte Agraço,prop_necessidade_reparacao,15.82,static
1112,Sobral de Monte Agraço,prop_pop_65_mais,20.58,static
1112,Sobral de Monte Agraço,prop_reabilitacao_edificado,0,static
1112,Sobral de Monte Agraço,prop_risco_pobreza,19.83888149,static
1112,Sobral de Monte Agraço,prop_sem_aquecimento,33.43,static
1112,Sobral de Monte Agraço,prop_transporte_coletivo,14.3,static
1112,Sobral de Monte Agraço,prop_vagos_bom_estado,54.45321,static
1112,Sobral de Monte Agraço,racio_vendas_estrangeiros,1,static
1112,Sobral de Monte Agraço,risco_galgamentos_costeiros,0,static
1112,Sobral de Monte Agraço,risco_incendio_rural,43.503,static
1112,Sobral de Monte Agraço,risco_inundacao,0,static
1112,Sobral de Monte Agraço,risco_movimento_massa,12.136,static
1112,Sobral de Monte Agraço,risco_nevao,0,static
1112,Sobral de Monte Agraço,risco_ondas_calor,50,static
1112,Sobral de Monte Agraço,risco_ondas_frio,33.333,static
1112,Sobral de Monte Agraço,risco_seca,33.333,static
1112,Sobral de Monte Agraço,risco_sismo,100,static
1112,Sobral de Monte Agraço,risco_tsunami,0,static
1112,Sobral de Monte Agraço,taxa_bruta_natalidade,7.7,static
1112,Sobral de Monte Agraço,taxa_crescimento_efetivo,2.78,static
1112,Sobral de Monte Agraço,taxa_desemprego,4.88,static
1112,Sobral de Monte Agraço,taxa_esforco_arrendamento,31.12546584,static
1112,Sobral de Monte Agraço,valor_mediano_vendas_m2,1313,static
1113,Torres Vedras,acessos_internet_banda_larga,43.03,static
1113,Torres Vedras,certificacao_energetica_cf,46.68129457,static
1113,Torres Vedras,coeficiente_gini,44.4,static
1113,Torres Vedras,consumo_energia_eletrica,1352.8,static
1113,Torres Vedras,densidade_populacional,219.9,static
1113,Torres Vedras,disparidade_ganho_mensal,6.1,static
1113,Torres Vedras,duracao_pendulares,20.65,static
1113,Torres Vedras,emissoes_gee_edificios,26.61,static
1113,Torres Vedras,emissoes_gee_transportes,132.99,static
1113,Torres Vedras,empresas_volume_negocios,332551,static
1113,Torres Vedras,indice_envelhecimento_edificios,701.2,static
1113,Torres Vedras,percentagem_poder_compra,0.774,static
1113,Torres Vedras,prop_agregados_unipessoais,23.35,static
1113,Torres Vedras,prop_alojamentos_arrendados,0.0309,static
1113,Torres Vedras,prop_alojamentos_locais,3.07,static
1113,Torres Vedras,prop_alojamentos_nao_classicos,0.08,static
1113,Torres Vedras,prop_alojamentos_sobrelotados,12.6934035969239,static
1113,Torres Vedras,prop_alojamentos_vagos,10.9,static
1113,Torres Vedras,prop_ar_condicionado,8.290695181,static
1113,Torres Vedras,prop_edificios_fora_urbano,6.8,static
1113,Torres Vedras,prop_ensino_secundario,43.11,static
1113,Torres Vedras,prop_habitacao_social,0.156798657,static
1113,Torres Vedras,prop_mais_20min_escola,80.43,static
1113,Torres Vedras,prop_mais_30min_hospital,0,static
1113,Torres Vedras,prop_modo_pedonal,14.4,static
1113,Torres Vedras,prop_nacionalidade_estrangeira,0.154,static
1113,Torres Vedras,prop_necessidade_reparacao,11.99,static
1113,Torres Vedras,prop_pop_65_mais,22.77,static
1113,Torres Vedras,prop_reabilitacao_edificado,0.6,static
1113,Torres Vedras,prop_risco_pobreza,20.18668596,static
1113,Torres Vedras,prop_sem_aquecimento,35.88,static
1113,Torres Vedras,prop_transporte_coletivo,14.5,static
1113,Torres Vedras,prop_vagos_bom_estado,63.31479,static
1113,Torres Vedras,racio_vendas_estrangeiros,1.163366337,static
1113,Torres Vedras,risco_galgamentos_costeiros,3.329,static
1113,Torres Vedras,risco_incendio_rural,35.098,static
1113,Torres Vedras,risco_inundacao,1.627,static
1113,Torres Vedras,risco_movimento_massa,6.056,static
1113,Torres Vedras,risco_nevao,0,static
1113,Torres Vedras,risco_ondas_calor,42.529,static
1113,Torres Vedras,risco_ondas_frio,33.333,static
1113,Torres Vedras,risco_seca,33.333,static
1113,Torres Vedras,risco_sismo,75.186,static
1113,Torres Vedras,risco_tsunami,3.82,static
1113,Torres Vedras,taxa_bruta_natalidade,8.3,static
1113,Torres Vedras,taxa_crescimento_efetivo,1.7,static
1113,Torres Vedras,taxa_desemprego,6.14,static
1113,Torres Vedras,taxa_esforco_arrendamento,42.28719276,static
1113,Torres Vedras,valor_mediano_vendas_m2,1784,static
1114,Vila Franca de Xira,acessos_internet_banda_larga,44.1,static
1114,Vila Franca de Xira,certificacao_energetica_cf,64.42274154,static
1114,Vila Franca de Xira,coeficiente_gini,41.9,static
1114,Vila Franca de Xira,consumo_energia_eletrica,1037.1,static
1114,Vila Franca de Xira,densidade_populacional,442.2,static
1114,Vila Franca de Xira,disparidade_ganho_mensal,7.1,static
1114,Vila Franca de Xira,duracao_pendulares,26.04,static
1114,Vila Franca de Xira,emissoes_gee_edificios,33.8,static
1114,Vila Franca de Xira,emissoes_gee_transportes,298.97,static
1114,Vila Franca de Xira,empresas_volume_negocios,436309.7,static
1114,Vila Franca de Xira,indice_envelhecimento_edificios,1368.8,static
1114,Vila Franca de Xira,percentagem_poder_compra,1.309,static
1114,Vila Franca de Xira,prop_agregados_unipessoais,23.95,static
1114,Vila Franca de Xira,prop_alojamentos_arrendados,0.0456,static
1114,Vila Franca de Xira,prop_alojamentos_locais,0.9,static
1114,Vila Franca de Xira,prop_alojamentos_nao_classicos,0.09,static
1114,Vila Franca de Xira,prop_alojamentos_sobrelotados,14.2035549325137,static
1114,Vila Franca de Xira,prop_alojamentos_vagos,8.5,static
1114,Vila Franca de Xira,prop_ar_condicionado,19.56111501,static
1114,Vila Franca de Xira,prop_edificios_fora_urbano,7.5,static
1114,Vila Franca de Xira,prop_ensino_secundario,52.81,static
1114,Vila Franca de Xira,prop_habitacao_social,1.70266484,static
1114,Vila Franca de Xira,prop_mais_20min_escola,49.33,static
1114,Vila Franca de Xira,prop_mais_30min_hospital,0,static
1114,Vila Franca de Xira,prop_modo_pedonal,17.1,static
1114,Vila Franca de Xira,prop_nacionalidade_estrangeira,0.149,static
1114,Vila Franca de Xira,prop_necessidade_reparacao,6.13,static
1114,Vila Franca de Xira,prop_pop_65_mais,18.49,static
1114,Vila Franca de Xira,prop_reabilitacao_edificado,7.6,static
1114,Vila Franca de Xira,prop_risco_pobreza,14.04091816,static
1114,Vila Franca de Xira,prop_sem_aquecimento,36.4,static
1114,Vila Franca de Xira,prop_transporte_coletivo,24.3,static
1114,Vila Franca de Xira,prop_vagos_bom_estado,79.62863,static
1114,Vila Franca de Xira,racio_vendas_estrangeiros,1,static
1114,Vila Franca de Xira,risco_galgamentos_costeiros,44.478,static
1114,Vila Franca de Xira,risco_incendio_rural,16.493,static
1114,Vila Franca de Xira,risco_inundacao,9.667,static
1114,Vila Franca de Xira,risco_movimento_massa,4.808,static
1114,Vila Franca de Xira,risco_nevao,0,static
1114,Vila Franca de Xira,risco_ondas_calor,31.931,static
1114,Vila Franca de Xira,risco_ondas_frio,33.318,static
1114,Vila Franca de Xira,risco_seca,33.333,static
1114,Vila Franca de Xira,risco_sismo,83.714,static
1114,Vila Franca de Xira,risco_tsunami,69.356,static
1114,Vila Franca de Xira,taxa_bruta_natalidade,9.6,static
1114,Vila Franca de Xira,taxa_crescimento_efetivo,0.9,static
1114,Vila Franca de Xira,taxa_desemprego,7.83,static
1114,Vila Franca de Xira,taxa_esforco_arrendamento,45.52997347,static
1114,Vila Franca de Xira,valor_mediano_vendas_m2,1905,static
1115,Amadora,acessos_internet_banda_larga,45.05,static
1115,Amadora,certificacao_energetica_cf,73.44579819,static
1115,Amadora,coeficiente_gini,45.3,static
1115,Amadora,consumo_energia_eletrica,963.5,static
1115,Amadora,densidade_populacional,7637,static
1115,Amadora,disparidade_ganho_mensal,9.3,static
1115,Amadora,duracao_pendulares,24.61,static
1115,Amadora,emissoes_gee_edificios,47.06,static
1115,Amadora,emissoes_gee_transportes,321.53,static
1115,Amadora,empresas_volume_negocios,237864,static
1115,Amadora,indice_envelhecimento_edificios,1370.5,static
1115,Amadora,percentagem_poder_compra,1.72,static
1115,Amadora,prop_agregados_unipessoais,30.12,static
1115,Amadora,prop_alojamentos_arrendados,0.0601,static
1115,Amadora,prop_alojamentos_locais,1.39,static
1115,Amadora,prop_alojamentos_nao_classicos,0.02,static
1115,Amadora,prop_alojamentos_sobrelotados,19.6931155033803,static
1115,Amadora,prop_alojamentos_vagos,9.3,static
1115,Amadora,prop_ar_condicionado,12.22368833,static
1115,Amadora,prop_edificios_fora_urbano,0.2,static
1115,Amadora,prop_ensino_secundario,51.73,static
1115,Amadora,prop_habitacao_social,3.425485434,static
1115,Amadora,prop_mais_20min_escola,10.1,static
1115,Amadora,prop_mais_30min_hospital,0,static
1115,Amadora,prop_modo_pedonal,17.8,static
1115,Amadora,prop_nacionalidade_estrangeira,0.306,static
1115,Amadora,prop_necessidade_reparacao,9.96,static
1115,Amadora,prop_pop_65_mais,22.21,static
1115,Amadora,prop_reabilitacao_edificado,0,static
1115,Amadora,prop_risco_pobreza,19.03974563,static
1115,Amadora,prop_sem_aquecimento,41.35,static
1115,Amadora,prop_transporte_coletivo,31,static
1115,Amadora,prop_vagos_bom_estado,85.31046,static
1115,Amadora,racio_vendas_estrangeiros,0.952072539,static
1115,Amadora,risco_galgamentos_costeiros,0,static
1115,Amadora,risco_incendio_rural,18.632,static
1115,Amadora,risco_inundacao,0,static
1115,Amadora,risco_movimento_massa,6.15,static
1115,Amadora,risco_nevao,0,static
1115,Amadora,risco_ondas_calor,27.42,static
1115,Amadora,risco_ondas_frio,33.333,static
1115,Amadora,risco_seca,33.333,static
1115,Amadora,risco_sismo,100,static
1115,Amadora,risco_tsunami,0,static
1115,Amadora,taxa_bruta_natalidade,11.8,static
1115,Amadora,taxa_crescimento_efetivo,1.86,static
1115,Amadora,taxa_desemprego,9.94,static
1115,Amadora,taxa_esforco_arrendamento,66.52359405,static
1115,Amadora,valor_mediano_vendas_m2,2481,static
1116,Odivelas,acessos_internet_banda_larga,44.26,static
1116,Odivelas,certificacao_energetica_cf,64.49064449,static
1116,Odivelas,coeficiente_gini,46.5,static
1116,Odivelas,consumo_energia_eletrica,1059.4,static
1116,Odivelas,densidade_populacional,5888.4,static
1116,Odivelas,disparidade_ganho_mensal,2.4,static
1116,Odivelas,duracao_pendulares,25.04,static
1116,Odivelas,emissoes_gee_edificios,30.15,static
1116,Odivelas,emissoes_gee_transportes,259.25,static
1116,Odivelas,empresas_volume_negocios,128616.8,static
1116,Odivelas,indice_envelhecimento_edificios,264,static
1116,Odivelas,percentagem_poder_compra,1.388,static
1116,Odivelas,prop_agregados_unipessoais,25.75,static
1116,Odivelas,prop_alojamentos_arrendados,0.0359,static
1116,Odivelas,prop_alojamentos_locais,0.67,static
1116,Odivelas,prop_alojamentos_nao_classicos,0.02,static
1116,Odivelas,prop_alojamentos_sobrelotados,16.2261514662585,static
1116,Odivelas,prop_alojamentos_vagos,8.7,static
1116,Odivelas,prop_ar_condicionado,21.36429415,static
1116,Odivelas,prop_edificios_fora_urbano,5,static
1116,Odivelas,prop_ensino_secundario,52.97,static
1116,Odivelas,prop_habitacao_social,1.27930887,static
1116,Odivelas,prop_mais_20min_escola,25.42,static
1116,Odivelas,prop_mais_30min_hospital,0,static
1116,Odivelas,prop_modo_pedonal,14.2,static
1116,Odivelas,prop_nacionalidade_estrangeira,0.327,static
1116,Odivelas,prop_necessidade_reparacao,7.21,static
1116,Odivelas,prop_pop_65_mais,20.88,static
1116,Odivelas,prop_reabilitacao_edificado,0.8,static
1116,Odivelas,prop_risco_pobreza,19.23870282,static
1116,Odivelas,prop_sem_aquecimento,36.68,static
1116,Odivelas,prop_transporte_coletivo,28.2,static
1116,Odivelas,prop_vagos_bom_estado,84.4104,static
1116,Odivelas,racio_vendas_estrangeiros,1,static
1116,Odivelas,risco_galgamentos_costeiros,0.005,static
1116,Odivelas,risco_incendio_rural,21.72,static
1116,Odivelas,risco_inundacao,2.87,static
1116,Odivelas,risco_movimento_massa,8.754,static
1116,Odivelas,risco_nevao,0,static
1116,Odivelas,risco_ondas_calor,35.126,static
1116,Odivelas,risco_ondas_frio,33.333,static
1116,Odivelas,risco_seca,33.333,static
1116,Odivelas,risco_sismo,100,static
1116,Odivelas,risco_tsunami,1.778,static
1116,Odivelas,taxa_bruta_natalidade,11.7,static
1116,Odivelas,taxa_crescimento_efetivo,1.66,static
1116,Odivelas,taxa_desemprego,8.34,static
1116,Odivelas,taxa_esforco_arrendamento,60.12,static
1116,Odivelas,valor_mediano_vendas_m2,2836,static
1201,Alter do Chão,acessos_internet_banda_larga,43.55,static
1201,Alter do Chão,certificacao_energetica_cf,89.81481481,static
1201,Alter do Chão,coeficiente_gini,38.4,static
1201,Alter do Chão,consumo_energia_eletrica,1574.8,static
1201,Alter do Chão,densidade_populacional,8.9,static
1201,Alter do Chão,disparidade_ganho_mensal,8.5,static
1201,Alter do Chão,duracao_pendulares,15.77,static
1201,Alter do Chão,emissoes_gee_edificios,0.84,static
1201,Alter do Chão,emissoes_gee_transportes,2.77,static
1201,Alter do Chão,empresas_volume_negocios,149186.4,static
1201,Alter do Chão,indice_envelhecimento_edificios,5694.7,static
1201,Alter do Chão,percentagem_poder_compra,0.023,static
1201,Alter do Chão,prop_agregados_unipessoais,30.28,static
1201,Alter do Chão,prop_alojamentos_arrendados,0.2133,static
1201,Alter do Chão,prop_alojamentos_locais,4.09,static
1201,Alter do Chão,prop_alojamentos_nao_classicos,0.56,static
1201,Alter do Chão,prop_alojamentos_sobrelotados,7.9563182527301,static
1201,Alter do Chão,prop_alojamentos_vagos,19,static
1201,Alter do Chão,prop_ar_condicionado,34.4773791,static
1201,Alter do Chão,prop_edificios_fora_urbano,6.8,static
1201,Alter do Chão,prop_ensino_secundario,31.09,static
1201,Alter do Chão,prop_habitacao_social,5.35483871,static
1201,Alter do Chão,prop_mais_20min_escola,37.79,static
1201,Alter do Chão,prop_mais_30min_hospital,27,static
1201,Alter do Chão,prop_modo_pedonal,33.6,static
1201,Alter do Chão,prop_nacionalidade_estrangeira,0.054,static
1201,Alter do Chão,prop_necessidade_reparacao,12.26,static
1201,Alter do Chão,prop_pop_65_mais,35.74,static
1201,Alter do Chão,prop_reabilitacao_edificado,71.4,static
1201,Alter do Chão,prop_risco_pobreza,16.53894737,static
1201,Alter do Chão,prop_sem_aquecimento,19.34,static
1201,Alter do Chão,prop_transporte_coletivo,8.6,static
1201,Alter do Chão,prop_vagos_bom_estado,62.87215,static
1201,Alter do Chão,racio_vendas_estrangeiros,1,static
1201,Alter do Chão,risco_galgamentos_costeiros,0,static
1201,Alter do Chão,risco_incendio_rural,30.16,static
1201,Alter do Chão,risco_inundacao,0,static
1201,Alter do Chão,risco_movimento_massa,0.123,static
1201,Alter do Chão,risco_nevao,0,static
1201,Alter do Chão,risco_ondas_calor,75,static
1201,Alter do Chão,risco_ondas_frio,66.667,static
1201,Alter do Chão,risco_seca,66.667,static
1201,Alter do Chão,risco_sismo,34.791,static
1201,Alter do Chão,risco_tsunami,0,static
1201,Alter do Chão,taxa_bruta_natalidade,5.3,static
1201,Alter do Chão,taxa_crescimento_efetivo,1.31,static
1201,Alter do Chão,taxa_desemprego,7.26,static
1201,Alter do Chão,taxa_esforco_arrendamento,22.67073703,static
1201,Alter do Chão,valor_mediano_vendas_m2,456,static
1202,Arronches,acessos_internet_banda_larga,44.99,static
1202,Arronches,certificacao_energetica_cf,74.41860465,static
1202,Arronches,coeficiente_gini,38.3,static
1202,Arronches,consumo_energia_eletrica,1623.3,static
1202,Arronches,densidade_populacional,8.8,static
1202,Arronches,disparidade_ganho_mensal,1.7,static
1202,Arronches,duracao_pendulares,16.67,static
1202,Arronches,emissoes_gee_edificios,0.48,static
1202,Arronches,emissoes_gee_transportes,2.46,static
1202,Arronches,empresas_volume_negocios,81910.91,static
1202,Arronches,indice_envelhecimento_edificios,3744.4,static
1202,Arronches,percentagem_poder_compra,0.02,static
1202,Arronches,prop_agregados_unipessoais,29.69,static
1202,Arronches,prop_alojamentos_arrendados,0.0938,static
1202,Arronches,prop_alojamentos_locais,0,static
1202,Arronches,prop_alojamentos_nao_classicos,0,static
1202,Arronches,prop_alojamentos_sobrelotados,7.31497418244406,static
1202,Arronches,prop_alojamentos_vagos,16,static
1202,Arronches,prop_ar_condicionado,31.7555938,static
1202,Arronches,prop_edificios_fora_urbano,33.5,static
1202,Arronches,prop_ensino_secundario,32.49,static
1202,Arronches,prop_habitacao_social,3.346153846,static
1202,Arronches,prop_mais_20min_escola,100,static
1202,Arronches,prop_mais_30min_hospital,6,static
1202,Arronches,prop_modo_pedonal,24.9,static
1202,Arronches,prop_nacionalidade_estrangeira,0.034,static
1202,Arronches,prop_necessidade_reparacao,16.57,static
1202,Arronches,prop_pop_65_mais,31.52,static
1202,Arronches,prop_reabilitacao_edificado,66.7,static
1202,Arronches,prop_risco_pobreza,17.96701649,static
1202,Arronches,prop_sem_aquecimento,12.91,static
1202,Arronches,prop_transporte_coletivo,11,static
1202,Arronches,prop_vagos_bom_estado,58.66337,static
1202,Arronches,racio_vendas_estrangeiros,1,static
1202,Arronches,risco_galgamentos_costeiros,0,static
1202,Arronches,risco_incendio_rural,37.961,static
1202,Arronches,risco_inundacao,0,static
1202,Arronches,risco_movimento_massa,0.527,static
1202,Arronches,risco_nevao,0,static
1202,Arronches,risco_ondas_calor,98.915,static
1202,Arronches,risco_ondas_frio,34.857,static
1202,Arronches,risco_seca,66.667,static
1202,Arronches,risco_sismo,34.725,static
1202,Arronches,risco_tsunami,0,static
1202,Arronches,taxa_bruta_natalidade,6.5,static
1202,Arronches,taxa_crescimento_efetivo,-0.04,static
1202,Arronches,taxa_desemprego,4.67,static
1202,Arronches,taxa_esforco_arrendamento,22.90212203,static
1202,Arronches,valor_mediano_vendas_m2,616,static
1203,Avis,acessos_internet_banda_larga,41.9,static
1203,Avis,certificacao_energetica_cf,87.83783784,static
1203,Avis,coeficiente_gini,37.8,static
1203,Avis,consumo_energia_eletrica,1605,static
1203,Avis,densidade_populacional,6.2,static
1203,Avis,disparidade_ganho_mensal,11.6,static
1203,Avis,duracao_pendulares,14.47,static
1203,Avis,emissoes_gee_edificios,1.04,static
1203,Avis,emissoes_gee_transportes,3.55,static
1203,Avis,empresas_volume_negocios,192787.3,static
1203,Avis,indice_envelhecimento_edificios,2318.9,static
1203,Avis,percentagem_poder_compra,0.027,static
1203,Avis,prop_agregados_unipessoais,30.52,static
1203,Avis,prop_alojamentos_arrendados,0.0166,static
1203,Avis,prop_alojamentos_locais,8.14,static
1203,Avis,prop_alojamentos_nao_classicos,3.49,static
1203,Avis,prop_alojamentos_sobrelotados,8.14026299311208,static
1203,Avis,prop_alojamentos_vagos,20.9,static
1203,Avis,prop_ar_condicionado,36.25547902,static
1203,Avis,prop_edificios_fora_urbano,39.6,static
1203,Avis,prop_ensino_secundario,31.7,static
1203,Avis,prop_habitacao_social,0,static
1203,Avis,prop_mais_20min_escola,100,static
1203,Avis,prop_mais_30min_hospital,100,static
1203,Avis,prop_modo_pedonal,24.2,static
1203,Avis,prop_nacionalidade_estrangeira,0.029,static
1203,Avis,prop_necessidade_reparacao,14.54,static
1203,Avis,prop_pop_65_mais,32.79,static
1203,Avis,prop_reabilitacao_edificado,100,static
1203,Avis,prop_risco_pobreza,18.30195081,static
1203,Avis,prop_sem_aquecimento,12.59,static
1203,Avis,prop_transporte_coletivo,12.4,static
1203,Avis,prop_vagos_bom_estado,55.60054,static
1203,Avis,racio_vendas_estrangeiros,1,static
1203,Avis,risco_galgamentos_costeiros,0,static
1203,Avis,risco_incendio_rural,23.546,static
1203,Avis,risco_inundacao,0,static
1203,Avis,risco_movimento_massa,0.181,static
1203,Avis,risco_nevao,0,static
1203,Avis,risco_ondas_calor,75,static
1203,Avis,risco_ondas_frio,66.667,static
1203,Avis,risco_seca,66.667,static
1203,Avis,risco_sismo,34.844,static
1203,Avis,risco_tsunami,0,static
1203,Avis,taxa_bruta_natalidade,5.6,static
1203,Avis,taxa_crescimento_efetivo,-1.14,static
1203,Avis,taxa_desemprego,8.45,static
1203,Avis,taxa_esforco_arrendamento,23.45671957,static
1203,Avis,valor_mediano_vendas_m2,567,static
1204,Campo Maior,acessos_internet_banda_larga,41.27,static
1204,Campo Maior,certificacao_energetica_cf,87.71929825,static
1204,Campo Maior,coeficiente_gini,39.9,static
1204,Campo Maior,consumo_energia_eletrica,1854.2,static
1204,Campo Maior,densidade_populacional,31.9,static
1204,Campo Maior,disparidade_ganho_mensal,6.8,static
1204,Campo Maior,duracao_pendulares,12.54,static
1204,Campo Maior,emissoes_gee_edificios,2.19,static
1204,Campo Maior,emissoes_gee_transportes,6.57,static
1204,Campo Maior,empresas_volume_negocios,1042611,static
1204,Campo Maior,indice_envelhecimento_edificios,1101.5,static
1204,Campo Maior,percentagem_poder_compra,0.067,static
1204,Campo Maior,prop_agregados_unipessoais,25.01,static
1204,Campo Maior,prop_alojamentos_arrendados,0.0957,static
1204,Campo Maior,prop_alojamentos_locais,1.1,static
1204,Campo Maior,prop_alojamentos_nao_classicos,0,static
1204,Campo Maior,prop_alojamentos_sobrelotados,10.8429959260419,static
1204,Campo Maior,prop_alojamentos_vagos,14.6,static
1204,Campo Maior,prop_ar_condicionado,56.09526794,static
1204,Campo Maior,prop_edificios_fora_urbano,10.6,static
1204,Campo Maior,prop_ensino_secundario,39.72,static
1204,Campo Maior,prop_habitacao_social,1.585127202,static
1204,Campo Maior,prop_mais_20min_escola,18.06,static
1204,Campo Maior,prop_mais_30min_hospital,1,static
1204,Campo Maior,prop_modo_pedonal,28.3,static
1204,Campo Maior,prop_nacionalidade_estrangeira,0.036,static
1204,Campo Maior,prop_necessidade_reparacao,6.51,static
1204,Campo Maior,prop_pop_65_mais,23.96,static
1204,Campo Maior,prop_reabilitacao_edificado,23.8,static
1204,Campo Maior,prop_risco_pobreza,15.81048642,static
1204,Campo Maior,prop_sem_aquecimento,7.68,static
1204,Campo Maior,prop_transporte_coletivo,9.2,static
1204,Campo Maior,prop_vagos_bom_estado,77.79255,static
1204,Campo Maior,racio_vendas_estrangeiros,1,static
1204,Campo Maior,risco_galgamentos_costeiros,0,static
1204,Campo Maior,risco_incendio_rural,25.938,static
1204,Campo Maior,risco_inundacao,0,static
1204,Campo Maior,risco_movimento_massa,0.116,static
1204,Campo Maior,risco_nevao,0,static
1204,Campo Maior,risco_ondas_calor,100,static
1204,Campo Maior,risco_ondas_frio,33.332,static
1204,Campo Maior,risco_seca,66.667,static
1204,Campo Maior,risco_sismo,43.714,static
1204,Campo Maior,risco_tsunami,0,static
1204,Campo Maior,taxa_bruta_natalidade,5.1,static
1204,Campo Maior,taxa_crescimento_efetivo,-0.49,static
1204,Campo Maior,taxa_desemprego,6.72,static
1204,Campo Maior,taxa_esforco_arrendamento,15.55314361,static
1204,Campo Maior,valor_mediano_vendas_m2,556,static
1205,Castelo de Vide,acessos_internet_banda_larga,43.94,static
1205,Castelo de Vide,certificacao_energetica_cf,81.96721311,static
1205,Castelo de Vide,coeficiente_gini,39.2,static
1205,Castelo de Vide,consumo_energia_eletrica,1538,static
1205,Castelo de Vide,densidade_populacional,12,static
1205,Castelo de Vide,disparidade_ganho_mensal,6.2,static
1205,Castelo de Vide,duracao_pendulares,15.19,static
1205,Castelo de Vide,emissoes_gee_edificios,0.53,static
1205,Castelo de Vide,emissoes_gee_transportes,2.65,static
1205,Castelo de Vide,empresas_volume_negocios,61977.9,static
1205,Castelo de Vide,indice_envelhecimento_edificios,11554.5,static
1205,Castelo de Vide,percentagem_poder_compra,0.024,static
1205,Castelo de Vide,prop_agregados_unipessoais,27.71,static
1205,Castelo de Vide,prop_alojamentos_arrendados,0.0177,static
1205,Castelo de Vide,prop_alojamentos_locais,11.97,static
1205,Castelo de Vide,prop_alojamentos_nao_classicos,0,static
1205,Castelo de Vide,prop_alojamentos_sobrelotados,6.07225211375864,static
1205,Castelo de Vide,prop_alojamentos_vagos,15.7,static
1205,Castelo de Vide,prop_ar_condicionado,25.90315142,static
1205,Castelo de Vide,prop_edificios_fora_urbano,22.8,static
1205,Castelo de Vide,prop_ensino_secundario,37.37,static
1205,Castelo de Vide,prop_habitacao_social,0.993831391,static
1205,Castelo de Vide,prop_mais_20min_escola,100,static
1205,Castelo de Vide,prop_mais_30min_hospital,1,static
1205,Castelo de Vide,prop_modo_pedonal,34.7,static
1205,Castelo de Vide,prop_nacionalidade_estrangeira,0.063,static
1205,Castelo de Vide,prop_necessidade_reparacao,6.77,static
1205,Castelo de Vide,prop_pop_65_mais,35.69,static
1205,Castelo de Vide,prop_reabilitacao_edificado,88.9,static
1205,Castelo de Vide,prop_risco_pobreza,17.60603774,static
1205,Castelo de Vide,prop_sem_aquecimento,10.99,static
1205,Castelo de Vide,prop_transporte_coletivo,9.2,static
1205,Castelo de Vide,prop_vagos_bom_estado,76.36761,static
1205,Castelo de Vide,racio_vendas_estrangeiros,1,static
1205,Castelo de Vide,risco_galgamentos_costeiros,0,static
1205,Castelo de Vide,risco_incendio_rural,57.942,static
1205,Castelo de Vide,risco_inundacao,0,static
1205,Castelo de Vide,risco_movimento_massa,2.608,static
1205,Castelo de Vide,risco_nevao,0.597,static
1205,Castelo de Vide,risco_ondas_calor,82.029,static
1205,Castelo de Vide,risco_ondas_frio,66.667,static
1205,Castelo de Vide,risco_seca,66.667,static
1205,Castelo de Vide,risco_sismo,33.262,static
1205,Castelo de Vide,risco_tsunami,0,static
1205,Castelo de Vide,taxa_bruta_natalidade,5.3,static
1205,Castelo de Vide,taxa_crescimento_efetivo,-0.53,static
1205,Castelo de Vide,taxa_desemprego,5.23,static
1205,Castelo de Vide,taxa_esforco_arrendamento,21.07317073,static
1205,Castelo de Vide,valor_mediano_vendas_m2,583,static
1206,Crato,acessos_internet_banda_larga,43.62,static
1206,Crato,certificacao_energetica_cf,79.48717949,static
1206,Crato,coeficiente_gini,36.6,static
1206,Crato,consumo_energia_eletrica,1633.5,static
1206,Crato,densidade_populacional,8.2,static
1206,Crato,disparidade_ganho_mensal,1.1,static
1206,Crato,duracao_pendulares,16.19,static
1206,Crato,emissoes_gee_edificios,0.99,static
1206,Crato,emissoes_gee_transportes,2.88,static
1206,Crato,empresas_volume_negocios,359500.2,static
1206,Crato,indice_envelhecimento_edificios,6109.1,static
1206,Crato,percentagem_poder_compra,0.023,static
1206,Crato,prop_agregados_unipessoais,30.59,static
1206,Crato,prop_alojamentos_arrendados,0.0606,static
1206,Crato,prop_alojamentos_locais,3.07,static
1206,Crato,prop_alojamentos_nao_classicos,0.4,static
1206,Crato,prop_alojamentos_sobrelotados,5.01818181818181,static
1206,Crato,prop_alojamentos_vagos,12.5,static
1206,Crato,prop_ar_condicionado,44.14545455,static
1206,Crato,prop_edificios_fora_urbano,6.8,static
1206,Crato,prop_ensino_secundario,28.31,static
1206,Crato,prop_habitacao_social,0.955905026,static
1206,Crato,prop_mais_20min_escola,100,static
1206,Crato,prop_mais_30min_hospital,1,static
1206,Crato,prop_modo_pedonal,31.3,static
1206,Crato,prop_nacionalidade_estrangeira,0.045,static
1206,Crato,prop_necessidade_reparacao,11.96,static
1206,Crato,prop_pop_65_mais,39.97,static
1206,Crato,prop_reabilitacao_edificado,76.9,static
1206,Crato,prop_risco_pobreza,16.08503937,static
1206,Crato,prop_sem_aquecimento,6.25,static
1206,Crato,prop_transporte_coletivo,11.8,static
1206,Crato,prop_vagos_bom_estado,56.25,static
1206,Crato,racio_vendas_estrangeiros,1,static
1206,Crato,risco_galgamentos_costeiros,0,static
1206,Crato,risco_incendio_rural,40.275,static
1206,Crato,risco_inundacao,0,static
1206,Crato,risco_movimento_massa,0.07,static
1206,Crato,risco_nevao,0,static
1206,Crato,risco_ondas_calor,75,static
1206,Crato,risco_ondas_frio,66.667,static
1206,Crato,risco_seca,66.667,static
1206,Crato,risco_sismo,33.343,static
1206,Crato,risco_tsunami,0,static
1206,Crato,taxa_bruta_natalidade,4.9,static
1206,Crato,taxa_crescimento_efetivo,-0.8,static
1206,Crato,taxa_desemprego,7.44,static
1206,Crato,taxa_esforco_arrendamento,22.560868,static
1206,Crato,valor_mediano_vendas_m2,313,static
1207,Elvas,acessos_internet_banda_larga,44.24,static
1207,Elvas,certificacao_energetica_cf,71.64179104,static
1207,Elvas,coeficiente_gini,40.9,static
1207,Elvas,consumo_energia_eletrica,1528.3,static
1207,Elvas,densidade_populacional,32.2,static
1207,Elvas,disparidade_ganho_mensal,6.3,static
1207,Elvas,duracao_pendulares,15.18,static
1207,Elvas,emissoes_gee_edificios,5,static
1207,Elvas,emissoes_gee_transportes,34.5,static
1207,Elvas,empresas_volume_negocios,204302.7,static
1207,Elvas,indice_envelhecimento_edificios,2940.6,static
1207,Elvas,percentagem_poder_compra,0.174,static
1207,Elvas,prop_agregados_unipessoais,28.16,static
1207,Elvas,prop_alojamentos_arrendados,0.0621,static
1207,Elvas,prop_alojamentos_locais,5.79,static
1207,Elvas,prop_alojamentos_nao_classicos,0.16,static
1207,Elvas,prop_alojamentos_sobrelotados,11.7688266199649,static
1207,Elvas,prop_alojamentos_vagos,20.3,static
1207,Elvas,prop_ar_condicionado,50.0992411,static
1207,Elvas,prop_edificios_fora_urbano,9,static
1207,Elvas,prop_ensino_secundario,42.66,static
1207,Elvas,prop_habitacao_social,2.211230724,static
1207,Elvas,prop_mais_20min_escola,49.27,static
1207,Elvas,prop_mais_30min_hospital,0,static
1207,Elvas,prop_modo_pedonal,22.8,static
1207,Elvas,prop_nacionalidade_estrangeira,0.069,static
1207,Elvas,prop_necessidade_reparacao,11.71,static
1207,Elvas,prop_pop_65_mais,24.38,static
1207,Elvas,prop_reabilitacao_edificado,15.4,static
1207,Elvas,prop_risco_pobreza,18.23395722,static
1207,Elvas,prop_sem_aquecimento,13.46,static
1207,Elvas,prop_transporte_coletivo,5.5,static
1207,Elvas,prop_vagos_bom_estado,71.33431,static
1207,Elvas,racio_vendas_estrangeiros,1,static
1207,Elvas,risco_galgamentos_costeiros,0,static
1207,Elvas,risco_incendio_rural,32.586,static
1207,Elvas,risco_inundacao,0,static
1207,Elvas,risco_movimento_massa,0.416,static
1207,Elvas,risco_nevao,0,static
1207,Elvas,risco_ondas_calor,100,static
1207,Elvas,risco_ondas_frio,33.333,static
1207,Elvas,risco_seca,66.667,static
1207,Elvas,risco_sismo,34.865,static
1207,Elvas,risco_tsunami,0,static
1207,Elvas,taxa_bruta_natalidade,6.6,static
1207,Elvas,taxa_crescimento_efetivo,-0.43,static
1207,Elvas,taxa_desemprego,10.84,static
1207,Elvas,taxa_esforco_arrendamento,25.33561644,static
1207,Elvas,valor_mediano_vendas_m2,777,static
1208,Fronteira,acessos_internet_banda_larga,43.14,static
1208,Fronteira,certificacao_energetica_cf,80.64516129,static
1208,Fronteira,coeficiente_gini,38.3,static
1208,Fronteira,consumo_energia_eletrica,1665.1,static
1208,Fronteira,densidade_populacional,12,static
1208,Fronteira,disparidade_ganho_mensal,11.3,static
1208,Fronteira,duracao_pendulares,16.43,static
1208,Fronteira,emissoes_gee_edificios,0.53,static
1208,Fronteira,emissoes_gee_transportes,2.65,static
1208,Fronteira,empresas_volume_negocios,108588.1,static
1208,Fronteira,indice_envelhecimento_edificios,7181.3,static
1208,Fronteira,percentagem_poder_compra,0.022,static
1208,Fronteira,prop_agregados_unipessoais,27.05,static
1208,Fronteira,prop_alojamentos_arrendados,0.0521,static
1208,Fronteira,prop_alojamentos_locais,5.57,static
1208,Fronteira,prop_alojamentos_nao_classicos,0,static
1208,Fronteira,prop_alojamentos_sobrelotados,4.50751252086811,static
1208,Fronteira,prop_alojamentos_vagos,17.7,static
1208,Fronteira,prop_ar_condicionado,43.73956594,static
1208,Fronteira,prop_edificios_fora_urbano,10.2,static
1208,Fronteira,prop_ensino_secundario,34.05,static
1208,Fronteira,prop_habitacao_social,3.42703119,static
1208,Fronteira,prop_mais_20min_escola,100,static
1208,Fronteira,prop_mais_30min_hospital,68,static
1208,Fronteira,prop_modo_pedonal,24.7,static
1208,Fronteira,prop_nacionalidade_estrangeira,0.041,static
1208,Fronteira,prop_necessidade_reparacao,8.54,static
1208,Fronteira,prop_pop_65_mais,33.48,static
1208,Fronteira,prop_reabilitacao_edificado,100,static
1208,Fronteira,prop_risco_pobreza,17.61983471,static
1208,Fronteira,prop_sem_aquecimento,16.94,static
1208,Fronteira,prop_transporte_coletivo,12.9,static
1208,Fronteira,prop_vagos_bom_estado,77.14286,static
1208,Fronteira,racio_vendas_estrangeiros,1,static
1208,Fronteira,risco_galgamentos_costeiros,0,static
1208,Fronteira,risco_incendio_rural,25.587,static
1208,Fronteira,risco_inundacao,0,static
1208,Fronteira,risco_movimento_massa,0.139,static
1208,Fronteira,risco_nevao,0,static
1208,Fronteira,risco_ondas_calor,75,static
1208,Fronteira,risco_ondas_frio,66.667,static
1208,Fronteira,risco_seca,66.667,static
1208,Fronteira,risco_sismo,33.333,static
1208,Fronteira,risco_tsunami,0,static
1208,Fronteira,taxa_bruta_natalidade,5,static
1208,Fronteira,taxa_crescimento_efetivo,0,static
1208,Fronteira,taxa_desemprego,6.28,static
1208,Fronteira,taxa_esforco_arrendamento,22.14440895,static
1208,Fronteira,valor_mediano_vendas_m2,565,static
1209,Gavião,acessos_internet_banda_larga,42.45,static
1209,Gavião,certificacao_energetica_cf,74.11764706,static
1209,Gavião,coeficiente_gini,37.1,static
1209,Gavião,consumo_energia_eletrica,1518.9,static
1209,Gavião,densidade_populacional,11.1,static
1209,Gavião,disparidade_ganho_mensal,24.7,static
1209,Gavião,duracao_pendulares,16.79,static
1209,Gavião,emissoes_gee_edificios,1,static
1209,Gavião,emissoes_gee_transportes,7.5,static
1209,Gavião,empresas_volume_negocios,113107,static
1209,Gavião,indice_envelhecimento_edificios,2485.2,static
1209,Gavião,percentagem_poder_compra,0.023,static
1209,Gavião,prop_agregados_unipessoais,29.09,static
1209,Gavião,prop_alojamentos_arrendados,0.0278,static
1209,Gavião,prop_alojamentos_locais,1.89,static
1209,Gavião,prop_alojamentos_nao_classicos,0,static
1209,Gavião,prop_alojamentos_sobrelotados,5.52147239263803,static
1209,Gavião,prop_alojamentos_vagos,18.5,static
1209,Gavião,prop_ar_condicionado,23.44921609,static
1209,Gavião,prop_edificios_fora_urbano,6.8,static
1209,Gavião,prop_ensino_secundario,24.89,static
1209,Gavião,prop_habitacao_social,0.111731844,static
1209,Gavião,prop_mais_20min_escola,100,static
1209,Gavião,prop_mais_30min_hospital,25,static
1209,Gavião,prop_modo_pedonal,36.8,static
1209,Gavião,prop_nacionalidade_estrangeira,0.011,static
1209,Gavião,prop_necessidade_reparacao,12.47,static
1209,Gavião,prop_pop_65_mais,42.07,static
1209,Gavião,prop_reabilitacao_edificado,0,static
1209,Gavião,prop_risco_pobreza,17.88730159,static
1209,Gavião,prop_sem_aquecimento,11.93,static
1209,Gavião,prop_transporte_coletivo,14.5,static
1209,Gavião,prop_vagos_bom_estado,69.47853,static
1209,Gavião,racio_vendas_estrangeiros,1,static
1209,Gavião,risco_galgamentos_costeiros,0,static
1209,Gavião,risco_incendio_rural,67.05,static
1209,Gavião,risco_inundacao,0,static
1209,Gavião,risco_movimento_massa,2.802,static
1209,Gavião,risco_nevao,0,static
1209,Gavião,risco_ondas_calor,75,static
1209,Gavião,risco_ondas_frio,66.667,static
1209,Gavião,risco_seca,66.667,static
1209,Gavião,risco_sismo,40.285,static
1209,Gavião,risco_tsunami,0,static
1209,Gavião,taxa_bruta_natalidade,3.9,static
1209,Gavião,taxa_crescimento_efetivo,-1.85,static
1209,Gavião,taxa_desemprego,7.71,static
1209,Gavião,taxa_esforco_arrendamento,22.29478199,static
1209,Gavião,valor_mediano_vendas_m2,333,static
1210,Marvão,acessos_internet_banda_larga,40.27,static
1210,Marvão,certificacao_energetica_cf,38.5139078,static
1210,Marvão,coeficiente_gini,38.2,static
1210,Marvão,consumo_energia_eletrica,1580.4,static
1210,Marvão,densidade_populacional,19.5,static
1210,Marvão,disparidade_ganho_mensal,2.1,static
1210,Marvão,duracao_pendulares,15.52,static
1210,Marvão,emissoes_gee_edificios,0.65,static
1210,Marvão,emissoes_gee_transportes,2.73,static
1210,Marvão,empresas_volume_negocios,51577.46,static
1210,Marvão,indice_envelhecimento_edificios,1763.5,static
1210,Marvão,percentagem_poder_compra,0.02,static
1210,Marvão,prop_agregados_unipessoais,29.77,static
1210,Marvão,prop_alojamentos_arrendados,0.0275,static
1210,Marvão,prop_alojamentos_locais,8.31,static
1210,Marvão,prop_alojamentos_nao_classicos,0.07,static
1210,Marvão,prop_alojamentos_sobrelotados,4.96894409937888,static
1210,Marvão,prop_alojamentos_vagos,21.5,static
1210,Marvão,prop_ar_condicionado,22.51552795,static
1210,Marvão,prop_edificios_fora_urbano,49.1,static
1210,Marvão,prop_ensino_secundario,30.47,static
1210,Marvão,prop_habitacao_social,0,static
1210,Marvão,prop_mais_20min_escola,100,static
1210,Marvão,prop_mais_30min_hospital,3,static
1210,Marvão,prop_modo_pedonal,16.3,static
1210,Marvão,prop_nacionalidade_estrangeira,0.093,static
1210,Marvão,prop_necessidade_reparacao,20.81,static
1210,Marvão,prop_pop_65_mais,35.55,static
1210,Marvão,prop_reabilitacao_edificado,0,static
1210,Marvão,prop_risco_pobreza,19.37851809,static
1210,Marvão,prop_sem_aquecimento,4.58,static
1210,Marvão,prop_transporte_coletivo,14.9,static
1210,Marvão,prop_vagos_bom_estado,43.55346,static
1210,Marvão,racio_vendas_estrangeiros,1,static
1210,Marvão,risco_galgamentos_costeiros,0,static
1210,Marvão,risco_incendio_rural,63.013,static
1210,Marvão,risco_inundacao,0,static
1210,Marvão,risco_movimento_massa,9.858,static
1210,Marvão,risco_nevao,0.827,static
1210,Marvão,risco_ondas_calor,92.21,static
1210,Marvão,risco_ondas_frio,66.667,static
1210,Marvão,risco_seca,66.667,static
1210,Marvão,risco_sismo,33.038,static
1210,Marvão,risco_tsunami,0,static
1210,Marvão,taxa_bruta_natalidade,7.3,static
1210,Marvão,taxa_crescimento_efetivo,-0.13,static
1210,Marvão,taxa_desemprego,5.67,static
1210,Marvão,taxa_esforco_arrendamento,23.44790257,static
1210,Marvão,valor_mediano_vendas_m2,540,static
1211,Monforte,acessos_internet_banda_larga,39.57,static
1211,Monforte,certificacao_energetica_cf,55.38461538,static
1211,Monforte,coeficiente_gini,46.2,static
1211,Monforte,consumo_energia_eletrica,1284.8,static
1211,Monforte,densidade_populacional,7.2,static
1211,Monforte,disparidade_ganho_mensal,7.7,static
1211,Monforte,duracao_pendulares,16.3,static
1211,Monforte,emissoes_gee_edificios,0.53,static
1211,Monforte,emissoes_gee_transportes,2.58,static
1211,Monforte,empresas_volume_negocios,168958.2,static
1211,Monforte,indice_envelhecimento_edificios,4604.8,static
1211,Monforte,percentagem_poder_compra,0.021,static
1211,Monforte,prop_agregados_unipessoais,28.43,static
1211,Monforte,prop_alojamentos_arrendados,0.0321,static
1211,Monforte,prop_alojamentos_locais,1.23,static
1211,Monforte,prop_alojamentos_nao_classicos,8.26,static
1211,Monforte,prop_alojamentos_sobrelotados,7.12303422756706,static
1211,Monforte,prop_alojamentos_vagos,12.5,static
1211,Monforte,prop_ar_condicionado,32.00740056,static
1211,Monforte,prop_edificios_fora_urbano,9.5,static
1211,Monforte,prop_ensino_secundario,29.17,static
1211,Monforte,prop_habitacao_social,2.687060769,static
1211,Monforte,prop_mais_20min_escola,100,static
1211,Monforte,prop_mais_30min_hospital,1,static
1211,Monforte,prop_modo_pedonal,33.5,static
1211,Monforte,prop_nacionalidade_estrangeira,0.029,static
1211,Monforte,prop_necessidade_reparacao,7.97,static
1211,Monforte,prop_pop_65_mais,28.78,static
1211,Monforte,prop_reabilitacao_edificado,33.3,static
1211,Monforte,prop_risco_pobreza,18.26463878,static
1211,Monforte,prop_sem_aquecimento,16.1,static
1211,Monforte,prop_transporte_coletivo,14.4,static
1211,Monforte,prop_vagos_bom_estado,67.57679,static
1211,Monforte,racio_vendas_estrangeiros,1,static
1211,Monforte,risco_galgamentos_costeiros,0,static
1211,Monforte,risco_incendio_rural,32.231,static
1211,Monforte,risco_inundacao,0,static
1211,Monforte,risco_movimento_massa,0.12,static
1211,Monforte,risco_nevao,0,static
1211,Monforte,risco_ondas_calor,85.514,static
1211,Monforte,risco_ondas_frio,56.383,static
1211,Monforte,risco_seca,66.667,static
1211,Monforte,risco_sismo,33.333,static
1211,Monforte,risco_tsunami,0,static
1211,Monforte,taxa_bruta_natalidade,8.6,static
1211,Monforte,taxa_crescimento_efetivo,0.5,static
1211,Monforte,taxa_desemprego,7.9,static
1211,Monforte,taxa_esforco_arrendamento,22.28375957,static
1211,Monforte,valor_mediano_vendas_m2,440,static
1212,Nisa,acessos_internet_banda_larga,47.62,static
1212,Nisa,certificacao_energetica_cf,84.55882353,static
1212,Nisa,coeficiente_gini,38.5,static
1212,Nisa,consumo_energia_eletrica,1692.3,static
1212,Nisa,densidade_populacional,9.8,static
1212,Nisa,disparidade_ganho_mensal,5.7,static
1212,Nisa,duracao_pendulares,16.88,static
1212,Nisa,emissoes_gee_edificios,2.13,static
1212,Nisa,emissoes_gee_transportes,5.78,static
1212,Nisa,empresas_volume_negocios,77899.8,static
1212,Nisa,indice_envelhecimento_edificios,2806.5,static
1212,Nisa,percentagem_poder_compra,0.042,static
1212,Nisa,prop_agregados_unipessoais,32.57,static
1212,Nisa,prop_alojamentos_arrendados,0.0201,static
1212,Nisa,prop_alojamentos_locais,3.56,static
1212,Nisa,prop_alojamentos_nao_classicos,0.08,static
1212,Nisa,prop_alojamentos_sobrelotados,4.82472672446287,static
1212,Nisa,prop_alojamentos_vagos,16.1,static
1212,Nisa,prop_ar_condicionado,33.13230305,static
1212,Nisa,prop_edificios_fora_urbano,6.3,static
1212,Nisa,prop_ensino_secundario,30.36,static
1212,Nisa,prop_habitacao_social,0.054112554,static
1212,Nisa,prop_mais_20min_escola,56.47,static
1212,Nisa,prop_mais_30min_hospital,23,static
1212,Nisa,prop_modo_pedonal,30.3,static
1212,Nisa,prop_nacionalidade_estrangeira,0.036,static
1212,Nisa,prop_necessidade_reparacao,16.44,static
1212,Nisa,prop_pop_65_mais,40.74,static
1212,Nisa,prop_reabilitacao_edificado,50,static
1212,Nisa,prop_risco_pobreza,19.54256234,static
1212,Nisa,prop_sem_aquecimento,9.16,static
1212,Nisa,prop_transporte_coletivo,8.3,static
1212,Nisa,prop_vagos_bom_estado,56.58579,static
1212,Nisa,racio_vendas_estrangeiros,1,static
1212,Nisa,risco_galgamentos_costeiros,0,static
1212,Nisa,risco_incendio_rural,60.201,static
1212,Nisa,risco_inundacao,0,static
1212,Nisa,risco_movimento_massa,3.652,static
1212,Nisa,risco_nevao,0,static
1212,Nisa,risco_ondas_calor,77.438,static
1212,Nisa,risco_ondas_frio,66.667,static
1212,Nisa,risco_seca,66.667,static
1212,Nisa,risco_sismo,35.304,static
1212,Nisa,risco_tsunami,0,static
1212,Nisa,taxa_bruta_natalidade,5.3,static
1212,Nisa,taxa_crescimento_efetivo,-0.92,static
1212,Nisa,taxa_desemprego,7.54,static
1212,Nisa,taxa_esforco_arrendamento,22.99159664,static
1212,Nisa,valor_mediano_vendas_m2,395,static
1213,Ponte de Sor,acessos_internet_banda_larga,42.32,static
1213,Ponte de Sor,certificacao_energetica_cf,60.88888889,static
1213,Ponte de Sor,coeficiente_gini,40.9,static
1213,Ponte de Sor,consumo_energia_eletrica,1524.3,static
1213,Ponte de Sor,densidade_populacional,18,static
1213,Ponte de Sor,disparidade_ganho_mensal,9.8,static
1213,Ponte de Sor,duracao_pendulares,16.13,static
1213,Ponte de Sor,emissoes_gee_edificios,3.5,static
1213,Ponte de Sor,emissoes_gee_transportes,12.98,static
1213,Ponte de Sor,empresas_volume_negocios,152370.2,static
1213,Ponte de Sor,indice_envelhecimento_edificios,969.3,static
1213,Ponte de Sor,percentagem_poder_compra,0.122,static
1213,Ponte de Sor,prop_agregados_unipessoais,26.77,static
1213,Ponte de Sor,prop_alojamentos_arrendados,0.0548,static
1213,Ponte de Sor,prop_alojamentos_locais,5.72,static
1213,Ponte de Sor,prop_alojamentos_nao_classicos,0.18,static
1213,Ponte de Sor,prop_alojamentos_sobrelotados,8.45425867507886,static
1213,Ponte de Sor,prop_alojamentos_vagos,14.2,static
1213,Ponte de Sor,prop_ar_condicionado,33.40694006,static
1213,Ponte de Sor,prop_edificios_fora_urbano,14.6,static
1213,Ponte de Sor,prop_ensino_secundario,34.57,static
1213,Ponte de Sor,prop_habitacao_social,0.483412322,static
1213,Ponte de Sor,prop_mais_20min_escola,62.72,static
1213,Ponte de Sor,prop_mais_30min_hospital,52,static
1213,Ponte de Sor,prop_modo_pedonal,23.2,static
1213,Ponte de Sor,prop_nacionalidade_estrangeira,0.057,static
1213,Ponte de Sor,prop_necessidade_reparacao,10.12,static
1213,Ponte de Sor,prop_pop_65_mais,29.27,static
1213,Ponte de Sor,prop_reabilitacao_edificado,23.1,static
1213,Ponte de Sor,prop_risco_pobreza,23.23042506,static
1213,Ponte de Sor,prop_sem_aquecimento,15.91,static
1213,Ponte de Sor,prop_transporte_coletivo,7.9,static
1213,Ponte de Sor,prop_vagos_bom_estado,66.39947,static
1213,Ponte de Sor,racio_vendas_estrangeiros,1,static
1213,Ponte de Sor,risco_galgamentos_costeiros,0,static
1213,Ponte de Sor,risco_incendio_rural,30.968,static
1213,Ponte de Sor,risco_inundacao,0,static
1213,Ponte de Sor,risco_movimento_massa,0.258,static
1213,Ponte de Sor,risco_nevao,0,static
1213,Ponte de Sor,risco_ondas_calor,75,static
1213,Ponte de Sor,risco_ondas_frio,66.667,static
1213,Ponte de Sor,risco_seca,66.667,static
1213,Ponte de Sor,risco_sismo,42.522,static
1213,Ponte de Sor,risco_tsunami,0,static
1213,Ponte de Sor,taxa_bruta_natalidade,6.8,static
1213,Ponte de Sor,taxa_crescimento_efetivo,-0.55,static
1213,Ponte de Sor,taxa_desemprego,7.93,static
1213,Ponte de Sor,taxa_esforco_arrendamento,27.84037631,static
1213,Ponte de Sor,valor_mediano_vendas_m2,812,static
1214,Portalegre,acessos_internet_banda_larga,46.46,static
1214,Portalegre,certificacao_energetica_cf,78.71148459,static
1214,Portalegre,coeficiente_gini,42,static
1214,Portalegre,consumo_energia_eletrica,1445.5,static
1214,Portalegre,densidade_populacional,48.7,static
1214,Portalegre,disparidade_ganho_mensal,7.9,static
1214,Portalegre,duracao_pendulares,13.97,static
1214,Portalegre,emissoes_gee_edificios,6.19,static
1214,Portalegre,emissoes_gee_transportes,28.43,static
1214,Portalegre,empresas_volume_negocios,280264.2,static
1214,Portalegre,indice_envelhecimento_edificios,3523.8,static
1214,Portalegre,percentagem_poder_compra,0.204,static
1214,Portalegre,prop_agregados_unipessoais,27.62,static
1214,Portalegre,prop_alojamentos_arrendados,0.069,static
1214,Portalegre,prop_alojamentos_locais,2.86,static
1214,Portalegre,prop_alojamentos_nao_classicos,0,static
1214,Portalegre,prop_alojamentos_sobrelotados,7.13911860148644,static
1214,Portalegre,prop_alojamentos_vagos,17.4,static
1214,Portalegre,prop_ar_condicionado,40.06071391,static
1214,Portalegre,prop_edificios_fora_urbano,29.2,static
1214,Portalegre,prop_ensino_secundario,45.7,static
1214,Portalegre,prop_habitacao_social,3.363319012,static
1214,Portalegre,prop_mais_20min_escola,68.5,static
1214,Portalegre,prop_mais_30min_hospital,1,static
1214,Portalegre,prop_modo_pedonal,15.2,static
1214,Portalegre,prop_nacionalidade_estrangeira,0.089,static
1214,Portalegre,prop_necessidade_reparacao,13.63,static
1214,Portalegre,prop_pop_65_mais,27.43,static
1214,Portalegre,prop_reabilitacao_edificado,11.1,static
1214,Portalegre,prop_risco_pobreza,15.29684211,static
1214,Portalegre,prop_sem_aquecimento,11.85,static
1214,Portalegre,prop_transporte_coletivo,7.7,static
1214,Portalegre,prop_vagos_bom_estado,59.91379,static
1214,Portalegre,racio_vendas_estrangeiros,1,static
1214,Portalegre,risco_galgamentos_costeiros,0,static
1214,Portalegre,risco_incendio_rural,54.376,static
1214,Portalegre,risco_inundacao,0,static
1214,Portalegre,risco_movimento_massa,6.737,static
1214,Portalegre,risco_nevao,0.034,static
1214,Portalegre,risco_ondas_calor,79.813,static
1214,Portalegre,risco_ondas_frio,61.607,static
1214,Portalegre,risco_seca,66.667,static
1214,Portalegre,risco_sismo,33.591,static
1214,Portalegre,risco_tsunami,0,static
1214,Portalegre,taxa_bruta_natalidade,6.1,static
1214,Portalegre,taxa_crescimento_efetivo,-0.73,static
1214,Portalegre,taxa_desemprego,5.83,static
1214,Portalegre,taxa_esforco_arrendamento,19.73860974,static
1214,Portalegre,valor_mediano_vendas_m2,780,static
1215,Sousel,acessos_internet_banda_larga,42.23,static
1215,Sousel,certificacao_energetica_cf,66.29213483,static
1215,Sousel,coeficiente_gini,40.3,static
1215,Sousel,consumo_energia_eletrica,1721.6,static
1215,Sousel,densidade_populacional,15.8,static
1215,Sousel,disparidade_ganho_mensal,8.9,static
1215,Sousel,duracao_pendulares,14.76,static
1215,Sousel,emissoes_gee_edificios,0.85,static
1215,Sousel,emissoes_gee_transportes,3.94,static
1215,Sousel,empresas_volume_negocios,254523.8,static
1215,Sousel,indice_envelhecimento_edificios,5906.9,static
1215,Sousel,percentagem_poder_compra,0.031,static
1215,Sousel,prop_agregados_unipessoais,29.49,static
1215,Sousel,prop_alojamentos_arrendados,0.0391,static
1215,Sousel,prop_alojamentos_locais,3.76,static
1215,Sousel,prop_alojamentos_nao_classicos,0,static
1215,Sousel,prop_alojamentos_sobrelotados,7.42521367521367,static
1215,Sousel,prop_alojamentos_vagos,21.6,static
1215,Sousel,prop_ar_condicionado,37.23290598,static
1215,Sousel,prop_edificios_fora_urbano,11.4,static
1215,Sousel,prop_ensino_secundario,32,static
1215,Sousel,prop_habitacao_social,1.375033702,static
1215,Sousel,prop_mais_20min_escola,100,static
1215,Sousel,prop_mais_30min_hospital,100,static
1215,Sousel,prop_modo_pedonal,22.4,static
1215,Sousel,prop_nacionalidade_estrangeira,0.055,static
1215,Sousel,prop_necessidade_reparacao,9.09,static
1215,Sousel,prop_pop_65_mais,33.1,static
1215,Sousel,prop_reabilitacao_edificado,50,static
1215,Sousel,prop_risco_pobreza,20.62700229,static
1215,Sousel,prop_sem_aquecimento,17.9,static
1215,Sousel,prop_transporte_coletivo,11.6,static
1215,Sousel,prop_vagos_bom_estado,71.08586,static
1215,Sousel,racio_vendas_estrangeiros,1,static
1215,Sousel,risco_galgamentos_costeiros,0,static
1215,Sousel,risco_incendio_rural,24.24,static
1215,Sousel,risco_inundacao,0,static
1215,Sousel,risco_movimento_massa,0.408,static
1215,Sousel,risco_nevao,0,static
1215,Sousel,risco_ondas_calor,75,static
1215,Sousel,risco_ondas_frio,66.667,static
1215,Sousel,risco_seca,66.667,static
1215,Sousel,risco_sismo,33.333,static
1215,Sousel,risco_tsunami,0,static
1215,Sousel,taxa_bruta_natalidade,5.7,static
1215,Sousel,taxa_crescimento_efetivo,0.05,static
1215,Sousel,taxa_desemprego,8.04,static
1215,Sousel,taxa_esforco_arrendamento,24.52846806,static
1215,Sousel,valor_mediano_vendas_m2,543,static
1301,Amarante,acessos_internet_banda_larga,34.67,static
1301,Amarante,certificacao_energetica_cf,43.18910256,static
1301,Amarante,coeficiente_gini,42.1,static
1301,Amarante,consumo_energia_eletrica,1326.1,static
1301,Amarante,densidade_populacional,173.1,static
1301,Amarante,disparidade_ganho_mensal,4.9,static
1301,Amarante,duracao_pendulares,19.95,static
1301,Amarante,emissoes_gee_edificios,14.44,static
1301,Amarante,emissoes_gee_transportes,93.51,static
1301,Amarante,empresas_volume_negocios,291707.6,static
1301,Amarante,indice_envelhecimento_edificios,402,static
1301,Amarante,percentagem_poder_compra,0.372,static
1301,Amarante,prop_agregados_unipessoais,18.89,static
1301,Amarante,prop_alojamentos_arrendados,0.0847,static
1301,Amarante,prop_alojamentos_locais,2.87,static
1301,Amarante,prop_alojamentos_nao_classicos,0.05,static
1301,Amarante,prop_alojamentos_sobrelotados,10.2571937866055,static
1301,Amarante,prop_alojamentos_vagos,12.7,static
1301,Amarante,prop_ar_condicionado,15.61497326,static
1301,Amarante,prop_edificios_fora_urbano,18.6,static
1301,Amarante,prop_ensino_secundario,35.17,static
1301,Amarante,prop_habitacao_social,0.845435331,static
1301,Amarante,prop_mais_20min_escola,81.42,static
1301,Amarante,prop_mais_30min_hospital,0,static
1301,Amarante,prop_modo_pedonal,11.2,static
1301,Amarante,prop_nacionalidade_estrangeira,0.028,static
1301,Amarante,prop_necessidade_reparacao,15.61,static
1301,Amarante,prop_pop_65_mais,22.22,static
1301,Amarante,prop_reabilitacao_edificado,24.3,static
1301,Amarante,prop_risco_pobreza,30.67085202,static
1301,Amarante,prop_sem_aquecimento,20.83,static
1301,Amarante,prop_transporte_coletivo,19,static
1301,Amarante,prop_vagos_bom_estado,45.97701,static
1301,Amarante,racio_vendas_estrangeiros,1,static
1301,Amarante,risco_galgamentos_costeiros,0,static
1301,Amarante,risco_incendio_rural,65.65,static
1301,Amarante,risco_inundacao,0,static
1301,Amarante,risco_movimento_massa,28.681,static
1301,Amarante,risco_nevao,17.635,static
1301,Amarante,risco_ondas_calor,74.514,static
1301,Amarante,risco_ondas_frio,100,static
1301,Amarante,risco_seca,33.333,static
1301,Amarante,risco_sismo,33.333,static
1301,Amarante,risco_tsunami,0,static
1301,Amarante,taxa_bruta_natalidade,5.7,static
1301,Amarante,taxa_crescimento_efetivo,-0.13,static
1301,Amarante,taxa_desemprego,9.42,static
1301,Amarante,taxa_esforco_arrendamento,27.69596827,static
1301,Amarante,valor_mediano_vendas_m2,962,static
1302,Baião,acessos_internet_banda_larga,32.79,static
1302,Baião,certificacao_energetica_cf,44.39140811,static
1302,Baião,coeficiente_gini,38.1,static
1302,Baião,consumo_energia_eletrica,1360.4,static
1302,Baião,densidade_populacional,97.9,static
1302,Baião,disparidade_ganho_mensal,6.4,static
1302,Baião,duracao_pendulares,26.9,static
1302,Baião,emissoes_gee_edificios,4.46,static
1302,Baião,emissoes_gee_transportes,15.93,static
1302,Baião,empresas_volume_negocios,138707,static
1302,Baião,indice_envelhecimento_edificios,710.3,static
1302,Baião,percentagem_poder_compra,0.104,static
1302,Baião,prop_agregados_unipessoais,19.81,static
1302,Baião,prop_alojamentos_arrendados,0.0222,static
1302,Baião,prop_alojamentos_locais,4.56,static
1302,Baião,prop_alojamentos_nao_classicos,0,static
1302,Baião,prop_alojamentos_sobrelotados,11.3812649164677,static
1302,Baião,prop_alojamentos_vagos,18.8,static
1302,Baião,prop_ar_condicionado,10.44152745,static
1302,Baião,prop_edificios_fora_urbano,21.6,static
1302,Baião,prop_ensino_secundario,27.34,static
1302,Baião,prop_habitacao_social,0.049554014,static
1302,Baião,prop_mais_20min_escola,89.8,static
1302,Baião,prop_mais_30min_hospital,30,static
1302,Baião,prop_modo_pedonal,13.5,static
1302,Baião,prop_nacionalidade_estrangeira,0.022,static
1302,Baião,prop_necessidade_reparacao,27.18,static
1302,Baião,prop_pop_65_mais,22.97,static
1302,Baião,prop_reabilitacao_edificado,35.3,static
1302,Baião,prop_risco_pobreza,32.09081935,static
1302,Baião,prop_sem_aquecimento,25.72,static
1302,Baião,prop_transporte_coletivo,27.4,static
1302,Baião,prop_vagos_bom_estado,38.434,static
1302,Baião,racio_vendas_estrangeiros,1,static
1302,Baião,risco_galgamentos_costeiros,0,static
1302,Baião,risco_incendio_rural,76.217,static
1302,Baião,risco_inundacao,0,static
1302,Baião,risco_movimento_massa,39.83,static
1302,Baião,risco_nevao,29.814,static
1302,Baião,risco_ondas_calor,66.743,static
1302,Baião,risco_ondas_frio,90.528,static
1302,Baião,risco_seca,33.333,static
1302,Baião,risco_sismo,33.333,static
1302,Baião,risco_tsunami,0,static
1302,Baião,taxa_bruta_natalidade,5.5,static
1302,Baião,taxa_crescimento_efetivo,-0.66,static
1302,Baião,taxa_desemprego,9.28,static
1302,Baião,taxa_esforco_arrendamento,19.00409802,static
1302,Baião,valor_mediano_vendas_m2,599,static
1303,Felgueiras,acessos_internet_banda_larga,35.5,static
1303,Felgueiras,certificacao_energetica_cf,46.13003096,static
1303,Felgueiras,coeficiente_gini,39,static
1303,Felgueiras,consumo_energia_eletrica,1265,static
1303,Felgueiras,densidade_populacional,477.1,static
1303,Felgueiras,disparidade_ganho_mensal,7.3,static
1303,Felgueiras,duracao_pendulares,14.71,static
1303,Felgueiras,emissoes_gee_edificios,10.73,static
1303,Felgueiras,emissoes_gee_transportes,84.99,static
1303,Felgueiras,empresas_volume_negocios,316801.5,static
1303,Felgueiras,indice_envelhecimento_edificios,481.3,static
1303,Felgueiras,percentagem_poder_compra,0.419,static
1303,Felgueiras,prop_agregados_unipessoais,15.15,static
1303,Felgueiras,prop_alojamentos_arrendados,0.0345,static
1303,Felgueiras,prop_alojamentos_locais,0,static
1303,Felgueiras,prop_alojamentos_nao_classicos,0,static
1303,Felgueiras,prop_alojamentos_sobrelotados,12.8675546619753,static
1303,Felgueiras,prop_alojamentos_vagos,11,static
1303,Felgueiras,prop_ar_condicionado,25.28776074,static
1303,Felgueiras,prop_edificios_fora_urbano,15.2,static
1303,Felgueiras,prop_ensino_secundario,32,static
1303,Felgueiras,prop_habitacao_social,0.730840669,static
1303,Felgueiras,prop_mais_20min_escola,67.27,static
1303,Felgueiras,prop_mais_30min_hospital,0,static
1303,Felgueiras,prop_modo_pedonal,17.3,static
1303,Felgueiras,prop_nacionalidade_estrangeira,0.036,static
1303,Felgueiras,prop_necessidade_reparacao,9.04,static
1303,Felgueiras,prop_pop_65_mais,18,static
1303,Felgueiras,prop_reabilitacao_edificado,4.3,static
1303,Felgueiras,prop_risco_pobreza,24.472103,static
1303,Felgueiras,prop_sem_aquecimento,27.86,static
1303,Felgueiras,prop_transporte_coletivo,12.6,static
1303,Felgueiras,prop_vagos_bom_estado,65.84838,static
1303,Felgueiras,racio_vendas_estrangeiros,1,static
1303,Felgueiras,risco_galgamentos_costeiros,0,static
1303,Felgueiras,risco_incendio_rural,45.96,static
1303,Felgueiras,risco_inundacao,0,static
1303,Felgueiras,risco_movimento_massa,12.981,static
1303,Felgueiras,risco_nevao,0.991,static
1303,Felgueiras,risco_ondas_calor,75,static
1303,Felgueiras,risco_ondas_frio,100,static
1303,Felgueiras,risco_seca,33.333,static
1303,Felgueiras,risco_sismo,33.333,static
1303,Felgueiras,risco_tsunami,0,static
1303,Felgueiras,taxa_bruta_natalidade,7.1,static
1303,Felgueiras,taxa_crescimento_efetivo,-0.37,static
1303,Felgueiras,taxa_desemprego,7.29,static
1303,Felgueiras,taxa_esforco_arrendamento,21.74543122,static
1303,Felgueiras,valor_mediano_vendas_m2,970,static
1304,Gondomar,acessos_internet_banda_larga,39.31,static
1304,Gondomar,certificacao_energetica_cf,56.41940086,static
1304,Gondomar,coeficiente_gini,42,static
1304,Gondomar,consumo_energia_eletrica,1238,static
1304,Gondomar,densidade_populacional,1284,static
1304,Gondomar,disparidade_ganho_mensal,4.2,static
1304,Gondomar,duracao_pendulares,23.45,static
1304,Gondomar,emissoes_gee_edificios,37.51,static
1304,Gondomar,emissoes_gee_transportes,248.97,static
1304,Gondomar,empresas_volume_negocios,216739.7,static
1304,Gondomar,indice_envelhecimento_edificios,1176.8,static
1304,Gondomar,percentagem_poder_compra,1.386,static
1304,Gondomar,prop_agregados_unipessoais,19.77,static
1304,Gondomar,prop_alojamentos_arrendados,0.087,static
1304,Gondomar,prop_alojamentos_locais,1.24,static
1304,Gondomar,prop_alojamentos_nao_classicos,0.02,static
1304,Gondomar,prop_alojamentos_sobrelotados,14.9481476853876,static
1304,Gondomar,prop_alojamentos_vagos,9.9,static
1304,Gondomar,prop_ar_condicionado,10.92646967,static
1304,Gondomar,prop_edificios_fora_urbano,2.4,static
1304,Gondomar,prop_ensino_secundario,44.13,static
1304,Gondomar,prop_habitacao_social,4.303431114,static
1304,Gondomar,prop_mais_20min_escola,40.07,static
1304,Gondomar,prop_mais_30min_hospital,0,static
1304,Gondomar,prop_modo_pedonal,11.1,static
1304,Gondomar,prop_nacionalidade_estrangeira,0.055,static
1304,Gondomar,prop_necessidade_reparacao,14.64,static
1304,Gondomar,prop_pop_65_mais,21.37,static
1304,Gondomar,prop_reabilitacao_edificado,0,static
1304,Gondomar,prop_risco_pobreza,19.40315638,static
1304,Gondomar,prop_sem_aquecimento,38.01,static
1304,Gondomar,prop_transporte_coletivo,22.4,static
1304,Gondomar,prop_vagos_bom_estado,60.45129,static
1304,Gondomar,racio_vendas_estrangeiros,1,static
1304,Gondomar,risco_galgamentos_costeiros,0,static
1304,Gondomar,risco_incendio_rural,51.364,static
1304,Gondomar,risco_inundacao,0,static
1304,Gondomar,risco_movimento_massa,8.987,static
1304,Gondomar,risco_nevao,0,static
1304,Gondomar,risco_ondas_calor,50,static
1304,Gondomar,risco_ondas_frio,73.647,static
1304,Gondomar,risco_seca,33.333,static
1304,Gondomar,risco_sismo,31.812,static
1304,Gondomar,risco_tsunami,0,static
1304,Gondomar,taxa_bruta_natalidade,6.8,static
1304,Gondomar,taxa_crescimento_efetivo,0.48,static
1304,Gondomar,taxa_desemprego,10.97,static
1304,Gondomar,taxa_esforco_arrendamento,40.7163609,static
1304,Gondomar,valor_mediano_vendas_m2,1746,static
1305,Lousada,acessos_internet_banda_larga,34.4,static
1305,Lousada,certificacao_energetica_cf,75.91973244,static
1305,Lousada,coeficiente_gini,39,static
1305,Lousada,consumo_energia_eletrica,1299.5,static
1305,Lousada,densidade_populacional,506.4,static
1305,Lousada,disparidade_ganho_mensal,6.8,static
1305,Lousada,duracao_pendulares,17.27,static
1305,Lousada,emissoes_gee_edificios,9.56,static
1305,Lousada,emissoes_gee_transportes,77.79,static
1305,Lousada,empresas_volume_negocios,236151.5,static
1305,Lousada,indice_envelhecimento_edificios,236.5,static
1305,Lousada,percentagem_poder_compra,0.339,static
1305,Lousada,prop_agregados_unipessoais,13.94,static
1305,Lousada,prop_alojamentos_arrendados,0.0637,static
1305,Lousada,prop_alojamentos_locais,0.99,static
1305,Lousada,prop_alojamentos_nao_classicos,0,static
1305,Lousada,prop_alojamentos_sobrelotados,13.564800957797,static
1305,Lousada,prop_alojamentos_vagos,9.6,static
1305,Lousada,prop_ar_condicionado,24.32205926,static
1305,Lousada,prop_edificios_fora_urbano,5,static
1305,Lousada,prop_ensino_secundario,32.33,static
1305,Lousada,prop_habitacao_social,1.407061267,static
1305,Lousada,prop_mais_20min_escola,60.06,static
1305,Lousada,prop_mais_30min_hospital,0,static
1305,Lousada,prop_modo_pedonal,12.5,static
1305,Lousada,prop_nacionalidade_estrangeira,0.035,static
1305,Lousada,prop_necessidade_reparacao,14.63,static
1305,Lousada,prop_pop_65_mais,15.38,static
1305,Lousada,prop_reabilitacao_edificado,17.5,static
1305,Lousada,prop_risco_pobreza,26.446183950000002,static
1305,Lousada,prop_sem_aquecimento,34,static
1305,Lousada,prop_transporte_coletivo,16.2,static
1305,Lousada,prop_vagos_bom_estado,56.0772,static
1305,Lousada,racio_vendas_estrangeiros,1,static
1305,Lousada,risco_galgamentos_costeiros,0,static
1305,Lousada,risco_incendio_rural,46.251,static
1305,Lousada,risco_inundacao,0,static
1305,Lousada,risco_movimento_massa,8.333,static
1305,Lousada,risco_nevao,1.023,static
1305,Lousada,risco_ondas_calor,57.552,static
1305,Lousada,risco_ondas_frio,100,static
1305,Lousada,risco_seca,33.333,static
1305,Lousada,risco_sismo,33.333,static
1305,Lousada,risco_tsunami,0,static
1305,Lousada,taxa_bruta_natalidade,7.5,static
1305,Lousada,taxa_crescimento_efetivo,0.71,static
1305,Lousada,taxa_desemprego,7.63,static
1305,Lousada,taxa_esforco_arrendamento,25.40767,static
1305,Lousada,valor_mediano_vendas_m2,1117,static
1306,Maia,acessos_internet_banda_larga,42,static
1306,Maia,certificacao_energetica_cf,50.60240964,static
1306,Maia,coeficiente_gini,45.1,static
1306,Maia,consumo_energia_eletrica,1317.8,static
1306,Maia,densidade_populacional,1744,static
1306,Maia,disparidade_ganho_mensal,9.3,static
1306,Maia,duracao_pendulares,20.48,static
1306,Maia,emissoes_gee_edificios,34.01,static
1306,Maia,emissoes_gee_transportes,307.74,static
1306,Maia,empresas_volume_negocios,526515.8,static
1306,Maia,indice_envelhecimento_edificios,1063.3,static
1306,Maia,percentagem_poder_compra,1.438,static
1306,Maia,prop_agregados_unipessoais,19.77,static
1306,Maia,prop_alojamentos_arrendados,0.0699,static
1306,Maia,prop_alojamentos_locais,0.99,static
1306,Maia,prop_alojamentos_nao_classicos,0.09,static
1306,Maia,prop_alojamentos_sobrelotados,12.7980189657158,static
1306,Maia,prop_alojamentos_vagos,8.2,static
1306,Maia,prop_ar_condicionado,10.571275,static
1306,Maia,prop_edificios_fora_urbano,3.5,static
1306,Maia,prop_ensino_secundario,53.42,static
1306,Maia,prop_habitacao_social,4.160693563,static
1306,Maia,prop_mais_20min_escola,44.03,static
1306,Maia,prop_mais_30min_hospital,0,static
1306,Maia,prop_modo_pedonal,11.4,static
1306,Maia,prop_nacionalidade_estrangeira,0.066,static
1306,Maia,prop_necessidade_reparacao,11.28,static
1306,Maia,prop_pop_65_mais,19.36,static
1306,Maia,prop_reabilitacao_edificado,23.4,static
1306,Maia,prop_risco_pobreza,15.09859155,static
1306,Maia,prop_sem_aquecimento,29,static
1306,Maia,prop_transporte_coletivo,14.4,static
1306,Maia,prop_vagos_bom_estado,65.67501,static
1306,Maia,racio_vendas_estrangeiros,1,static
1306,Maia,risco_galgamentos_costeiros,0,static
1306,Maia,risco_incendio_rural,24.929,static
1306,Maia,risco_inundacao,0,static
1306,Maia,risco_movimento_massa,0.355,static
1306,Maia,risco_nevao,0,static
1306,Maia,risco_ondas_calor,45.494,static
1306,Maia,risco_ondas_frio,100,static
1306,Maia,risco_seca,33.333,static
1306,Maia,risco_sismo,35.638,static
1306,Maia,risco_tsunami,0,static
1306,Maia,taxa_bruta_natalidade,6.8,static
1306,Maia,taxa_crescimento_efetivo,1.44,static
1306,Maia,taxa_desemprego,8.7,static
1306,Maia,taxa_esforco_arrendamento,38.67380674,static
1306,Maia,valor_mediano_vendas_m2,2046,static
1307,Marco de Canaveses,acessos_internet_banda_larga,36.62,static
1307,Marco de Canaveses,certificacao_energetica_cf,66.66666667,static
1307,Marco de Canaveses,coeficiente_gini,41.2,static
1307,Marco de Canaveses,consumo_energia_eletrica,1448.4,static
1307,Marco de Canaveses,densidade_populacional,245.2,static
1307,Marco de Canaveses,disparidade_ganho_mensal,6.8,static
1307,Marco de Canaveses,duracao_pendulares,21.8,static
1307,Marco de Canaveses,emissoes_gee_edificios,7.01,static
1307,Marco de Canaveses,emissoes_gee_transportes,63.28,static
1307,Marco de Canaveses,empresas_volume_negocios,303735.4,static
1307,Marco de Canaveses,indice_envelhecimento_edificios,423,static
1307,Marco de Canaveses,percentagem_poder_compra,0.352,static
1307,Marco de Canaveses,prop_agregados_unipessoais,16.38,static
1307,Marco de Canaveses,prop_alojamentos_arrendados,0.0201,static
1307,Marco de Canaveses,prop_alojamentos_locais,2.44,static
1307,Marco de Canaveses,prop_alojamentos_nao_classicos,0,static
1307,Marco de Canaveses,prop_alojamentos_sobrelotados,13.35,static
1307,Marco de Canaveses,prop_alojamentos_vagos,12,static
1307,Marco de Canaveses,prop_ar_condicionado,21.36111111,static
1307,Marco de Canaveses,prop_edificios_fora_urbano,28.3,static
1307,Marco de Canaveses,prop_ensino_secundario,32.1,static
1307,Marco de Canaveses,prop_habitacao_social,0.328275752,static
1307,Marco de Canaveses,prop_mais_20min_escola,77.01,static
1307,Marco de Canaveses,prop_mais_30min_hospital,12,static
1307,Marco de Canaveses,prop_modo_pedonal,14.3,static
1307,Marco de Canaveses,prop_nacionalidade_estrangeira,0.039,static
1307,Marco de Canaveses,prop_necessidade_reparacao,13.95,static
1307,Marco de Canaveses,prop_pop_65_mais,18.2,static
1307,Marco de Canaveses,prop_reabilitacao_edificado,7.7,static
1307,Marco de Canaveses,prop_risco_pobreza,31.68473896,static
1307,Marco de Canaveses,prop_sem_aquecimento,27.2,static
1307,Marco de Canaveses,prop_transporte_coletivo,19.8,static
1307,Marco de Canaveses,prop_vagos_bom_estado,48.40849,static
1307,Marco de Canaveses,racio_vendas_estrangeiros,1.087002096,static
1307,Marco de Canaveses,risco_galgamentos_costeiros,0,static
1307,Marco de Canaveses,risco_incendio_rural,60.348,static
1307,Marco de Canaveses,risco_inundacao,0,static
1307,Marco de Canaveses,risco_movimento_massa,25.677,static
1307,Marco de Canaveses,risco_nevao,5.401,static
1307,Marco de Canaveses,risco_ondas_calor,53.38,static
1307,Marco de Canaveses,risco_ondas_frio,87.626,static
1307,Marco de Canaveses,risco_seca,33.333,static
1307,Marco de Canaveses,risco_sismo,33.333,static
1307,Marco de Canaveses,risco_tsunami,0,static
1307,Marco de Canaveses,taxa_bruta_natalidade,6.8,static
1307,Marco de Canaveses,taxa_crescimento_efetivo,-0.15,static
1307,Marco de Canaveses,taxa_desemprego,9.3,static
1307,Marco de Canaveses,taxa_esforco_arrendamento,27.27569775,static
1307,Marco de Canaveses,valor_mediano_vendas_m2,991,static
1308,Matosinhos,acessos_internet_banda_larga,45.08,static
1308,Matosinhos,certificacao_energetica_cf,56.33802817,static
1308,Matosinhos,coeficiente_gini,46.4,static
1308,Matosinhos,consumo_energia_eletrica,1297.6,static
1308,Matosinhos,densidade_populacional,2900.4,static
1308,Matosinhos,disparidade_ganho_mensal,9.2,static
1308,Matosinhos,duracao_pendulares,19.66,static
1308,Matosinhos,emissoes_gee_edificios,55,static
1308,Matosinhos,emissoes_gee_transportes,361.61,static
1308,Matosinhos,empresas_volume_negocios,652082.1,static
1308,Matosinhos,indice_envelhecimento_edificios,1058.1,static
1308,Matosinhos,percentagem_poder_compra,2.019,static
1308,Matosinhos,prop_agregados_unipessoais,24.26,static
1308,Matosinhos,prop_alojamentos_arrendados,0.1268,static
1308,Matosinhos,prop_alojamentos_locais,3.7,static
1308,Matosinhos,prop_alojamentos_nao_classicos,0,static
1308,Matosinhos,prop_alojamentos_sobrelotados,14.210578970687,static
1308,Matosinhos,prop_alojamentos_vagos,8.5,static
1308,Matosinhos,prop_ar_condicionado,6.301362032,static
1308,Matosinhos,prop_edificios_fora_urbano,0.9,static
1308,Matosinhos,prop_ensino_secundario,50.32,static
1308,Matosinhos,prop_habitacao_social,5.351199535,static
1308,Matosinhos,prop_mais_20min_escola,33.41,static
1308,Matosinhos,prop_mais_30min_hospital,0,static
1308,Matosinhos,prop_modo_pedonal,15.2,static
1308,Matosinhos,prop_nacionalidade_estrangeira,0.086,static
1308,Matosinhos,prop_necessidade_reparacao,9.09,static
1308,Matosinhos,prop_pop_65_mais,22.89,static
1308,Matosinhos,prop_reabilitacao_edificado,23.6,static
1308,Matosinhos,prop_risco_pobreza,16.03400121,static
1308,Matosinhos,prop_sem_aquecimento,35.59,static
1308,Matosinhos,prop_transporte_coletivo,17.2,static
1308,Matosinhos,prop_vagos_bom_estado,76.80148,static
1308,Matosinhos,racio_vendas_estrangeiros,1.136221702,static
1308,Matosinhos,risco_galgamentos_costeiros,13.677,static
1308,Matosinhos,risco_incendio_rural,12.514,static
1308,Matosinhos,risco_inundacao,0,static
1308,Matosinhos,risco_movimento_massa,0.261,static
1308,Matosinhos,risco_nevao,0,static
1308,Matosinhos,risco_ondas_calor,27.03,static
1308,Matosinhos,risco_ondas_frio,90.455,static
1308,Matosinhos,risco_seca,33.333,static
1308,Matosinhos,risco_sismo,37.805,static
1308,Matosinhos,risco_tsunami,4.833,static
1308,Matosinhos,taxa_bruta_natalidade,6.4,static
1308,Matosinhos,taxa_crescimento_efetivo,0.83,static
1308,Matosinhos,taxa_desemprego,10.02,static
1308,Matosinhos,taxa_esforco_arrendamento,52.75369399,static
1308,Matosinhos,valor_mediano_vendas_m2,2583,static
1309,Paços de Ferreira,acessos_internet_banda_larga,35.32,static
1309,Paços de Ferreira,certificacao_energetica_cf,44.88087572,static
1309,Paços de Ferreira,coeficiente_gini,38.7,static
1309,Paços de Ferreira,consumo_energia_eletrica,1273,static
1309,Paços de Ferreira,densidade_populacional,789.8,static
1309,Paços de Ferreira,disparidade_ganho_mensal,5.6,static
1309,Paços de Ferreira,duracao_pendulares,14.87,static
1309,Paços de Ferreira,emissoes_gee_edificios,22.21,static
1309,Paços de Ferreira,emissoes_gee_transportes,88.29,static
1309,Paços de Ferreira,empresas_volume_negocios,305630,static
1309,Paços de Ferreira,indice_envelhecimento_edificios,285.4,static
1309,Paços de Ferreira,percentagem_poder_compra,0.433,static
1309,Paços de Ferreira,prop_agregados_unipessoais,13.92,static
1309,Paços de Ferreira,prop_alojamentos_arrendados,0.0425,static
1309,Paços de Ferreira,prop_alojamentos_locais,1.03,static
1309,Paços de Ferreira,prop_alojamentos_nao_classicos,0.03,static
1309,Paços de Ferreira,prop_alojamentos_sobrelotados,15.7368117764157,static
1309,Paços de Ferreira,prop_alojamentos_vagos,8.8,static
1309,Paços de Ferreira,prop_ar_condicionado,21.39975902,static
1309,Paços de Ferreira,prop_edificios_fora_urbano,2.3,static
1309,Paços de Ferreira,prop_ensino_secundario,31.8,static
1309,Paços de Ferreira,prop_habitacao_social,1.062650157,static
1309,Paços de Ferreira,prop_mais_20min_escola,66.24,static
1309,Paços de Ferreira,prop_mais_30min_hospital,0,static
1309,Paços de Ferreira,prop_modo_pedonal,14.7,static
1309,Paços de Ferreira,prop_nacionalidade_estrangeira,0.03,static
1309,Paços de Ferreira,prop_necessidade_reparacao,11.6,static
1309,Paços de Ferreira,prop_pop_65_mais,16.27,static
1309,Paços de Ferreira,prop_reabilitacao_edificado,22.2,static
1309,Paços de Ferreira,prop_risco_pobreza,26.49595142,static
1309,Paços de Ferreira,prop_sem_aquecimento,34.4,static
1309,Paços de Ferreira,prop_transporte_coletivo,10.8,static
1309,Paços de Ferreira,prop_vagos_bom_estado,65.24607,static
1309,Paços de Ferreira,racio_vendas_estrangeiros,1,static
1309,Paços de Ferreira,risco_galgamentos_costeiros,0,static
1309,Paços de Ferreira,risco_incendio_rural,42.108,static
1309,Paços de Ferreira,risco_inundacao,0,static
1309,Paços de Ferreira,risco_movimento_massa,4.301,static
1309,Paços de Ferreira,risco_nevao,0.468,static
1309,Paços de Ferreira,risco_ondas_calor,50,static
1309,Paços de Ferreira,risco_ondas_frio,100,static
1309,Paços de Ferreira,risco_seca,33.333,static
1309,Paços de Ferreira,risco_sismo,33.333,static
1309,Paços de Ferreira,risco_tsunami,0,static
1309,Paços de Ferreira,taxa_bruta_natalidade,7.6,static
1309,Paços de Ferreira,taxa_crescimento_efetivo,0.16,static
1309,Paços de Ferreira,taxa_desemprego,7.67,static
1309,Paços de Ferreira,taxa_esforco_arrendamento,29.19675852,static
1309,Paços de Ferreira,valor_mediano_vendas_m2,1167,static
1310,Paredes,acessos_internet_banda_larga,35.84,static
1310,Paredes,certificacao_energetica_cf,49.4047619,static
1310,Paredes,coeficiente_gini,41.4,static
1310,Paredes,consumo_energia_eletrica,1325.4,static
1310,Paredes,densidade_populacional,552.2,static
1310,Paredes,disparidade_ganho_mensal,3.9,static
1310,Paredes,duracao_pendulares,19.05,static
1310,Paredes,emissoes_gee_edificios,18.07,static
1310,Paredes,emissoes_gee_transportes,175.12,static
1310,Paredes,empresas_volume_negocios,298769.1,static
1310,Paredes,indice_envelhecimento_edificios,449.4,static
1310,Paredes,percentagem_poder_compra,0.646,static
1310,Paredes,prop_agregados_unipessoais,15.32,static
1310,Paredes,prop_alojamentos_arrendados,0.0296,static
1310,Paredes,prop_alojamentos_locais,0.75,static
1310,Paredes,prop_alojamentos_nao_classicos,0.11,static
1310,Paredes,prop_alojamentos_sobrelotados,15.8268841133291,static
1310,Paredes,prop_alojamentos_vagos,9.2,static
1310,Paredes,prop_ar_condicionado,19.06865513,static
1310,Paredes,prop_edificios_fora_urbano,3.3,static
1310,Paredes,prop_ensino_secundario,36.3,static
1310,Paredes,prop_habitacao_social,0.473663186,static
1310,Paredes,prop_mais_20min_escola,65.48,static
1310,Paredes,prop_mais_30min_hospital,0,static
1310,Paredes,prop_modo_pedonal,12.1,static
1310,Paredes,prop_nacionalidade_estrangeira,0.038,static
1310,Paredes,prop_necessidade_reparacao,15.42,static
1310,Paredes,prop_pop_65_mais,16.35,static
1310,Paredes,prop_reabilitacao_edificado,8.6,static
1310,Paredes,prop_risco_pobreza,28.40804598,static
1310,Paredes,prop_sem_aquecimento,36.91,static
1310,Paredes,prop_transporte_coletivo,17.2,static
1310,Paredes,prop_vagos_bom_estado,56.26699,static
1310,Paredes,racio_vendas_estrangeiros,1,static
1310,Paredes,risco_galgamentos_costeiros,0,static
1310,Paredes,risco_incendio_rural,54.848,static
1310,Paredes,risco_inundacao,0,static
1310,Paredes,risco_movimento_massa,9.057,static
1310,Paredes,risco_nevao,0.001,static
1310,Paredes,risco_ondas_calor,50,static
1310,Paredes,risco_ondas_frio,95.702,static
1310,Paredes,risco_seca,33.333,static
1310,Paredes,risco_sismo,33.333,static
1310,Paredes,risco_tsunami,0,static
1310,Paredes,taxa_bruta_natalidade,7.6,static
1310,Paredes,taxa_crescimento_efetivo,0.63,static
1310,Paredes,taxa_desemprego,8.73,static
1310,Paredes,taxa_esforco_arrendamento,32.96915168,static
1310,Paredes,valor_mediano_vendas_m2,1398,static
1311,Penafiel,acessos_internet_banda_larga,34.63,static
1311,Penafiel,certificacao_energetica_cf,38.3360522,static
1311,Penafiel,coeficiente_gini,41.4,static
1311,Penafiel,consumo_energia_eletrica,1358.3,static
1311,Penafiel,densidade_populacional,331.8,static
1311,Penafiel,disparidade_ganho_mensal,4.8,static
1311,Penafiel,duracao_pendulares,22.03,static
1311,Penafiel,emissoes_gee_edificios,15.9,static
1311,Penafiel,emissoes_gee_transportes,121.91,static
1311,Penafiel,empresas_volume_negocios,253485.2,static
1311,Penafiel,indice_envelhecimento_edificios,366.6,static
1311,Penafiel,percentagem_poder_compra,0.534,static
1311,Penafiel,prop_agregados_unipessoais,16.64,static
1311,Penafiel,prop_alojamentos_arrendados,0.0821,static
1311,Penafiel,prop_alojamentos_locais,1.55,static
1311,Penafiel,prop_alojamentos_nao_classicos,0,static
1311,Penafiel,prop_alojamentos_sobrelotados,14.404861193852,static
1311,Penafiel,prop_alojamentos_vagos,11.5,static
1311,Penafiel,prop_ar_condicionado,20.49723976,static
1311,Penafiel,prop_edificios_fora_urbano,12.8,static
1311,Penafiel,prop_ensino_secundario,35.76,static
1311,Penafiel,prop_habitacao_social,0.849723124,static
1311,Penafiel,prop_mais_20min_escola,78.47,static
1311,Penafiel,prop_mais_30min_hospital,0,static
1311,Penafiel,prop_modo_pedonal,11.4,static
1311,Penafiel,prop_nacionalidade_estrangeira,0.032,static
1311,Penafiel,prop_necessidade_reparacao,14.96,static
1311,Penafiel,prop_pop_65_mais,17.8,static
1311,Penafiel,prop_reabilitacao_edificado,32.6,static
1311,Penafiel,prop_risco_pobreza,26.65784114,static
1311,Penafiel,prop_sem_aquecimento,32.96,static
1311,Penafiel,prop_transporte_coletivo,21.9,static
1311,Penafiel,prop_vagos_bom_estado,52.75956,static
1311,Penafiel,racio_vendas_estrangeiros,1,static
1311,Penafiel,risco_galgamentos_costeiros,0,static
1311,Penafiel,risco_incendio_rural,56.991,static
1311,Penafiel,risco_inundacao,0,static
1311,Penafiel,risco_movimento_massa,13.862,static
1311,Penafiel,risco_nevao,0.323,static
1311,Penafiel,risco_ondas_calor,50,static
1311,Penafiel,risco_ondas_frio,95.08,static
1311,Penafiel,risco_seca,33.333,static
1311,Penafiel,risco_sismo,33.333,static
1311,Penafiel,risco_tsunami,0,static
1311,Penafiel,taxa_bruta_natalidade,7.4,static
1311,Penafiel,taxa_crescimento_efetivo,0.14,static
1311,Penafiel,taxa_desemprego,8.03,static
1311,Penafiel,taxa_esforco_arrendamento,29.24929798,static
1311,Penafiel,valor_mediano_vendas_m2,1124,static
1312,Porto,acessos_internet_banda_larga,54.33,static
1312,Porto,certificacao_energetica_cf,39.02844094,static
1312,Porto,coeficiente_gini,53.7,static
1312,Porto,consumo_energia_eletrica,1752.5,static
1312,Porto,densidade_populacional,6100.6,static
1312,Porto,disparidade_ganho_mensal,12.7,static
1312,Porto,duracao_pendulares,20.33,static
1312,Porto,emissoes_gee_edificios,80.9,static
1312,Porto,emissoes_gee_transportes,463.01,static
1312,Porto,empresas_volume_negocios,397996.6,static
1312,Porto,indice_envelhecimento_edificios,1598.4,static
1312,Porto,percentagem_poder_compra,3.792,static
1312,Porto,prop_agregados_unipessoais,32.66,static
1312,Porto,prop_alojamentos_arrendados,0.1406,static
1312,Porto,prop_alojamentos_locais,33.24,static
1312,Porto,prop_alojamentos_nao_classicos,0.01,static
1312,Porto,prop_alojamentos_sobrelotados,15.7444682789221,static
1312,Porto,prop_alojamentos_vagos,15.2,static
1312,Porto,prop_ar_condicionado,8.024056498,static
1312,Porto,prop_edificios_fora_urbano,0,static
1312,Porto,prop_ensino_secundario,58.36,static
1312,Porto,prop_habitacao_social,10.594638,static
1312,Porto,prop_mais_20min_escola,6.28,static
1312,Porto,prop_mais_30min_hospital,0,static
1312,Porto,prop_modo_pedonal,22.3,static
1312,Porto,prop_nacionalidade_estrangeira,0.23,static
1312,Porto,prop_necessidade_reparacao,12.89,static
1312,Porto,prop_pop_65_mais,25.97,static
1312,Porto,prop_reabilitacao_edificado,64.8,static
1312,Porto,prop_risco_pobreza,18.26096257,static
1312,Porto,prop_sem_aquecimento,31.8,static
1312,Porto,prop_transporte_coletivo,22,static
1312,Porto,prop_vagos_bom_estado,75.69314,static
1312,Porto,racio_vendas_estrangeiros,1.315149409,static
1312,Porto,risco_galgamentos_costeiros,4.542,static
1312,Porto,risco_incendio_rural,4.757,static
1312,Porto,risco_inundacao,5.348,static
1312,Porto,risco_movimento_massa,0.63,static
1312,Porto,risco_nevao,0,static
1312,Porto,risco_ondas_calor,31.834,static
1312,Porto,risco_ondas_frio,69.063,static
1312,Porto,risco_seca,33.333,static
1312,Porto,risco_sismo,28.72,static
1312,Porto,risco_tsunami,1.896,static
1312,Porto,taxa_bruta_natalidade,7.6,static
1312,Porto,taxa_crescimento_efetivo,1.56,static
1312,Porto,taxa_desemprego,11.71,static
1312,Porto,taxa_esforco_arrendamento,67.5072,static
1312,Porto,valor_mediano_vendas_m2,2984,static
1313,Póvoa de Varzim,acessos_internet_banda_larga,42.89,static
1313,Póvoa de Varzim,certificacao_energetica_cf,40.54524362,static
1313,Póvoa de Varzim,coeficiente_gini,44.7,static
1313,Póvoa de Varzim,consumo_energia_eletrica,1326.7,static
1313,Póvoa de Varzim,densidade_populacional,832.7,static
1313,Póvoa de Varzim,disparidade_ganho_mensal,7.2,static
1313,Póvoa de Varzim,duracao_pendulares,18.96,static
1313,Póvoa de Varzim,emissoes_gee_edificios,21.17,static
1313,Póvoa de Varzim,emissoes_gee_transportes,113.65,static
1313,Póvoa de Varzim,empresas_volume_negocios,233128.5,static
1313,Póvoa de Varzim,indice_envelhecimento_edificios,285.8,static
1313,Póvoa de Varzim,percentagem_poder_compra,0.603,static
1313,Póvoa de Varzim,prop_agregados_unipessoais,19.55,static
1313,Póvoa de Varzim,prop_alojamentos_arrendados,0.0554,static
1313,Póvoa de Varzim,prop_alojamentos_locais,5.47,static
1313,Póvoa de Varzim,prop_alojamentos_nao_classicos,0.04,static
1313,Póvoa de Varzim,prop_alojamentos_sobrelotados,13.2406854804331,static
1313,Póvoa de Varzim,prop_alojamentos_vagos,7.3,static
1313,Póvoa de Varzim,prop_ar_condicionado,4.130786938,static
1313,Póvoa de Varzim,prop_edificios_fora_urbano,2.7,static
1313,Póvoa de Varzim,prop_ensino_secundario,42.46,static
1313,Póvoa de Varzim,prop_habitacao_social,1.344809037,static
1313,Póvoa de Varzim,prop_mais_20min_escola,46.97,static
1313,Póvoa de Varzim,prop_mais_30min_hospital,0,static
1313,Póvoa de Varzim,prop_modo_pedonal,18.9,static
1313,Póvoa de Varzim,prop_nacionalidade_estrangeira,0.105,static
1313,Póvoa de Varzim,prop_necessidade_reparacao,11.64,static
1313,Póvoa de Varzim,prop_pop_65_mais,20.58,static
1313,Póvoa de Varzim,prop_reabilitacao_edificado,1.8,static
1313,Póvoa de Varzim,prop_risco_pobreza,23.17348609,static
1313,Póvoa de Varzim,prop_sem_aquecimento,40.57,static
1313,Póvoa de Varzim,prop_transporte_coletivo,11.9,static
1313,Póvoa de Varzim,prop_vagos_bom_estado,67.62808,static
1313,Póvoa de Varzim,racio_vendas_estrangeiros,1,static
1313,Póvoa de Varzim,risco_galgamentos_costeiros,18.442,static
1313,Póvoa de Varzim,risco_incendio_rural,24.041,static
1313,Póvoa de Varzim,risco_inundacao,0,static
1313,Póvoa de Varzim,risco_movimento_massa,0.72,static
1313,Póvoa de Varzim,risco_nevao,0,static
1313,Póvoa de Varzim,risco_ondas_calor,32.345,static
1313,Póvoa de Varzim,risco_ondas_frio,99.813,static
1313,Póvoa de Varzim,risco_seca,33.333,static
1313,Póvoa de Varzim,risco_sismo,43.028,static
1313,Póvoa de Varzim,risco_tsunami,5.238,static
1313,Póvoa de Varzim,taxa_bruta_natalidade,7.8,static
1313,Póvoa de Varzim,taxa_crescimento_efetivo,1.37,static
1313,Póvoa de Varzim,taxa_desemprego,8.26,static
1313,Póvoa de Varzim,taxa_esforco_arrendamento,42.7157229,static
1313,Póvoa de Varzim,valor_mediano_vendas_m2,1921,static
1314,Santo Tirso,acessos_internet_banda_larga,37.16,static
1314,Santo Tirso,certificacao_energetica_cf,52.44909191,static
1314,Santo Tirso,coeficiente_gini,41.3,static
1314,Santo Tirso,consumo_energia_eletrica,1339.3,static
1314,Santo Tirso,densidade_populacional,495.8,static
1314,Santo Tirso,disparidade_ganho_mensal,8.4,static
1314,Santo Tirso,duracao_pendulares,17.51,static
1314,Santo Tirso,emissoes_gee_edificios,20.63,static
1314,Santo Tirso,emissoes_gee_transportes,106.29,static
1314,Santo Tirso,empresas_volume_negocios,380313,static
1314,Santo Tirso,indice_envelhecimento_edificios,583.8,static
1314,Santo Tirso,percentagem_poder_compra,0.553,static
1314,Santo Tirso,prop_agregados_unipessoais,17.62,static
1314,Santo Tirso,prop_alojamentos_arrendados,0.092,static
1314,Santo Tirso,prop_alojamentos_locais,0.58,static
1314,Santo Tirso,prop_alojamentos_nao_classicos,0,static
1314,Santo Tirso,prop_alojamentos_sobrelotados,11.0196526328226,static
1314,Santo Tirso,prop_alojamentos_vagos,10.7,static
1314,Santo Tirso,prop_ar_condicionado,24.72135796,static
1314,Santo Tirso,prop_edificios_fora_urbano,5.8,static
1314,Santo Tirso,prop_ensino_secundario,36.3,static
1314,Santo Tirso,prop_habitacao_social,1.72646256,static
1314,Santo Tirso,prop_mais_20min_escola,61.11,static
1314,Santo Tirso,prop_mais_30min_hospital,0,static
1314,Santo Tirso,prop_modo_pedonal,13,static
1314,Santo Tirso,prop_nacionalidade_estrangeira,0.031,static
1314,Santo Tirso,prop_necessidade_reparacao,9.41,static
1314,Santo Tirso,prop_pop_65_mais,24.62,static
1314,Santo Tirso,prop_reabilitacao_edificado,18.8,static
1314,Santo Tirso,prop_risco_pobreza,18.53594771,static
1314,Santo Tirso,prop_sem_aquecimento,28.08,static
1314,Santo Tirso,prop_transporte_coletivo,11.5,static
1314,Santo Tirso,prop_vagos_bom_estado,66.27273,static
1314,Santo Tirso,racio_vendas_estrangeiros,1,static
1314,Santo Tirso,risco_galgamentos_costeiros,0,static
1314,Santo Tirso,risco_incendio_rural,48.874,static
1314,Santo Tirso,risco_inundacao,0,static
1314,Santo Tirso,risco_movimento_massa,10.46,static
1314,Santo Tirso,risco_nevao,0.012,static
1314,Santo Tirso,risco_ondas_calor,50.504,static
1314,Santo Tirso,risco_ondas_frio,100,static
1314,Santo Tirso,risco_seca,33.333,static
1314,Santo Tirso,risco_sismo,33.333,static
1314,Santo Tirso,risco_tsunami,0,static
1314,Santo Tirso,taxa_bruta_natalidade,6.1,static
1314,Santo Tirso,taxa_crescimento_efetivo,-0.17,static
1314,Santo Tirso,taxa_desemprego,7.7,static
1314,Santo Tirso,taxa_esforco_arrendamento,25.92481203,static
1314,Santo Tirso,valor_mediano_vendas_m2,1197,static
1315,Valongo,acessos_internet_banda_larga,39.05,static
1315,Valongo,certificacao_energetica_cf,54.29432446,static
1315,Valongo,coeficiente_gini,41.5,static
1315,Valongo,consumo_energia_eletrica,1216.2,static
1315,Valongo,densidade_populacional,1350.7,static
1315,Valongo,disparidade_ganho_mensal,7.9,static
1315,Valongo,duracao_pendulares,22.08,static
1315,Valongo,emissoes_gee_edificios,19.87,static
1315,Valongo,emissoes_gee_transportes,187.77,static
1315,Valongo,empresas_volume_negocios,212840.8,static
1315,Valongo,indice_envelhecimento_edificios,679.6,static
1315,Valongo,percentagem_poder_compra,0.871,static
1315,Valongo,prop_agregados_unipessoais,19.27,static
1315,Valongo,prop_alojamentos_arrendados,0.0611,static
1315,Valongo,prop_alojamentos_locais,0,static
1315,Valongo,prop_alojamentos_nao_classicos,0.02,static
1315,Valongo,prop_alojamentos_sobrelotados,14.9026248941574,static
1315,Valongo,prop_alojamentos_vagos,7,static
1315,Valongo,prop_ar_condicionado,12.3569419,static
1315,Valongo,prop_edificios_fora_urbano,3,static
1315,Valongo,prop_ensino_secundario,45.11,static
1315,Valongo,prop_habitacao_social,2.796157428,static
1315,Valongo,prop_mais_20min_escola,35.22,static
1315,Valongo,prop_mais_30min_hospital,0,static
1315,Valongo,prop_modo_pedonal,13.2,static
1315,Valongo,prop_nacionalidade_estrangeira,0.047,static
1315,Valongo,prop_necessidade_reparacao,12.53,static
1315,Valongo,prop_pop_65_mais,19.44,static
1315,Valongo,prop_reabilitacao_edificado,6.7,static
1315,Valongo,prop_risco_pobreza,18.00691563,static
1315,Valongo,prop_sem_aquecimento,34.92,static
1315,Valongo,prop_transporte_coletivo,18.5,static
1315,Valongo,prop_vagos_bom_estado,63.64569,static
1315,Valongo,racio_vendas_estrangeiros,1,static
1315,Valongo,risco_galgamentos_costeiros,0,static
1315,Valongo,risco_incendio_rural,55.829,static
1315,Valongo,risco_inundacao,0,static
1315,Valongo,risco_movimento_massa,8.415,static
1315,Valongo,risco_nevao,0,static
1315,Valongo,risco_ondas_calor,50,static
1315,Valongo,risco_ondas_frio,100,static
1315,Valongo,risco_seca,33.333,static
1315,Valongo,risco_sismo,33.333,static
1315,Valongo,risco_tsunami,0,static
1315,Valongo,taxa_bruta_natalidade,7.1,static
1315,Valongo,taxa_crescimento_efetivo,1.29,static
1315,Valongo,taxa_desemprego,10.02,static
1315,Valongo,taxa_esforco_arrendamento,39.86027812,static
1315,Valongo,valor_mediano_vendas_m2,1729,static
1316,Vila do Conde,acessos_internet_banda_larga,40.45,static
1316,Vila do Conde,certificacao_energetica_cf,39.12380952,static
1316,Vila do Conde,coeficiente_gini,44,static
1316,Vila do Conde,consumo_energia_eletrica,1331.9,static
1316,Vila do Conde,densidade_populacional,576.2,static
1316,Vila do Conde,disparidade_ganho_mensal,6.7,static
1316,Vila do Conde,duracao_pendulares,19.7,static
1316,Vila do Conde,emissoes_gee_edificios,19.84,static
1316,Vila do Conde,emissoes_gee_transportes,162.97,static
1316,Vila do Conde,empresas_volume_negocios,340462.9,static
1316,Vila do Conde,indice_envelhecimento_edificios,537.2,static
1316,Vila do Conde,percentagem_poder_compra,0.751,static
1316,Vila do Conde,prop_agregados_unipessoais,17.87,static
1316,Vila do Conde,prop_alojamentos_arrendados,0.0568,static
1316,Vila do Conde,prop_alojamentos_locais,0,static
1316,Vila do Conde,prop_alojamentos_nao_classicos,0.46,static
1316,Vila do Conde,prop_alojamentos_sobrelotados,12.9630265371279,static
1316,Vila do Conde,prop_alojamentos_vagos,7.1,static
1316,Vila do Conde,prop_ar_condicionado,6.210305881,static
1316,Vila do Conde,prop_edificios_fora_urbano,4.1,static
1316,Vila do Conde,prop_ensino_secundario,41.91,static
1316,Vila do Conde,prop_habitacao_social,2.357140982,static
1316,Vila do Conde,prop_mais_20min_escola,65.48,static
1316,Vila do Conde,prop_mais_30min_hospital,1,static
1316,Vila do Conde,prop_modo_pedonal,14.2,static
1316,Vila do Conde,prop_nacionalidade_estrangeira,0.069,static
1316,Vila do Conde,prop_necessidade_reparacao,7.49,static
1316,Vila do Conde,prop_pop_65_mais,20.33,static
1316,Vila do Conde,prop_reabilitacao_edificado,33.3,static
1316,Vila do Conde,prop_risco_pobreza,19.03244838,static
1316,Vila do Conde,prop_sem_aquecimento,38.08,static
1316,Vila do Conde,prop_transporte_coletivo,13.3,static
1316,Vila do Conde,prop_vagos_bom_estado,71.82583,static
1316,Vila do Conde,racio_vendas_estrangeiros,1,static
1316,Vila do Conde,risco_galgamentos_costeiros,7.814,static
1316,Vila do Conde,risco_incendio_rural,27.789,static
1316,Vila do Conde,risco_inundacao,0,static
1316,Vila do Conde,risco_movimento_massa,1.495,static
1316,Vila do Conde,risco_nevao,0,static
1316,Vila do Conde,risco_ondas_calor,33.133,static
1316,Vila do Conde,risco_ondas_frio,99.95,static
1316,Vila do Conde,risco_seca,33.333,static
1316,Vila do Conde,risco_sismo,40.069,static
1316,Vila do Conde,risco_tsunami,2.825,static
1316,Vila do Conde,taxa_bruta_natalidade,7,static
1316,Vila do Conde,taxa_crescimento_efetivo,1.17,static
1316,Vila do Conde,taxa_desemprego,7.78,static
1316,Vila do Conde,taxa_esforco_arrendamento,39.03127506,static
1316,Vila do Conde,valor_mediano_vendas_m2,2086,static
1317,Vila Nova de Gaia,acessos_internet_banda_larga,42.99,static
1317,Vila Nova de Gaia,certificacao_energetica_cf,37.85298073,static
1317,Vila Nova de Gaia,coeficiente_gini,45.1,static
1317,Vila Nova de Gaia,consumo_energia_eletrica,1369.6,static
1317,Vila Nova de Gaia,densidade_populacional,1857.9,static
1317,Vila Nova de Gaia,disparidade_ganho_mensal,7.3,static
1317,Vila Nova de Gaia,duracao_pendulares,21.88,static
1317,Vila Nova de Gaia,emissoes_gee_edificios,79.5,static
1317,Vila Nova de Gaia,emissoes_gee_transportes,654.52,static
1317,Vila Nova de Gaia,empresas_volume_negocios,271218.3,static
1317,Vila Nova de Gaia,indice_envelhecimento_edificios,988.6,static
1317,Vila Nova de Gaia,percentagem_poder_compra,2.962,static
1317,Vila Nova de Gaia,prop_agregados_unipessoais,22.37,static
1317,Vila Nova de Gaia,prop_alojamentos_arrendados,0.0652,static
1317,Vila Nova de Gaia,prop_alojamentos_locais,0,static
1317,Vila Nova de Gaia,prop_alojamentos_nao_classicos,0.09,static
1317,Vila Nova de Gaia,prop_alojamentos_sobrelotados,15.1334626015924,static
1317,Vila Nova de Gaia,prop_alojamentos_vagos,9.4,static
1317,Vila Nova de Gaia,prop_ar_condicionado,7.672758777,static
1317,Vila Nova de Gaia,prop_edificios_fora_urbano,1.6,static
1317,Vila Nova de Gaia,prop_ensino_secundario,47.74,static
1317,Vila Nova de Gaia,prop_habitacao_social,2.461271693,static
1317,Vila Nova de Gaia,prop_mais_20min_escola,48.9,static
1317,Vila Nova de Gaia,prop_mais_30min_hospital,0,static
1317,Vila Nova de Gaia,prop_modo_pedonal,11.9,static
1317,Vila Nova de Gaia,prop_nacionalidade_estrangeira,0.088,static
1317,Vila Nova de Gaia,prop_necessidade_reparacao,12.73,static
1317,Vila Nova de Gaia,prop_pop_65_mais,21.4,static
1317,Vila Nova de Gaia,prop_reabilitacao_edificado,16,static
1317,Vila Nova de Gaia,prop_risco_pobreza,18.41168659,static
1317,Vila Nova de Gaia,prop_sem_aquecimento,34.31,static
1317,Vila Nova de Gaia,prop_transporte_coletivo,18.6,static
1317,Vila Nova de Gaia,prop_vagos_bom_estado,65.61414,static
1317,Vila Nova de Gaia,racio_vendas_estrangeiros,1.379002625,static
1317,Vila Nova de Gaia,risco_galgamentos_costeiros,4.33,static
1317,Vila Nova de Gaia,risco_incendio_rural,24.081,static
1317,Vila Nova de Gaia,risco_inundacao,1.66,static
1317,Vila Nova de Gaia,risco_movimento_massa,2.2,static
1317,Vila Nova de Gaia,risco_nevao,0,static
1317,Vila Nova de Gaia,risco_ondas_calor,33.691,static
1317,Vila Nova de Gaia,risco_ondas_frio,66.632,static
1317,Vila Nova de Gaia,risco_seca,33.333,static
1317,Vila Nova de Gaia,risco_sismo,37.832,static
1317,Vila Nova de Gaia,risco_tsunami,1.955,static
1317,Vila Nova de Gaia,taxa_bruta_natalidade,7.3,static
1317,Vila Nova de Gaia,taxa_crescimento_efetivo,0.56,static
1317,Vila Nova de Gaia,taxa_desemprego,11.18,static
1317,Vila Nova de Gaia,taxa_esforco_arrendamento,48.31859106,static
1317,Vila Nova de Gaia,valor_mediano_vendas_m2,2128,static
1318,Trofa,acessos_internet_banda_larga,37.35,static
1318,Trofa,certificacao_energetica_cf,46.96485623,static
1318,Trofa,coeficiente_gini,40.4,static
1318,Trofa,consumo_energia_eletrica,1334.2,static
1318,Trofa,densidade_populacional,559.6,static
1318,Trofa,disparidade_ganho_mensal,8.9,static
1318,Trofa,duracao_pendulares,18.13,static
1318,Trofa,emissoes_gee_edificios,9.04,static
1318,Trofa,emissoes_gee_transportes,106.17,static
1318,Trofa,empresas_volume_negocios,609452.5,static
1318,Trofa,indice_envelhecimento_edificios,617.5,static
1318,Trofa,percentagem_poder_compra,0.348,static
1318,Trofa,prop_agregados_unipessoais,16.4,static
1318,Trofa,prop_alojamentos_arrendados,0.0479,static
1318,Trofa,prop_alojamentos_locais,0,static
1318,Trofa,prop_alojamentos_nao_classicos,0.03,static
1318,Trofa,prop_alojamentos_sobrelotados,13.4596068302482,static
1318,Trofa,prop_alojamentos_vagos,8.4,static
1318,Trofa,prop_ar_condicionado,16.81733391,static
1318,Trofa,prop_edificios_fora_urbano,5.6,static
1318,Trofa,prop_ensino_secundario,39.2,static
1318,Trofa,prop_habitacao_social,0.782186337,static
1318,Trofa,prop_mais_20min_escola,48.64,static
1318,Trofa,prop_mais_30min_hospital,0,static
1318,Trofa,prop_modo_pedonal,13.2,static
1318,Trofa,prop_nacionalidade_estrangeira,0.082,static
1318,Trofa,prop_necessidade_reparacao,12.22,static
1318,Trofa,prop_pop_65_mais,19.93,static
1318,Trofa,prop_reabilitacao_edificado,18.2,static
1318,Trofa,prop_risco_pobreza,18.42302158,static
1318,Trofa,prop_sem_aquecimento,35.09,static
1318,Trofa,prop_transporte_coletivo,10.6,static
1318,Trofa,prop_vagos_bom_estado,59.04335,static
1318,Trofa,racio_vendas_estrangeiros,1,static
1318,Trofa,risco_galgamentos_costeiros,0,static
1318,Trofa,risco_incendio_rural,47.287,static
1318,Trofa,risco_inundacao,0,static
1318,Trofa,risco_movimento_massa,3.768,static
1318,Trofa,risco_nevao,0,static
1318,Trofa,risco_ondas_calor,50,static
1318,Trofa,risco_ondas_frio,100,static
1318,Trofa,risco_seca,33.333,static
1318,Trofa,risco_sismo,36.392,static
1318,Trofa,risco_tsunami,0,static
1318,Trofa,taxa_bruta_natalidade,7.6,static
1318,Trofa,taxa_crescimento_efetivo,0.74,static
1318,Trofa,taxa_desemprego,7.79,static
1318,Trofa,taxa_esforco_arrendamento,35.3880811,static
1318,Trofa,valor_mediano_vendas_m2,1479,static
1401,Abrantes,acessos_internet_banda_larga,43.05,static
1401,Abrantes,certificacao_energetica_cf,74.08906883,static
1401,Abrantes,coeficiente_gini,40.8,static
1401,Abrantes,consumo_energia_eletrica,1425.6,static
1401,Abrantes,densidade_populacional,47.3,static
1401,Abrantes,disparidade_ganho_mensal,7.6,static
1401,Abrantes,duracao_pendulares,17.95,static
1401,Abrantes,emissoes_gee_edificios,7.87,static
1401,Abrantes,emissoes_gee_transportes,46.95,static
1401,Abrantes,empresas_volume_negocios,304927.2,static
1401,Abrantes,indice_envelhecimento_edificios,4480.7,static
1401,Abrantes,percentagem_poder_compra,0.286,static
1401,Abrantes,prop_agregados_unipessoais,27.63,static
1401,Abrantes,prop_alojamentos_arrendados,0.0226,static
1401,Abrantes,prop_alojamentos_locais,2.14,static
1401,Abrantes,prop_alojamentos_nao_classicos,0.04,static
1401,Abrantes,prop_alojamentos_sobrelotados,6.57467532467532,static
1401,Abrantes,prop_alojamentos_vagos,20.7,static
1401,Abrantes,prop_ar_condicionado,26.60308442,static
1401,Abrantes,prop_edificios_fora_urbano,20.3,static
1401,Abrantes,prop_ensino_secundario,37.88,static
1401,Abrantes,prop_habitacao_social,0.263769143,static
1401,Abrantes,prop_mais_20min_escola,75.07,static
1401,Abrantes,prop_mais_30min_hospital,1,static
1401,Abrantes,prop_modo_pedonal,12.6,static
1401,Abrantes,prop_nacionalidade_estrangeira,0.065,static
1401,Abrantes,prop_necessidade_reparacao,16.49,static
1401,Abrantes,prop_pop_65_mais,31.13,static
1401,Abrantes,prop_reabilitacao_edificado,48.4,static
1401,Abrantes,prop_risco_pobreza,18.32791957,static
1401,Abrantes,prop_sem_aquecimento,14.58,static
1401,Abrantes,prop_transporte_coletivo,11.7,static
1401,Abrantes,prop_vagos_bom_estado,58.18567,static
1401,Abrantes,racio_vendas_estrangeiros,1,static
1401,Abrantes,risco_galgamentos_costeiros,0,static
1401,Abrantes,risco_incendio_rural,50.055,static
1401,Abrantes,risco_inundacao,2.333,static
1401,Abrantes,risco_movimento_massa,4.955,static
1401,Abrantes,risco_nevao,0,static
1401,Abrantes,risco_ondas_calor,75,static
1401,Abrantes,risco_ondas_frio,66.667,static
1401,Abrantes,risco_seca,66.667,static
1401,Abrantes,risco_sismo,47.848,static
1401,Abrantes,risco_tsunami,0,static
1401,Abrantes,taxa_bruta_natalidade,7,static
1401,Abrantes,taxa_crescimento_efetivo,-0.12,static
1401,Abrantes,taxa_desemprego,7.69,static
1401,Abrantes,taxa_esforco_arrendamento,26.05329594,static
1401,Abrantes,valor_mediano_vendas_m2,715,static
1402,Alcanena,acessos_internet_banda_larga,41.94,static
1402,Alcanena,certificacao_energetica_cf,43.57541899,static
1402,Alcanena,coeficiente_gini,38.2,static
1402,Alcanena,consumo_energia_eletrica,1392.7,static
1402,Alcanena,densidade_populacional,101.1,static
1402,Alcanena,disparidade_ganho_mensal,7.6,static
1402,Alcanena,duracao_pendulares,15.62,static
1402,Alcanena,emissoes_gee_edificios,3.01,static
1402,Alcanena,emissoes_gee_transportes,49.98,static
1402,Alcanena,empresas_volume_negocios,1525828,static
1402,Alcanena,indice_envelhecimento_edificios,2279.8,static
1402,Alcanena,percentagem_poder_compra,0.1,static
1402,Alcanena,prop_agregados_unipessoais,27.25,static
1402,Alcanena,prop_alojamentos_arrendados,0.0373,static
1402,Alcanena,prop_alojamentos_locais,1.38,static
1402,Alcanena,prop_alojamentos_nao_classicos,0.02,static
1402,Alcanena,prop_alojamentos_sobrelotados,8.03297546012269,static
1402,Alcanena,prop_alojamentos_vagos,22.6,static
1402,Alcanena,prop_ar_condicionado,27.54984663,static
1402,Alcanena,prop_edificios_fora_urbano,13.8,static
1402,Alcanena,prop_ensino_secundario,37.87,static
1402,Alcanena,prop_habitacao_social,1.086956522,static
1402,Alcanena,prop_mais_20min_escola,73.15,static
1402,Alcanena,prop_mais_30min_hospital,0,static
1402,Alcanena,prop_modo_pedonal,15.7,static
1402,Alcanena,prop_nacionalidade_estrangeira,0.092,static
1402,Alcanena,prop_necessidade_reparacao,18.28,static
1402,Alcanena,prop_pop_65_mais,28.44,static
1402,Alcanena,prop_reabilitacao_edificado,0,static
1402,Alcanena,prop_risco_pobreza,18.64992826,static
1402,Alcanena,prop_sem_aquecimento,18.23,static
1402,Alcanena,prop_transporte_coletivo,8.7,static
1402,Alcanena,prop_vagos_bom_estado,53.97351,static
1402,Alcanena,racio_vendas_estrangeiros,1,static
1402,Alcanena,risco_galgamentos_costeiros,0,static
1402,Alcanena,risco_incendio_rural,49.517,static
1402,Alcanena,risco_inundacao,0,static
1402,Alcanena,risco_movimento_massa,7.52,static
1402,Alcanena,risco_nevao,0.093,static
1402,Alcanena,risco_ondas_calor,75,static
1402,Alcanena,risco_ondas_frio,56.776,static
1402,Alcanena,risco_seca,34.313,static
1402,Alcanena,risco_sismo,68.825,static
1402,Alcanena,risco_tsunami,0,static
1402,Alcanena,taxa_bruta_natalidade,6.9,static
1402,Alcanena,taxa_crescimento_efetivo,0.98,static
1402,Alcanena,taxa_desemprego,4.34,static
1402,Alcanena,taxa_esforco_arrendamento,23.71489706,static
1402,Alcanena,valor_mediano_vendas_m2,690,static
1403,Almeirim,acessos_internet_banda_larga,39.27,static
1403,Almeirim,certificacao_energetica_cf,61.26914661,static
1403,Almeirim,coeficiente_gini,41.5,static
1403,Almeirim,consumo_energia_eletrica,1470.3,static
1403,Almeirim,densidade_populacional,103.9,static
1403,Almeirim,disparidade_ganho_mensal,8.4,static
1403,Almeirim,duracao_pendulares,19.19,static
1403,Almeirim,emissoes_gee_edificios,6.04,static
1403,Almeirim,emissoes_gee_transportes,21.33,static
1403,Almeirim,empresas_volume_negocios,255359.5,static
1403,Almeirim,indice_envelhecimento_edificios,895.6,static
1403,Almeirim,percentagem_poder_compra,0.189,static
1403,Almeirim,prop_agregados_unipessoais,25.3,static
1403,Almeirim,prop_alojamentos_arrendados,0.0296,static
1403,Almeirim,prop_alojamentos_locais,1.2,static
1403,Almeirim,prop_alojamentos_nao_classicos,0,static
1403,Almeirim,prop_alojamentos_sobrelotados,11.592596697329,static
1403,Almeirim,prop_alojamentos_vagos,18.2,static
1403,Almeirim,prop_ar_condicionado,32.20658318,static
1403,Almeirim,prop_edificios_fora_urbano,15.9,static
1403,Almeirim,prop_ensino_secundario,39.46,static
1403,Almeirim,prop_habitacao_social,0.648284917,static
1403,Almeirim,prop_mais_20min_escola,50.14,static
1403,Almeirim,prop_mais_30min_hospital,1,static
1403,Almeirim,prop_modo_pedonal,17.5,static
1403,Almeirim,prop_nacionalidade_estrangeira,0.088,static
1403,Almeirim,prop_necessidade_reparacao,7.48,static
1403,Almeirim,prop_pop_65_mais,25.78,static
1403,Almeirim,prop_reabilitacao_edificado,0,static
1403,Almeirim,prop_risco_pobreza,21.80673759,static
1403,Almeirim,prop_sem_aquecimento,19.46,static
1403,Almeirim,prop_transporte_coletivo,11.3,static
1403,Almeirim,prop_vagos_bom_estado,76.70429,static
1403,Almeirim,racio_vendas_estrangeiros,1,static
1403,Almeirim,risco_galgamentos_costeiros,0.504,static
1403,Almeirim,risco_incendio_rural,27.81,static
1403,Almeirim,risco_inundacao,14.106,static
1403,Almeirim,risco_movimento_massa,0.145,static
1403,Almeirim,risco_nevao,0,static
1403,Almeirim,risco_ondas_calor,75,static
1403,Almeirim,risco_ondas_frio,42.323,static
1403,Almeirim,risco_seca,49.277,static
1403,Almeirim,risco_sismo,90.478,static
1403,Almeirim,risco_tsunami,0.343,static
1403,Almeirim,taxa_bruta_natalidade,7.1,static
1403,Almeirim,taxa_crescimento_efetivo,1.16,static
1403,Almeirim,taxa_desemprego,7.34,static
1403,Almeirim,taxa_esforco_arrendamento,33.46523594,static
1403,Almeirim,valor_mediano_vendas_m2,1117,static
1404,Alpiarça,acessos_internet_banda_larga,36.72,static
1404,Alpiarça,certificacao_energetica_cf,75.83333333,static
1404,Alpiarça,coeficiente_gini,41.8,static
1404,Alpiarça,consumo_energia_eletrica,1524.8,static
1404,Alpiarça,densidade_populacional,78.6,static
1404,Alpiarça,disparidade_ganho_mensal,7.7,static
1404,Alpiarça,duracao_pendulares,19.12,static
1404,Alpiarça,emissoes_gee_edificios,1.36,static
1404,Alpiarça,emissoes_gee_transportes,5.98,static
1404,Alpiarça,empresas_volume_negocios,295459.1,static
1404,Alpiarça,indice_envelhecimento_edificios,2172.1,static
1404,Alpiarça,percentagem_poder_compra,0.056,static
1404,Alpiarça,prop_agregados_unipessoais,26.1,static
1404,Alpiarça,prop_alojamentos_arrendados,0.0238,static
1404,Alpiarça,prop_alojamentos_locais,1.54,static
1404,Alpiarça,prop_alojamentos_nao_classicos,0.01,static
1404,Alpiarça,prop_alojamentos_sobrelotados,8.11654526534859,static
1404,Alpiarça,prop_alojamentos_vagos,17.5,static
1404,Alpiarça,prop_ar_condicionado,31.1827957,static
1404,Alpiarça,prop_edificios_fora_urbano,10.8,static
1404,Alpiarça,prop_ensino_secundario,37.54,static
1404,Alpiarça,prop_habitacao_social,0.545634921,static
1404,Alpiarça,prop_mais_20min_escola,42.96,static
1404,Alpiarça,prop_mais_30min_hospital,0,static
1404,Alpiarça,prop_modo_pedonal,14.8,static
1404,Alpiarça,prop_nacionalidade_estrangeira,0.093,static
1404,Alpiarça,prop_necessidade_reparacao,10.49,static
1404,Alpiarça,prop_pop_65_mais,29.46,static
1404,Alpiarça,prop_reabilitacao_edificado,14.3,static
1404,Alpiarça,prop_risco_pobreza,21.446183950000002,static
1404,Alpiarça,prop_sem_aquecimento,18.56,static
1404,Alpiarça,prop_transporte_coletivo,9,static
1404,Alpiarça,prop_vagos_bom_estado,64.86486,static
1404,Alpiarça,racio_vendas_estrangeiros,1,static
1404,Alpiarça,risco_galgamentos_costeiros,0,static
1404,Alpiarça,risco_incendio_rural,23.701,static
1404,Alpiarça,risco_inundacao,26.136,static
1404,Alpiarça,risco_movimento_massa,0.1,static
1404,Alpiarça,risco_nevao,0,static
1404,Alpiarça,risco_ondas_calor,75,static
1404,Alpiarça,risco_ondas_frio,50.222,static
1404,Alpiarça,risco_seca,41.692,static
1404,Alpiarça,risco_sismo,87.926,static
1404,Alpiarça,risco_tsunami,0,static
1404,Alpiarça,taxa_bruta_natalidade,8.2,static
1404,Alpiarça,taxa_crescimento_efetivo,2.19,static
1404,Alpiarça,taxa_desemprego,8.29,static
1404,Alpiarça,taxa_esforco_arrendamento,33.28306976,static
1404,Alpiarça,valor_mediano_vendas_m2,977,static
1405,Benavente,acessos_internet_banda_larga,41.38,static
1405,Benavente,certificacao_energetica_cf,53.28947368,static
1405,Benavente,coeficiente_gini,43.9,static
1405,Benavente,consumo_energia_eletrica,1413.6,static
1405,Benavente,densidade_populacional,63.5,static
1405,Benavente,disparidade_ganho_mensal,10.8,static
1405,Benavente,duracao_pendulares,21.96,static
1405,Benavente,emissoes_gee_edificios,8.72,static
1405,Benavente,emissoes_gee_transportes,39.21,static
1405,Benavente,empresas_volume_negocios,502368.8,static
1405,Benavente,indice_envelhecimento_edificios,475.3,static
1405,Benavente,percentagem_poder_compra,0.291,static
1405,Benavente,prop_agregados_unipessoais,23.22,static
1405,Benavente,prop_alojamentos_arrendados,0.0302,static
1405,Benavente,prop_alojamentos_locais,1.39,static
1405,Benavente,prop_alojamentos_nao_classicos,0.46,static
1405,Benavente,prop_alojamentos_sobrelotados,11.8410869378278,static
1405,Benavente,prop_alojamentos_vagos,12,static
1405,Benavente,prop_ar_condicionado,31.13767306,static
1405,Benavente,prop_edificios_fora_urbano,11.5,static
1405,Benavente,prop_ensino_secundario,44.38,static
1405,Benavente,prop_habitacao_social,0.845539281,static
1405,Benavente,prop_mais_20min_escola,74.05,static
1405,Benavente,prop_mais_30min_hospital,2,static
1405,Benavente,prop_modo_pedonal,18.1,static
1405,Benavente,prop_nacionalidade_estrangeira,0.139,static
1405,Benavente,prop_necessidade_reparacao,17.5,static
1405,Benavente,prop_pop_65_mais,19.73,static
1405,Benavente,prop_reabilitacao_edificado,0,static
1405,Benavente,prop_risco_pobreza,16.94457275,static
1405,Benavente,prop_sem_aquecimento,23.51,static
1405,Benavente,prop_transporte_coletivo,12.4,static
1405,Benavente,prop_vagos_bom_estado,57.40331,static
1405,Benavente,racio_vendas_estrangeiros,1,static
1405,Benavente,risco_galgamentos_costeiros,14.915,static
1405,Benavente,risco_incendio_rural,19.489,static
1405,Benavente,risco_inundacao,5.649,static
1405,Benavente,risco_movimento_massa,0.003,static
1405,Benavente,risco_nevao,0,static
1405,Benavente,risco_ondas_calor,44.576,static
1405,Benavente,risco_ondas_frio,33.333,static
1405,Benavente,risco_seca,50.746,static
1405,Benavente,risco_sismo,96.739,static
1405,Benavente,risco_tsunami,18.685,static
1405,Benavente,taxa_bruta_natalidade,8.7,static
1405,Benavente,taxa_crescimento_efetivo,2.47,static
1405,Benavente,taxa_desemprego,7.75,static
1405,Benavente,taxa_esforco_arrendamento,33.57422818,static
1405,Benavente,valor_mediano_vendas_m2,1538,static
1406,Cartaxo,acessos_internet_banda_larga,43.25,static
1406,Cartaxo,certificacao_energetica_cf,72.40437158,static
1406,Cartaxo,coeficiente_gini,40.9,static
1406,Cartaxo,consumo_energia_eletrica,1485.2,static
1406,Cartaxo,densidade_populacional,156.2,static
1406,Cartaxo,disparidade_ganho_mensal,7.8,static
1406,Cartaxo,duracao_pendulares,22.63,static
1406,Cartaxo,emissoes_gee_edificios,6.55,static
1406,Cartaxo,emissoes_gee_transportes,56.26,static
1406,Cartaxo,empresas_volume_negocios,252743.5,static
1406,Cartaxo,indice_envelhecimento_edificios,1218,static
1406,Cartaxo,percentagem_poder_compra,0.207,static
1406,Cartaxo,prop_agregados_unipessoais,25.53,static
1406,Cartaxo,prop_alojamentos_arrendados,0.018,static
1406,Cartaxo,prop_alojamentos_locais,1.85,static
1406,Cartaxo,prop_alojamentos_nao_classicos,0.06,static
1406,Cartaxo,prop_alojamentos_sobrelotados,11.4582241325086,static
1406,Cartaxo,prop_alojamentos_vagos,13.8,static
1406,Cartaxo,prop_ar_condicionado,22.7487158,static
1406,Cartaxo,prop_edificios_fora_urbano,26.7,static
1406,Cartaxo,prop_ensino_secundario,42.91,static
1406,Cartaxo,prop_habitacao_social,0.030323706,static
1406,Cartaxo,prop_mais_20min_escola,64.4,static
1406,Cartaxo,prop_mais_30min_hospital,0,static
1406,Cartaxo,prop_modo_pedonal,15,static
1406,Cartaxo,prop_nacionalidade_estrangeira,0.089,static
1406,Cartaxo,prop_necessidade_reparacao,17.71,static
1406,Cartaxo,prop_pop_65_mais,25.27,static
1406,Cartaxo,prop_reabilitacao_edificado,16,static
1406,Cartaxo,prop_risco_pobreza,16.28012232,static
1406,Cartaxo,prop_sem_aquecimento,26.82,static
1406,Cartaxo,prop_transporte_coletivo,13.6,static
1406,Cartaxo,prop_vagos_bom_estado,57.31441,static
1406,Cartaxo,racio_vendas_estrangeiros,1,static
1406,Cartaxo,risco_galgamentos_costeiros,18.913,static
1406,Cartaxo,risco_incendio_rural,23.87,static
1406,Cartaxo,risco_inundacao,32.954,static
1406,Cartaxo,risco_movimento_massa,0.351,static
1406,Cartaxo,risco_nevao,0,static
1406,Cartaxo,risco_ondas_calor,75,static
1406,Cartaxo,risco_ondas_frio,33.333,static
1406,Cartaxo,risco_seca,33.333,static
1406,Cartaxo,risco_sismo,96.699,static
1406,Cartaxo,risco_tsunami,13.384,static
1406,Cartaxo,taxa_bruta_natalidade,6.5,static
1406,Cartaxo,taxa_crescimento_efetivo,1.43,static
1406,Cartaxo,taxa_desemprego,7.75,static
1406,Cartaxo,taxa_esforco_arrendamento,27.98833819,static
1406,Cartaxo,valor_mediano_vendas_m2,1172,static
1407,Chamusca,acessos_internet_banda_larga,38.38,static
1407,Chamusca,certificacao_energetica_cf,82.11382114,static
1407,Chamusca,coeficiente_gini,36.8,static
1407,Chamusca,consumo_energia_eletrica,1492,static
1407,Chamusca,densidade_populacional,11.5,static
1407,Chamusca,disparidade_ganho_mensal,6.6,static
1407,Chamusca,duracao_pendulares,21.11,static
1407,Chamusca,emissoes_gee_edificios,1.73,static
1407,Chamusca,emissoes_gee_transportes,7.86,static
1407,Chamusca,empresas_volume_negocios,259605.2,static
1407,Chamusca,indice_envelhecimento_edificios,6287.2,static
1407,Chamusca,percentagem_poder_compra,0.061,static
1407,Chamusca,prop_agregados_unipessoais,28.7,static
1407,Chamusca,prop_alojamentos_arrendados,0.0421,static
1407,Chamusca,prop_alojamentos_locais,1.92,static
1407,Chamusca,prop_alojamentos_nao_classicos,0.22,static
1407,Chamusca,prop_alojamentos_sobrelotados,7.90471034109366,static
1407,Chamusca,prop_alojamentos_vagos,25.3,static
1407,Chamusca,prop_ar_condicionado,24.82403898,static
1407,Chamusca,prop_edificios_fora_urbano,24,static
1407,Chamusca,prop_ensino_secundario,28.88,static
1407,Chamusca,prop_habitacao_social,1.580319322,static
1407,Chamusca,prop_mais_20min_escola,69.71,static
1407,Chamusca,prop_mais_30min_hospital,12,static
1407,Chamusca,prop_modo_pedonal,16.2,static
1407,Chamusca,prop_nacionalidade_estrangeira,0.042,static
1407,Chamusca,prop_necessidade_reparacao,16.75,static
1407,Chamusca,prop_pop_65_mais,31.51,static
1407,Chamusca,prop_reabilitacao_edificado,44.4,static
1407,Chamusca,prop_risco_pobreza,19.76227898,static
1407,Chamusca,prop_sem_aquecimento,19.65,static
1407,Chamusca,prop_transporte_coletivo,15.4,static
1407,Chamusca,prop_vagos_bom_estado,55.7377,static
1407,Chamusca,racio_vendas_estrangeiros,1,static
1407,Chamusca,risco_galgamentos_costeiros,0,static
1407,Chamusca,risco_incendio_rural,42.904,static
1407,Chamusca,risco_inundacao,5.762,static
1407,Chamusca,risco_movimento_massa,1.825,static
1407,Chamusca,risco_nevao,0,static
1407,Chamusca,risco_ondas_calor,75,static
1407,Chamusca,risco_ondas_frio,66.667,static
1407,Chamusca,risco_seca,66.212,static
1407,Chamusca,risco_sismo,63.816,static
1407,Chamusca,risco_tsunami,0,static
1407,Chamusca,taxa_bruta_natalidade,8.1,static
1407,Chamusca,taxa_crescimento_efetivo,0.21,static
1407,Chamusca,taxa_desemprego,5.84,static
1407,Chamusca,taxa_esforco_arrendamento,23.00305764,static
1407,Chamusca,valor_mediano_vendas_m2,712,static
1408,Constância,acessos_internet_banda_larga,40.29,static
1408,Constância,certificacao_energetica_cf,50,static
1408,Constância,coeficiente_gini,38.9,static
1408,Constância,consumo_energia_eletrica,1432.1,static
1408,Constância,densidade_populacional,50,static
1408,Constância,disparidade_ganho_mensal,19.8,static
1408,Constância,duracao_pendulares,18.55,static
1408,Constância,emissoes_gee_edificios,0.76,static
1408,Constância,emissoes_gee_transportes,9.25,static
1408,Constância,empresas_volume_negocios,446750.6,static
1408,Constância,indice_envelhecimento_edificios,1873.3,static
1408,Constância,percentagem_poder_compra,0.03,static
1408,Constância,prop_agregados_unipessoais,25.1,static
1408,Constância,prop_alojamentos_arrendados,0.047,static
1408,Constância,prop_alojamentos_locais,5.78,static
1408,Constância,prop_alojamentos_nao_classicos,0.08,static
1408,Constância,prop_alojamentos_sobrelotados,7.99735624586913,static
1408,Constância,prop_alojamentos_vagos,17.2,static
1408,Constância,prop_ar_condicionado,28.75082617,static
1408,Constância,prop_edificios_fora_urbano,6.1,static
1408,Constância,prop_ensino_secundario,41.85,static
1408,Constância,prop_habitacao_social,0.954979536,static
1408,Constância,prop_mais_20min_escola,78.49,static
1408,Constância,prop_mais_30min_hospital,0,static
1408,Constância,prop_modo_pedonal,11.6,static
1408,Constância,prop_nacionalidade_estrangeira,0.036,static
1408,Constância,prop_necessidade_reparacao,8.57,static
1408,Constância,prop_pop_65_mais,26.01,static
1408,Constância,prop_reabilitacao_edificado,5.9,static
1408,Constância,prop_risco_pobreza,15.30385965,static
1408,Constância,prop_sem_aquecimento,15,static
1408,Constância,prop_transporte_coletivo,14.6,static
1408,Constância,prop_vagos_bom_estado,63.22751,static
1408,Constância,racio_vendas_estrangeiros,1,static
1408,Constância,risco_galgamentos_costeiros,0,static
1408,Constância,risco_incendio_rural,47.703,static
1408,Constância,risco_inundacao,9.19,static
1408,Constância,risco_movimento_massa,2.12,static
1408,Constância,risco_nevao,0,static
1408,Constância,risco_ondas_calor,75,static
1408,Constância,risco_ondas_frio,66.667,static
1408,Constância,risco_seca,66.667,static
1408,Constância,risco_sismo,52.31,static
1408,Constância,risco_tsunami,0,static
1408,Constância,taxa_bruta_natalidade,6.8,static
1408,Constância,taxa_crescimento_efetivo,1.55,static
1408,Constância,taxa_desemprego,5.23,static
1408,Constância,taxa_esforco_arrendamento,26.42235088,static
1408,Constância,valor_mediano_vendas_m2,938,static
1409,Coruche,acessos_internet_banda_larga,35.86,static
1409,Coruche,certificacao_energetica_cf,64.58333333,static
1409,Coruche,coeficiente_gini,39.6,static
1409,Coruche,consumo_energia_eletrica,1571.7,static
1409,Coruche,densidade_populacional,15.5,static
1409,Coruche,disparidade_ganho_mensal,8.8,static
1409,Coruche,duracao_pendulares,21.94,static
1409,Coruche,emissoes_gee_edificios,4.46,static
1409,Coruche,emissoes_gee_transportes,15.48,static
1409,Coruche,empresas_volume_negocios,253009,static
1409,Coruche,indice_envelhecimento_edificios,1916.9,static
1409,Coruche,percentagem_poder_compra,0.13,static
1409,Coruche,prop_agregados_unipessoais,26.47,static
1409,Coruche,prop_alojamentos_arrendados,0.0436,static
1409,Coruche,prop_alojamentos_locais,0.87,static
1409,Coruche,prop_alojamentos_nao_classicos,1.57,static
1409,Coruche,prop_alojamentos_sobrelotados,8.6141304347826,static
1409,Coruche,prop_alojamentos_vagos,24.3,static
1409,Coruche,prop_ar_condicionado,31.18206522,static
1409,Coruche,prop_edificios_fora_urbano,32,static
1409,Coruche,prop_ensino_secundario,30.54,static
1409,Coruche,prop_habitacao_social,0.387659506,static
1409,Coruche,prop_mais_20min_escola,77.52,static
1409,Coruche,prop_mais_30min_hospital,95,static
1409,Coruche,prop_modo_pedonal,13.9,static
1409,Coruche,prop_nacionalidade_estrangeira,0.054,static
1409,Coruche,prop_necessidade_reparacao,14.39,static
1409,Coruche,prop_pop_65_mais,33.17,static
1409,Coruche,prop_reabilitacao_edificado,0,static
1409,Coruche,prop_risco_pobreza,18.36531987,static
1409,Coruche,prop_sem_aquecimento,16.13,static
1409,Coruche,prop_transporte_coletivo,13.8,static
1409,Coruche,prop_vagos_bom_estado,64.87136,static
1409,Coruche,racio_vendas_estrangeiros,1,static
1409,Coruche,risco_galgamentos_costeiros,0,static
1409,Coruche,risco_incendio_rural,25.82,static
1409,Coruche,risco_inundacao,0,static
1409,Coruche,risco_movimento_massa,0.101,static
1409,Coruche,risco_nevao,0,static
1409,Coruche,risco_ondas_calor,68.394,static
1409,Coruche,risco_ondas_frio,49.679,static
1409,Coruche,risco_seca,66.667,static
1409,Coruche,risco_sismo,72.216,static
1409,Coruche,risco_tsunami,0.345,static
1409,Coruche,taxa_bruta_natalidade,4.7,static
1409,Coruche,taxa_crescimento_efetivo,-0.39,static
1409,Coruche,taxa_desemprego,6.87,static
1409,Coruche,taxa_esforco_arrendamento,30.54980081,static
1409,Coruche,valor_mediano_vendas_m2,1171,static
1410,Entroncamento,acessos_internet_banda_larga,41.77,static
1410,Entroncamento,certificacao_energetica_cf,54.85362096,static
1410,Entroncamento,coeficiente_gini,42.7,static
1410,Entroncamento,consumo_energia_eletrica,1229.9,static
1410,Entroncamento,densidade_populacional,1646.3,static
1410,Entroncamento,disparidade_ganho_mensal,12.3,static
1410,Entroncamento,duracao_pendulares,21.19,static
1410,Entroncamento,emissoes_gee_edificios,9.63,static
1410,Entroncamento,emissoes_gee_transportes,32.81,static
1410,Entroncamento,empresas_volume_negocios,143492.2,static
1410,Entroncamento,indice_envelhecimento_edificios,730.8,static
1410,Entroncamento,percentagem_poder_compra,0.199,static
1410,Entroncamento,prop_agregados_unipessoais,25.87,static
1410,Entroncamento,prop_alojamentos_arrendados,0.039,static
1410,Entroncamento,prop_alojamentos_locais,0.21,static
1410,Entroncamento,prop_alojamentos_nao_classicos,0.01,static
1410,Entroncamento,prop_alojamentos_sobrelotados,8.21556886227544,static
1410,Entroncamento,prop_alojamentos_vagos,15.1,static
1410,Entroncamento,prop_ar_condicionado,34.33532934,static
1410,Entroncamento,prop_edificios_fora_urbano,5.1,static
1410,Entroncamento,prop_ensino_secundario,53.97,static
1410,Entroncamento,prop_habitacao_social,1.661742984,static
1410,Entroncamento,prop_mais_20min_escola,6.31,static
1410,Entroncamento,prop_mais_30min_hospital,0,static
1410,Entroncamento,prop_modo_pedonal,20.4,static
1410,Entroncamento,prop_nacionalidade_estrangeira,0.211,static
1410,Entroncamento,prop_necessidade_reparacao,15.96,static
1410,Entroncamento,prop_pop_65_mais,20.93,static
1410,Entroncamento,prop_reabilitacao_edificado,0,static
1410,Entroncamento,prop_risco_pobreza,15.14708786,static
1410,Entroncamento,prop_sem_aquecimento,19.32,static
1410,Entroncamento,prop_transporte_coletivo,12.7,static
1410,Entroncamento,prop_vagos_bom_estado,60.21831,static
1410,Entroncamento,racio_vendas_estrangeiros,1,static
1410,Entroncamento,risco_galgamentos_costeiros,0,static
1410,Entroncamento,risco_incendio_rural,15.099,static
1410,Entroncamento,risco_inundacao,0.201,static
1410,Entroncamento,risco_movimento_massa,0,static
1410,Entroncamento,risco_nevao,0,static
1410,Entroncamento,risco_ondas_calor,75,static
1410,Entroncamento,risco_ondas_frio,66.667,static
1410,Entroncamento,risco_seca,66.667,static
1410,Entroncamento,risco_sismo,90.262,static
1410,Entroncamento,risco_tsunami,0,static
1410,Entroncamento,taxa_bruta_natalidade,11.3,static
1410,Entroncamento,taxa_crescimento_efetivo,2.78,static
1410,Entroncamento,taxa_desemprego,6.46,static
1410,Entroncamento,taxa_esforco_arrendamento,27.96939377,static
1410,Entroncamento,valor_mediano_vendas_m2,1227,static
1411,Ferreira do Zêzere,acessos_internet_banda_larga,40.55,static
1411,Ferreira do Zêzere,certificacao_energetica_cf,55.37848606,static
1411,Ferreira do Zêzere,coeficiente_gini,37.5,static
1411,Ferreira do Zêzere,consumo_energia_eletrica,1652.1,static
1411,Ferreira do Zêzere,densidade_populacional,42.6,static
1411,Ferreira do Zêzere,disparidade_ganho_mensal,6.6,static
1411,Ferreira do Zêzere,duracao_pendulares,17.49,static
1411,Ferreira do Zêzere,emissoes_gee_edificios,2.29,static
1411,Ferreira do Zêzere,emissoes_gee_transportes,9.51,static
1411,Ferreira do Zêzere,empresas_volume_negocios,544826.5,static
1411,Ferreira do Zêzere,indice_envelhecimento_edificios,2184.3,static
1411,Ferreira do Zêzere,percentagem_poder_compra,0.056,static
1411,Ferreira do Zêzere,prop_agregados_unipessoais,28.73,static
1411,Ferreira do Zêzere,prop_alojamentos_arrendados,0.0424,static
1411,Ferreira do Zêzere,prop_alojamentos_locais,5.03,static
1411,Ferreira do Zêzere,prop_alojamentos_nao_classicos,0.04,static
1411,Ferreira do Zêzere,prop_alojamentos_sobrelotados,6.9533394327538796,static
1411,Ferreira do Zêzere,prop_alojamentos_vagos,14.6,static
1411,Ferreira do Zêzere,prop_ar_condicionado,16.13296737,static
1411,Ferreira do Zêzere,prop_edificios_fora_urbano,46,static
1411,Ferreira do Zêzere,prop_ensino_secundario,31.59,static
1411,Ferreira do Zêzere,prop_habitacao_social,0,static
1411,Ferreira do Zêzere,prop_mais_20min_escola,78.07,static
1411,Ferreira do Zêzere,prop_mais_30min_hospital,2,static
1411,Ferreira do Zêzere,prop_modo_pedonal,14.4,static
1411,Ferreira do Zêzere,prop_nacionalidade_estrangeira,0.092,static
1411,Ferreira do Zêzere,prop_necessidade_reparacao,13.18,static
1411,Ferreira do Zêzere,prop_pop_65_mais,32.63,static
1411,Ferreira do Zêzere,prop_reabilitacao_edificado,60,static
1411,Ferreira do Zêzere,prop_risco_pobreza,22.24493927,static
1411,Ferreira do Zêzere,prop_sem_aquecimento,16.35,static
1411,Ferreira do Zêzere,prop_transporte_coletivo,14,static
1411,Ferreira do Zêzere,prop_vagos_bom_estado,59.81735,static
1411,Ferreira do Zêzere,racio_vendas_estrangeiros,1,static
1411,Ferreira do Zêzere,risco_galgamentos_costeiros,0,static
1411,Ferreira do Zêzere,risco_incendio_rural,60.808,static
1411,Ferreira do Zêzere,risco_inundacao,0,static
1411,Ferreira do Zêzere,risco_movimento_massa,11.488,static
1411,Ferreira do Zêzere,risco_nevao,0,static
1411,Ferreira do Zêzere,risco_ondas_calor,75,static
1411,Ferreira do Zêzere,risco_ondas_frio,66.667,static
1411,Ferreira do Zêzere,risco_seca,66.667,static
1411,Ferreira do Zêzere,risco_sismo,33.333,static
1411,Ferreira do Zêzere,risco_tsunami,0,static
1411,Ferreira do Zêzere,taxa_bruta_natalidade,5,static
1411,Ferreira do Zêzere,taxa_crescimento_efetivo,1.2,static
1411,Ferreira do Zêzere,taxa_desemprego,4.4,static
1411,Ferreira do Zêzere,taxa_esforco_arrendamento,28.77628919,static
1411,Ferreira do Zêzere,valor_mediano_vendas_m2,843,static
1412,Golegã,acessos_internet_banda_larga,42.73,static
1412,Golegã,certificacao_energetica_cf,55.03355705,static
1412,Golegã,coeficiente_gini,39.5,static
1412,Golegã,consumo_energia_eletrica,1900.6,static
1412,Golegã,densidade_populacional,65.1,static
1412,Golegã,disparidade_ganho_mensal,11.4,static
1412,Golegã,duracao_pendulares,19.1,static
1412,Golegã,emissoes_gee_edificios,1.37,static
1412,Golegã,emissoes_gee_transportes,4.59,static
1412,Golegã,empresas_volume_negocios,278507.5,static
1412,Golegã,indice_envelhecimento_edificios,971.6,static
1412,Golegã,percentagem_poder_compra,0.044,static
1412,Golegã,prop_agregados_unipessoais,27.46,static
1412,Golegã,prop_alojamentos_arrendados,0.0966,static
1412,Golegã,prop_alojamentos_locais,7.51,static
1412,Golegã,prop_alojamentos_nao_classicos,0.04,static
1412,Golegã,prop_alojamentos_sobrelotados,7.38284703801945,static
1412,Golegã,prop_alojamentos_vagos,19.1,static
1412,Golegã,prop_ar_condicionado,28.24933687,static
1412,Golegã,prop_edificios_fora_urbano,14.7,static
1412,Golegã,prop_ensino_secundario,40.13,static
1412,Golegã,prop_habitacao_social,1.510310775,static
1412,Golegã,prop_mais_20min_escola,36.08,static
1412,Golegã,prop_mais_30min_hospital,0,static
1412,Golegã,prop_modo_pedonal,18,static
1412,Golegã,prop_nacionalidade_estrangeira,0.067,static
1412,Golegã,prop_necessidade_reparacao,15.8,static
1412,Golegã,prop_pop_65_mais,29.31,static
1412,Golegã,prop_reabilitacao_edificado,0,static
1412,Golegã,prop_risco_pobreza,15.91138273,static
1412,Golegã,prop_sem_aquecimento,20.2,static
1412,Golegã,prop_transporte_coletivo,10.7,static
1412,Golegã,prop_vagos_bom_estado,51.72414,static
1412,Golegã,racio_vendas_estrangeiros,1,static
1412,Golegã,risco_galgamentos_costeiros,0,static
1412,Golegã,risco_incendio_rural,19.835,static
1412,Golegã,risco_inundacao,53.58,static
1412,Golegã,risco_movimento_massa,0.116,static
1412,Golegã,risco_nevao,0,static
1412,Golegã,risco_ondas_calor,75,static
1412,Golegã,risco_ondas_frio,66.667,static
1412,Golegã,risco_seca,60.435,static
1412,Golegã,risco_sismo,89.087,static
1412,Golegã,risco_tsunami,0,static
1412,Golegã,taxa_bruta_natalidade,6,static
1412,Golegã,taxa_crescimento_efetivo,0.84,static
1412,Golegã,taxa_desemprego,4.54,static
1412,Golegã,taxa_esforco_arrendamento,30.42795478,static
1412,Golegã,valor_mediano_vendas_m2,851,static
1413,Mação,acessos_internet_banda_larga,38.99,static
1413,Mação,certificacao_energetica_cf,46.66666667,static
1413,Mação,coeficiente_gini,37.7,static
1413,Mação,consumo_energia_eletrica,1598.4,static
1413,Mação,densidade_populacional,16,static
1413,Mação,disparidade_ganho_mensal,4.3,static
1413,Mação,duracao_pendulares,16.98,static
1413,Mação,emissoes_gee_edificios,1.63,static
1413,Mação,emissoes_gee_transportes,14.41,static
1413,Mação,empresas_volume_negocios,173058.4,static
1413,Mação,indice_envelhecimento_edificios,1670.9,static
1413,Mação,percentagem_poder_compra,0.044,static
1413,Mação,prop_agregados_unipessoais,31.88,static
1413,Mação,prop_alojamentos_arrendados,0.0272,static
1413,Mação,prop_alojamentos_locais,2.36,static
1413,Mação,prop_alojamentos_nao_classicos,0.05,static
1413,Mação,prop_alojamentos_sobrelotados,4.31705590941259,static
1413,Mação,prop_alojamentos_vagos,11.8,static
1413,Mação,prop_ar_condicionado,17.97593772,static
1413,Mação,prop_edificios_fora_urbano,32.5,static
1413,Mação,prop_ensino_secundario,29.58,static
1413,Mação,prop_habitacao_social,0,static
1413,Mação,prop_mais_20min_escola,77.57,static
1413,Mação,prop_mais_30min_hospital,23,static
1413,Mação,prop_modo_pedonal,19.9,static
1413,Mação,prop_nacionalidade_estrangeira,0.055,static
1413,Mação,prop_necessidade_reparacao,18.48,static
1413,Mação,prop_pop_65_mais,42.08,static
1413,Mação,prop_reabilitacao_edificado,46.2,static
1413,Mação,prop_risco_pobreza,19.71275647,static
1413,Mação,prop_sem_aquecimento,14.79,static
1413,Mação,prop_transporte_coletivo,10,static
1413,Mação,prop_vagos_bom_estado,50.37879,static
1413,Mação,racio_vendas_estrangeiros,1,static
1413,Mação,risco_galgamentos_costeiros,0,static
1413,Mação,risco_incendio_rural,87.047,static
1413,Mação,risco_inundacao,0,static
1413,Mação,risco_movimento_massa,9.985,static
1413,Mação,risco_nevao,0.596,static
1413,Mação,risco_ondas_calor,75,static
1413,Mação,risco_ondas_frio,66.667,static
1413,Mação,risco_seca,66.667,static
1413,Mação,risco_sismo,34.377,static
1413,Mação,risco_tsunami,0,static
1413,Mação,taxa_bruta_natalidade,3.9,static
1413,Mação,taxa_crescimento_efetivo,-0.06,static
1413,Mação,taxa_desemprego,5.6,static
1413,Mação,taxa_esforco_arrendamento,31.42053277,static
1413,Mação,valor_mediano_vendas_m2,273,static
1414,Rio Maior,acessos_internet_banda_larga,39.8,static
1414,Rio Maior,certificacao_energetica_cf,53.08641975,static
1414,Rio Maior,coeficiente_gini,42.5,static
1414,Rio Maior,consumo_energia_eletrica,1403.7,static
1414,Rio Maior,densidade_populacional,83.1,static
1414,Rio Maior,disparidade_ganho_mensal,8.3,static
1414,Rio Maior,duracao_pendulares,16.91,static
1414,Rio Maior,emissoes_gee_edificios,5.41,static
1414,Rio Maior,emissoes_gee_transportes,24.2,static
1414,Rio Maior,empresas_volume_negocios,349098.5,static
1414,Rio Maior,indice_envelhecimento_edificios,995.1,static
1414,Rio Maior,percentagem_poder_compra,0.185,static
1414,Rio Maior,prop_agregados_unipessoais,24.73,static
1414,Rio Maior,prop_alojamentos_arrendados,0.0262,static
1414,Rio Maior,prop_alojamentos_locais,2.23,static
1414,Rio Maior,prop_alojamentos_nao_classicos,0.06,static
1414,Rio Maior,prop_alojamentos_sobrelotados,10.0165758939142,static
1414,Rio Maior,prop_alojamentos_vagos,17,static
1414,Rio Maior,prop_ar_condicionado,13.11863604,static
1414,Rio Maior,prop_edificios_fora_urbano,32.2,static
1414,Rio Maior,prop_ensino_secundario,39.89,static
1414,Rio Maior,prop_habitacao_social,0.528227138,static
1414,Rio Maior,prop_mais_20min_escola,68.72,static
1414,Rio Maior,prop_mais_30min_hospital,0,static
1414,Rio Maior,prop_modo_pedonal,16.4,static
1414,Rio Maior,prop_nacionalidade_estrangeira,0.216,static
1414,Rio Maior,prop_necessidade_reparacao,14.27,static
1414,Rio Maior,prop_pop_65_mais,23.94,static
1414,Rio Maior,prop_reabilitacao_edificado,31.1,static
1414,Rio Maior,prop_risco_pobreza,23.06937394,static
1414,Rio Maior,prop_sem_aquecimento,21.18,static
1414,Rio Maior,prop_transporte_coletivo,9.7,static
1414,Rio Maior,prop_vagos_bom_estado,55.47025,static
1414,Rio Maior,racio_vendas_estrangeiros,1,static
1414,Rio Maior,risco_galgamentos_costeiros,0,static
1414,Rio Maior,risco_incendio_rural,44.926,static
1414,Rio Maior,risco_inundacao,0,static
1414,Rio Maior,risco_movimento_massa,4.906,static
1414,Rio Maior,risco_nevao,0,static
1414,Rio Maior,risco_ondas_calor,67.784,static
1414,Rio Maior,risco_ondas_frio,33.333,static
1414,Rio Maior,risco_seca,33.333,static
1414,Rio Maior,risco_sismo,72.809,static
1414,Rio Maior,risco_tsunami,0,static
1414,Rio Maior,taxa_bruta_natalidade,8.9,static
1414,Rio Maior,taxa_crescimento_efetivo,1.61,static
1414,Rio Maior,taxa_desemprego,5.03,static
1414,Rio Maior,taxa_esforco_arrendamento,27.44650411,static
1414,Rio Maior,valor_mediano_vendas_m2,1041,static
1415,Salvaterra de Magos,acessos_internet_banda_larga,38.75,static
1415,Salvaterra de Magos,certificacao_energetica_cf,40.35087719,static
1415,Salvaterra de Magos,coeficiente_gini,41,static
1415,Salvaterra de Magos,consumo_energia_eletrica,1683,static
1415,Salvaterra de Magos,densidade_populacional,97.7,static
1415,Salvaterra de Magos,disparidade_ganho_mensal,8.1,static
1415,Salvaterra de Magos,duracao_pendulares,23.35,static
1415,Salvaterra de Magos,emissoes_gee_edificios,5.81,static
1415,Salvaterra de Magos,emissoes_gee_transportes,25.15,static
1415,Salvaterra de Magos,empresas_volume_negocios,248905.5,static
1415,Salvaterra de Magos,indice_envelhecimento_edificios,433.8,static
1415,Salvaterra de Magos,percentagem_poder_compra,0.176,static
1415,Salvaterra de Magos,prop_agregados_unipessoais,22.91,static
1415,Salvaterra de Magos,prop_alojamentos_arrendados,0.0306,static
1415,Salvaterra de Magos,prop_alojamentos_locais,1.29,static
1415,Salvaterra de Magos,prop_alojamentos_nao_classicos,0.26,static
1415,Salvaterra de Magos,prop_alojamentos_sobrelotados,9.89179016701952,static
1415,Salvaterra de Magos,prop_alojamentos_vagos,15,static
1415,Salvaterra de Magos,prop_ar_condicionado,32.42766408,static
1415,Salvaterra de Magos,prop_edificios_fora_urbano,13.2,static
1415,Salvaterra de Magos,prop_ensino_secundario,35.9,static
1415,Salvaterra de Magos,prop_habitacao_social,0.544680851,static
1415,Salvaterra de Magos,prop_mais_20min_escola,79.8,static
1415,Salvaterra de Magos,prop_mais_30min_hospital,1,static
1415,Salvaterra de Magos,prop_modo_pedonal,13.3,static
1415,Salvaterra de Magos,prop_nacionalidade_estrangeira,0.052,static
1415,Salvaterra de Magos,prop_necessidade_reparacao,7.39,static
1415,Salvaterra de Magos,prop_pop_65_mais,26.87,static
1415,Salvaterra de Magos,prop_reabilitacao_edificado,2.1,static
1415,Salvaterra de Magos,prop_risco_pobreza,18.64066017,static
1415,Salvaterra de Magos,prop_sem_aquecimento,18.14,static
1415,Salvaterra de Magos,prop_transporte_coletivo,13.6,static
1415,Salvaterra de Magos,prop_vagos_bom_estado,71.17218,static
1415,Salvaterra de Magos,racio_vendas_estrangeiros,1,static
1415,Salvaterra de Magos,risco_galgamentos_costeiros,8.141,static
1415,Salvaterra de Magos,risco_incendio_rural,28.614,static
1415,Salvaterra de Magos,risco_inundacao,10.221,static
1415,Salvaterra de Magos,risco_movimento_massa,0.125,static
1415,Salvaterra de Magos,risco_nevao,0,static
1415,Salvaterra de Magos,risco_ondas_calor,70.176,static
1415,Salvaterra de Magos,risco_ondas_frio,33.333,static
1415,Salvaterra de Magos,risco_seca,42.552,static
1415,Salvaterra de Magos,risco_sismo,99.438,static
1415,Salvaterra de Magos,risco_tsunami,8.463,static
1415,Salvaterra de Magos,taxa_bruta_natalidade,6.2,static
1415,Salvaterra de Magos,taxa_crescimento_efetivo,2.08,static
1415,Salvaterra de Magos,taxa_desemprego,7.36,static
1415,Salvaterra de Magos,taxa_esforco_arrendamento,27.43998336,static
1415,Salvaterra de Magos,valor_mediano_vendas_m2,1435,static
1416,Santarém,acessos_internet_banda_larga,42.8,static
1416,Santarém,certificacao_energetica_cf,56.32183908,static
1416,Santarém,coeficiente_gini,44.9,static
1416,Santarém,consumo_energia_eletrica,1474.7,static
1416,Santarém,densidade_populacional,111.6,static
1416,Santarém,disparidade_ganho_mensal,6.7,static
1416,Santarém,duracao_pendulares,19.84,static
1416,Santarém,emissoes_gee_edificios,21.39,static
1416,Santarém,emissoes_gee_transportes,167.17,static
1416,Santarém,empresas_volume_negocios,358092.8,static
1416,Santarém,indice_envelhecimento_edificios,1849.2,static
1416,Santarém,percentagem_poder_compra,0.568,static
1416,Santarém,prop_agregados_unipessoais,27.35,static
1416,Santarém,prop_alojamentos_arrendados,0.041,static
1416,Santarém,prop_alojamentos_locais,1.85,static
1416,Santarém,prop_alojamentos_nao_classicos,0.04,static
1416,Santarém,prop_alojamentos_sobrelotados,8.57142857142857,static
1416,Santarém,prop_alojamentos_vagos,16.2,static
1416,Santarém,prop_ar_condicionado,25.6032888,static
1416,Santarém,prop_edificios_fora_urbano,47,static
1416,Santarém,prop_ensino_secundario,46.62,static
1416,Santarém,prop_habitacao_social,0.856506595,static
1416,Santarém,prop_mais_20min_escola,75.81,static
1416,Santarém,prop_mais_30min_hospital,0,static
1416,Santarém,prop_modo_pedonal,15.3,static
1416,Santarém,prop_nacionalidade_estrangeira,0.192,static
1416,Santarém,prop_necessidade_reparacao,12.54,static
1416,Santarém,prop_pop_65_mais,26.25,static
1416,Santarém,prop_reabilitacao_edificado,22,static
1416,Santarém,prop_risco_pobreza,18.69875,static
1416,Santarém,prop_sem_aquecimento,19.07,static
1416,Santarém,prop_transporte_coletivo,12.4,static
1416,Santarém,prop_vagos_bom_estado,59.75933,static
1416,Santarém,racio_vendas_estrangeiros,1,static
1416,Santarém,risco_galgamentos_costeiros,0.039,static
1416,Santarém,risco_incendio_rural,34.98,static
1416,Santarém,risco_inundacao,6.022,static
1416,Santarém,risco_movimento_massa,3.497,static
1416,Santarém,risco_nevao,0,static
1416,Santarém,risco_ondas_calor,74.315,static
1416,Santarém,risco_ondas_frio,37.973,static
1416,Santarém,risco_seca,33.369,static
1416,Santarém,risco_sismo,72.914,static
1416,Santarém,risco_tsunami,0.021,static
1416,Santarém,taxa_bruta_natalidade,8.4,static
1416,Santarém,taxa_crescimento_efetivo,1.07,static
1416,Santarém,taxa_desemprego,6.28,static
1416,Santarém,taxa_esforco_arrendamento,33.92843691,static
1416,Santarém,valor_mediano_vendas_m2,1194,static
1417,Sardoal,acessos_internet_banda_larga,39.65,static
1417,Sardoal,certificacao_energetica_cf,53.44827586,static
1417,Sardoal,coeficiente_gini,39.3,static
1417,Sardoal,consumo_energia_eletrica,1552.6,static
1417,Sardoal,densidade_populacional,39.5,static
1417,Sardoal,disparidade_ganho_mensal,2.1,static
1417,Sardoal,duracao_pendulares,17.15,static
1417,Sardoal,emissoes_gee_edificios,0.91,static
1417,Sardoal,emissoes_gee_transportes,3.06,static
1417,Sardoal,empresas_volume_negocios,90680.49,static
1417,Sardoal,indice_envelhecimento_edificios,925.8,static
1417,Sardoal,percentagem_poder_compra,0.026,static
1417,Sardoal,prop_agregados_unipessoais,29.25,static
1417,Sardoal,prop_alojamentos_arrendados,0.1258,static
1417,Sardoal,prop_alojamentos_locais,4.41,static
1417,Sardoal,prop_alojamentos_nao_classicos,0.06,static
1417,Sardoal,prop_alojamentos_sobrelotados,7.91268758526603,static
1417,Sardoal,prop_alojamentos_vagos,15.2,static
1417,Sardoal,prop_ar_condicionado,18.7585266,static
1417,Sardoal,prop_edificios_fora_urbano,16.8,static
1417,Sardoal,prop_ensino_secundario,34.47,static
1417,Sardoal,prop_habitacao_social,2.422983731,static
1417,Sardoal,prop_mais_20min_escola,62.91,static
1417,Sardoal,prop_mais_30min_hospital,0,static
1417,Sardoal,prop_modo_pedonal,22.6,static
1417,Sardoal,prop_nacionalidade_estrangeira,0.054,static
1417,Sardoal,prop_necessidade_reparacao,16.5,static
1417,Sardoal,prop_pop_65_mais,32.39,static
1417,Sardoal,prop_reabilitacao_edificado,50,static
1417,Sardoal,prop_risco_pobreza,19.43213988,static
1417,Sardoal,prop_sem_aquecimento,18.14,static
1417,Sardoal,prop_transporte_coletivo,10.5,static
1417,Sardoal,prop_vagos_bom_estado,51.71625,static
1417,Sardoal,racio_vendas_estrangeiros,1,static
1417,Sardoal,risco_galgamentos_costeiros,0,static
1417,Sardoal,risco_incendio_rural,71.551,static
1417,Sardoal,risco_inundacao,0,static
1417,Sardoal,risco_movimento_massa,9.204,static
1417,Sardoal,risco_nevao,0,static
1417,Sardoal,risco_ondas_calor,75,static
1417,Sardoal,risco_ondas_frio,66.667,static
1417,Sardoal,risco_seca,66.667,static
1417,Sardoal,risco_sismo,33.774,static
1417,Sardoal,risco_tsunami,0,static
1417,Sardoal,taxa_bruta_natalidade,4.7,static
1417,Sardoal,taxa_crescimento_efetivo,0.36,static
1417,Sardoal,taxa_desemprego,6.29,static
1417,Sardoal,taxa_esforco_arrendamento,31.90032666,static
1417,Sardoal,valor_mediano_vendas_m2,561,static
1418,Tomar,acessos_internet_banda_larga,44.95,static
1418,Tomar,certificacao_energetica_cf,68.60304288,static
1418,Tomar,coeficiente_gini,42.4,static
1418,Tomar,consumo_energia_eletrica,1532.6,static
1418,Tomar,densidade_populacional,105.5,static
1418,Tomar,disparidade_ganho_mensal,6.9,static
1418,Tomar,duracao_pendulares,17.96,static
1418,Tomar,emissoes_gee_edificios,9.03,static
1418,Tomar,emissoes_gee_transportes,57.76,static
1418,Tomar,empresas_volume_negocios,150538.8,static
1418,Tomar,indice_envelhecimento_edificios,1892.1,static
1418,Tomar,percentagem_poder_compra,0.306,static
1418,Tomar,prop_agregados_unipessoais,28.85,static
1418,Tomar,prop_alojamentos_arrendados,0.0303,static
1418,Tomar,prop_alojamentos_locais,0,static
1418,Tomar,prop_alojamentos_nao_classicos,0.28,static
1418,Tomar,prop_alojamentos_sobrelotados,7.61856065448037,static
1418,Tomar,prop_alojamentos_vagos,17.1,static
1418,Tomar,prop_ar_condicionado,25.29080915,static
1418,Tomar,prop_edificios_fora_urbano,36.3,static
1418,Tomar,prop_ensino_secundario,41.79,static
1418,Tomar,prop_habitacao_social,0.577463719,static
1418,Tomar,prop_mais_20min_escola,68.46,static
1418,Tomar,prop_mais_30min_hospital,1,static
1418,Tomar,prop_modo_pedonal,17.9,static
1418,Tomar,prop_nacionalidade_estrangeira,0.073,static
1418,Tomar,prop_necessidade_reparacao,14.74,static
1418,Tomar,prop_pop_65_mais,30.59,static
1418,Tomar,prop_reabilitacao_edificado,0,static
1418,Tomar,prop_risco_pobreza,19.64065855,static
1418,Tomar,prop_sem_aquecimento,18.18,static
1418,Tomar,prop_transporte_coletivo,8.8,static
1418,Tomar,prop_vagos_bom_estado,56.21634,static
1418,Tomar,racio_vendas_estrangeiros,1,static
1418,Tomar,risco_galgamentos_costeiros,0,static
1418,Tomar,risco_incendio_rural,49.908,static
1418,Tomar,risco_inundacao,1.425,static
1418,Tomar,risco_movimento_massa,2.557,static
1418,Tomar,risco_nevao,0,static
1418,Tomar,risco_ondas_calor,75,static
1418,Tomar,risco_ondas_frio,66.667,static
1418,Tomar,risco_seca,66.667,static
1418,Tomar,risco_sismo,38.763,static
1418,Tomar,risco_tsunami,0,static
1418,Tomar,taxa_bruta_natalidade,6,static
1418,Tomar,taxa_crescimento_efetivo,0.49,static
1418,Tomar,taxa_desemprego,6.65,static
1418,Tomar,taxa_esforco_arrendamento,33.23774217,static
1418,Tomar,valor_mediano_vendas_m2,943,static
1419,Torres Novas,acessos_internet_banda_larga,43.11,static
1419,Torres Novas,certificacao_energetica_cf,65.19174041,static
1419,Torres Novas,coeficiente_gini,40.8,static
1419,Torres Novas,consumo_energia_eletrica,1419.8,static
1419,Torres Novas,densidade_populacional,129.6,static
1419,Torres Novas,disparidade_ganho_mensal,6.1,static
1419,Torres Novas,duracao_pendulares,17.94,static
1419,Torres Novas,emissoes_gee_edificios,11.64,static
1419,Torres Novas,emissoes_gee_transportes,58.9,static
1419,Torres Novas,empresas_volume_negocios,341672.4,static
1419,Torres Novas,indice_envelhecimento_edificios,1771.1,static
1419,Torres Novas,percentagem_poder_compra,0.316,static
1419,Torres Novas,prop_agregados_unipessoais,26.67,static
1419,Torres Novas,prop_alojamentos_arrendados,0.0333,static
1419,Torres Novas,prop_alojamentos_locais,0,static
1419,Torres Novas,prop_alojamentos_nao_classicos,0.02,static
1419,Torres Novas,prop_alojamentos_sobrelotados,7.44035013412395,static
1419,Torres Novas,prop_alojamentos_vagos,17.4,static
1419,Torres Novas,prop_ar_condicionado,34.24396442,static
1419,Torres Novas,prop_edificios_fora_urbano,13.6,static
1419,Torres Novas,prop_ensino_secundario,43.69,static
1419,Torres Novas,prop_habitacao_social,0.420047733,static
1419,Torres Novas,prop_mais_20min_escola,67.44,static
1419,Torres Novas,prop_mais_30min_hospital,0,static
1419,Torres Novas,prop_modo_pedonal,13.7,static
1419,Torres Novas,prop_nacionalidade_estrangeira,0.059,static
1419,Torres Novas,prop_necessidade_reparacao,15.64,static
1419,Torres Novas,prop_pop_65_mais,28.31,static
1419,Torres Novas,prop_reabilitacao_edificado,29.3,static
1419,Torres Novas,prop_risco_pobreza,15.89054054,static
1419,Torres Novas,prop_sem_aquecimento,17.69,static
1419,Torres Novas,prop_transporte_coletivo,9,static
1419,Torres Novas,prop_vagos_bom_estado,53.04945,static
1419,Torres Novas,racio_vendas_estrangeiros,1,static
1419,Torres Novas,risco_galgamentos_costeiros,0,static
1419,Torres Novas,risco_incendio_rural,37.718,static
1419,Torres Novas,risco_inundacao,1.061,static
1419,Torres Novas,risco_movimento_massa,4.608,static
1419,Torres Novas,risco_nevao,0.03,static
1419,Torres Novas,risco_ondas_calor,75,static
1419,Torres Novas,risco_ondas_frio,66.667,static
1419,Torres Novas,risco_seca,63.832,static
1419,Torres Novas,risco_sismo,72.282,static
1419,Torres Novas,risco_tsunami,0,static
1419,Torres Novas,taxa_bruta_natalidade,6.7,static
1419,Torres Novas,taxa_crescimento_efetivo,0.77,static
1419,Torres Novas,taxa_desemprego,5.59,static
1419,Torres Novas,taxa_esforco_arrendamento,27.73927114,static
1419,Torres Novas,valor_mediano_vendas_m2,889,static
1420,Vila Nova da Barquinha,acessos_internet_banda_larga,37.31,static
1420,Vila Nova da Barquinha,certificacao_energetica_cf,54.66666667,static
1420,Vila Nova da Barquinha,coeficiente_gini,38.7,static
1420,Vila Nova da Barquinha,consumo_energia_eletrica,1240.1,static
1420,Vila Nova da Barquinha,densidade_populacional,162.2,static
1420,Vila Nova da Barquinha,disparidade_ganho_mensal,8.7,static
1420,Vila Nova da Barquinha,duracao_pendulares,19.78,static
1420,Vila Nova da Barquinha,emissoes_gee_edificios,1.38,static
1420,Vila Nova da Barquinha,emissoes_gee_transportes,16.42,static
1420,Vila Nova da Barquinha,empresas_volume_negocios,135251.2,static
1420,Vila Nova da Barquinha,indice_envelhecimento_edificios,686.1,static
1420,Vila Nova da Barquinha,percentagem_poder_compra,0.056,static
1420,Vila Nova da Barquinha,prop_agregados_unipessoais,26.45,static
1420,Vila Nova da Barquinha,prop_alojamentos_arrendados,0.0266,static
1420,Vila Nova da Barquinha,prop_alojamentos_locais,0,static
1420,Vila Nova da Barquinha,prop_alojamentos_nao_classicos,0.54,static
1420,Vila Nova da Barquinha,prop_alojamentos_sobrelotados,5.99725839616175,static
1420,Vila Nova da Barquinha,prop_alojamentos_vagos,16.5,static
1420,Vila Nova da Barquinha,prop_ar_condicionado,31.87114462,static
1420,Vila Nova da Barquinha,prop_edificios_fora_urbano,9.2,static
1420,Vila Nova da Barquinha,prop_ensino_secundario,43.82,static
1420,Vila Nova da Barquinha,prop_habitacao_social,1.470948762,static
1420,Vila Nova da Barquinha,prop_mais_20min_escola,51.75,static
1420,Vila Nova da Barquinha,prop_mais_30min_hospital,0,static
1420,Vila Nova da Barquinha,prop_modo_pedonal,13.1,static
1420,Vila Nova da Barquinha,prop_nacionalidade_estrangeira,0.035,static
1420,Vila Nova da Barquinha,prop_necessidade_reparacao,9.51,static
1420,Vila Nova da Barquinha,prop_pop_65_mais,27.61,static
1420,Vila Nova da Barquinha,prop_reabilitacao_edificado,12.9,static
1420,Vila Nova da Barquinha,prop_risco_pobreza,12.57723077,static
1420,Vila Nova da Barquinha,prop_sem_aquecimento,16.31,static
1420,Vila Nova da Barquinha,prop_transporte_coletivo,10.1,static
1420,Vila Nova da Barquinha,prop_vagos_bom_estado,65.33333,static
1420,Vila Nova da Barquinha,racio_vendas_estrangeiros,1,static
1420,Vila Nova da Barquinha,risco_galgamentos_costeiros,0,static
1420,Vila Nova da Barquinha,risco_incendio_rural,49.076,static
1420,Vila Nova da Barquinha,risco_inundacao,5.696,static
1420,Vila Nova da Barquinha,risco_movimento_massa,2.714,static
1420,Vila Nova da Barquinha,risco_nevao,0,static
1420,Vila Nova da Barquinha,risco_ondas_calor,75,static
1420,Vila Nova da Barquinha,risco_ondas_frio,66.667,static
1420,Vila Nova da Barquinha,risco_seca,66.667,static
1420,Vila Nova da Barquinha,risco_sismo,58.199,static
1420,Vila Nova da Barquinha,risco_tsunami,0,static
1420,Vila Nova da Barquinha,taxa_bruta_natalidade,8.9,static
1420,Vila Nova da Barquinha,taxa_crescimento_efetivo,3.15,static
1420,Vila Nova da Barquinha,taxa_desemprego,6.69,static
1420,Vila Nova da Barquinha,taxa_esforco_arrendamento,21.30138248,static
1420,Vila Nova da Barquinha,valor_mediano_vendas_m2,1097,static
1421,Ourém,acessos_internet_banda_larga,37.29,static
1421,Ourém,certificacao_energetica_cf,54.59290188,static
1421,Ourém,coeficiente_gini,40.2,static
1421,Ourém,consumo_energia_eletrica,1387.3,static
1421,Ourém,densidade_populacional,112.8,static
1421,Ourém,disparidade_ganho_mensal,10.7,static
1421,Ourém,duracao_pendulares,16.78,static
1421,Ourém,emissoes_gee_edificios,4.115,static
1421,Ourém,emissoes_gee_transportes,64.99,static
1421,Ourém,empresas_volume_negocios,321596.6,static
1421,Ourém,indice_envelhecimento_edificios,689.2,static
1421,Ourém,percentagem_poder_compra,0.383,static
1421,Ourém,prop_agregados_unipessoais,26.16,static
1421,Ourém,prop_alojamentos_arrendados,0.0234,static
1421,Ourém,prop_alojamentos_locais,6.5,static
1421,Ourém,prop_alojamentos_nao_classicos,0.03,static
1421,Ourém,prop_alojamentos_sobrelotados,8.52888348108233,static
1421,Ourém,prop_alojamentos_vagos,16.5,static
1421,Ourém,prop_ar_condicionado,11.078278,static
1421,Ourém,prop_edificios_fora_urbano,33.3,static
1421,Ourém,prop_ensino_secundario,39.03,static
1421,Ourém,prop_habitacao_social,0,static
1421,Ourém,prop_mais_20min_escola,75.53,static
1421,Ourém,prop_mais_30min_hospital,0,static
1421,Ourém,prop_modo_pedonal,13.5,static
1421,Ourém,prop_nacionalidade_estrangeira,0.139,static
1421,Ourém,prop_necessidade_reparacao,12.41,static
1421,Ourém,prop_pop_65_mais,26.82,static
1421,Ourém,prop_reabilitacao_edificado,0,static
1421,Ourém,prop_risco_pobreza,19.89596167,static
1421,Ourém,prop_sem_aquecimento,17.68,static
1421,Ourém,prop_transporte_coletivo,10.2,static
1421,Ourém,prop_vagos_bom_estado,57.56652,static
1421,Ourém,racio_vendas_estrangeiros,1,static
1421,Ourém,risco_galgamentos_costeiros,0,static
1421,Ourém,risco_incendio_rural,55.715,static
1421,Ourém,risco_inundacao,0,static
1421,Ourém,risco_movimento_massa,6.587,static
1421,Ourém,risco_nevao,0.113,static
1421,Ourém,risco_ondas_calor,69.806,static
1421,Ourém,risco_ondas_frio,66.667,static
1421,Ourém,risco_seca,65.122,static
1421,Ourém,risco_sismo,45.411,static
1421,Ourém,risco_tsunami,0,static
1421,Ourém,taxa_bruta_natalidade,7.1,static
1421,Ourém,taxa_crescimento_efetivo,1.02,static
1421,Ourém,taxa_desemprego,4.76,static
1421,Ourém,taxa_esforco_arrendamento,33.85317546,static
1421,Ourém,valor_mediano_vendas_m2,1000,static
1501,Alcácer do Sal,acessos_internet_banda_larga,51.53,static
1501,Alcácer do Sal,certificacao_energetica_cf,33.82663848,static
1501,Alcácer do Sal,coeficiente_gini,39.8,static
1501,Alcácer do Sal,consumo_energia_eletrica,1860.1,static
1501,Alcácer do Sal,densidade_populacional,7.4,static
1501,Alcácer do Sal,disparidade_ganho_mensal,8.3,static
1501,Alcácer do Sal,duracao_pendulares,18.2,static
1501,Alcácer do Sal,emissoes_gee_edificios,4.18,static
1501,Alcácer do Sal,emissoes_gee_transportes,73.33,static
1501,Alcácer do Sal,empresas_volume_negocios,165599.2,static
1501,Alcácer do Sal,indice_envelhecimento_edificios,1527.7,static
1501,Alcácer do Sal,percentagem_poder_compra,0.09,static
1501,Alcácer do Sal,prop_agregados_unipessoais,28.82,static
1501,Alcácer do Sal,prop_alojamentos_arrendados,0.0278,static
1501,Alcácer do Sal,prop_alojamentos_locais,15.48,static
1501,Alcácer do Sal,prop_alojamentos_nao_classicos,0.05,static
1501,Alcácer do Sal,prop_alojamentos_sobrelotados,10.9384975526707,static
1501,Alcácer do Sal,prop_alojamentos_vagos,19.5,static
1501,Alcácer do Sal,prop_ar_condicionado,19.621196,static
1501,Alcácer do Sal,prop_edificios_fora_urbano,18.1,static
1501,Alcácer do Sal,prop_ensino_secundario,31.82,static
1501,Alcácer do Sal,prop_habitacao_social,0.810692375,static
1501,Alcácer do Sal,prop_mais_20min_escola,71.8,static
1501,Alcácer do Sal,prop_mais_30min_hospital,100,static
1501,Alcácer do Sal,prop_modo_pedonal,21.5,static
1501,Alcácer do Sal,prop_nacionalidade_estrangeira,0.097,static
1501,Alcácer do Sal,prop_necessidade_reparacao,13.1,static
1501,Alcácer do Sal,prop_pop_65_mais,31.11,static
1501,Alcácer do Sal,prop_reabilitacao_edificado,0,static
1501,Alcácer do Sal,prop_risco_pobreza,18.18023715,static
1501,Alcácer do Sal,prop_sem_aquecimento,27.13,static
1501,Alcácer do Sal,prop_transporte_coletivo,11.7,static
1501,Alcácer do Sal,prop_vagos_bom_estado,63.31019,static
1501,Alcácer do Sal,racio_vendas_estrangeiros,1,static
1501,Alcácer do Sal,risco_galgamentos_costeiros,2.557,static
1501,Alcácer do Sal,risco_incendio_rural,23.612,static
1501,Alcácer do Sal,risco_inundacao,1.203,static
1501,Alcácer do Sal,risco_movimento_massa,0.361,static
1501,Alcácer do Sal,risco_nevao,0,static
1501,Alcácer do Sal,risco_ondas_calor,45.133,static
1501,Alcácer do Sal,risco_ondas_frio,47.182,static
1501,Alcácer do Sal,risco_seca,66.789,static
1501,Alcácer do Sal,risco_sismo,73.808,static
1501,Alcácer do Sal,risco_tsunami,13.351,static
1501,Alcácer do Sal,taxa_bruta_natalidade,5.7,static
1501,Alcácer do Sal,taxa_crescimento_efetivo,-0.42,static
1501,Alcácer do Sal,taxa_desemprego,5.19,static
1501,Alcácer do Sal,taxa_esforco_arrendamento,36.3889051,static
1501,Alcácer do Sal,valor_mediano_vendas_m2,1475,static
1502,Alcochete,acessos_internet_banda_larga,43.55,static
1502,Alcochete,certificacao_energetica_cf,51.62037037,static
1502,Alcochete,coeficiente_gini,49.9,static
1502,Alcochete,consumo_energia_eletrica,1328.5,static
1502,Alcochete,densidade_populacional,159.4,static
1502,Alcochete,disparidade_ganho_mensal,38.3,static
1502,Alcochete,duracao_pendulares,24.65,static
1502,Alcochete,emissoes_gee_edificios,3.03,static
1502,Alcochete,emissoes_gee_transportes,74.31,static
1502,Alcochete,empresas_volume_negocios,922114.7,static
1502,Alcochete,indice_envelhecimento_edificios,931.4,static
1502,Alcochete,percentagem_poder_compra,0.222,static
1502,Alcochete,prop_agregados_unipessoais,22.85,static
1502,Alcochete,prop_alojamentos_arrendados,0.0241,static
1502,Alcochete,prop_alojamentos_locais,2.47,static
1502,Alcochete,prop_alojamentos_nao_classicos,0.29,static
1502,Alcochete,prop_alojamentos_sobrelotados,11.0511401970044,static
1502,Alcochete,prop_alojamentos_vagos,9.8,static
1502,Alcochete,prop_ar_condicionado,33.99001484,static
1502,Alcochete,prop_edificios_fora_urbano,15.2,static
1502,Alcochete,prop_ensino_secundario,57.52,static
1502,Alcochete,prop_habitacao_social,0.83686805,static
1502,Alcochete,prop_mais_20min_escola,43.62,static
1502,Alcochete,prop_mais_30min_hospital,0,static
1502,Alcochete,prop_modo_pedonal,17.9,static
1502,Alcochete,prop_nacionalidade_estrangeira,0.112,static
1502,Alcochete,prop_necessidade_reparacao,15.55,static
1502,Alcochete,prop_pop_65_mais,17.8,static
1502,Alcochete,prop_reabilitacao_edificado,10,static
1502,Alcochete,prop_risco_pobreza,13.94610778,static
1502,Alcochete,prop_sem_aquecimento,24.33,static
1502,Alcochete,prop_transporte_coletivo,19.8,static
1502,Alcochete,prop_vagos_bom_estado,65.62848,static
1502,Alcochete,racio_vendas_estrangeiros,1,static
1502,Alcochete,risco_galgamentos_costeiros,29.472,static
1502,Alcochete,risco_incendio_rural,12.96,static
1502,Alcochete,risco_inundacao,0,static
1502,Alcochete,risco_movimento_massa,0,static
1502,Alcochete,risco_nevao,0,static
1502,Alcochete,risco_ondas_calor,29.76,static
1502,Alcochete,risco_ondas_frio,33.332,static
1502,Alcochete,risco_seca,52.191,static
1502,Alcochete,risco_sismo,72.636,static
1502,Alcochete,risco_tsunami,61.07,static
1502,Alcochete,taxa_bruta_natalidade,8.1,static
1502,Alcochete,taxa_crescimento_efetivo,1.78,static
1502,Alcochete,taxa_desemprego,7.52,static
1502,Alcochete,taxa_esforco_arrendamento,41.6361991,static
1502,Alcochete,valor_mediano_vendas_m2,2213,static
1503,Almada,acessos_internet_banda_larga,50.95,static
1503,Almada,certificacao_energetica_cf,58.81761006,static
1503,Almada,coeficiente_gini,46.6,static
1503,Almada,consumo_energia_eletrica,1274.4,static
1503,Almada,densidade_populacional,2623.1,static
1503,Almada,disparidade_ganho_mensal,3.8,static
1503,Almada,duracao_pendulares,27.57,static
1503,Almada,emissoes_gee_edificios,44.54,static
1503,Almada,emissoes_gee_transportes,317.77,static
1503,Almada,empresas_volume_negocios,113597.8,static
1503,Almada,indice_envelhecimento_edificios,445.8,static
1503,Almada,percentagem_poder_compra,1.805,static
1503,Almada,prop_agregados_unipessoais,29.67,static
1503,Almada,prop_alojamentos_arrendados,0.1045,static
1503,Almada,prop_alojamentos_locais,9.82,static
1503,Almada,prop_alojamentos_nao_classicos,0.17,static
1503,Almada,prop_alojamentos_sobrelotados,14.3538451347949,static
1503,Almada,prop_alojamentos_vagos,8.6,static
1503,Almada,prop_ar_condicionado,20.23183414,static
1503,Almada,prop_edificios_fora_urbano,5.4,static
1503,Almada,prop_ensino_secundario,53.91,static
1503,Almada,prop_habitacao_social,4.723043762,static
1503,Almada,prop_mais_20min_escola,31.16,static
1503,Almada,prop_mais_30min_hospital,0,static
1503,Almada,prop_modo_pedonal,17.3,static
1503,Almada,prop_nacionalidade_estrangeira,0.208,static
1503,Almada,prop_necessidade_reparacao,10.5,static
1503,Almada,prop_pop_65_mais,23.8,static
1503,Almada,prop_reabilitacao_edificado,0,static
1503,Almada,prop_risco_pobreza,17.34376577,static
1503,Almada,prop_sem_aquecimento,36.89,static
1503,Almada,prop_transporte_coletivo,29.9,static
1503,Almada,prop_vagos_bom_estado,78.43718,static
1503,Almada,racio_vendas_estrangeiros,1.126766417,static
1503,Almada,risco_galgamentos_costeiros,14.127,static
1503,Almada,risco_incendio_rural,16.707,static
1503,Almada,risco_inundacao,0,static
1503,Almada,risco_movimento_massa,5.803,static
1503,Almada,risco_nevao,0,static
1503,Almada,risco_ondas_calor,25,static
1503,Almada,risco_ondas_frio,33.333,static
1503,Almada,risco_seca,33.333,static
1503,Almada,risco_sismo,94.864,static
1503,Almada,risco_tsunami,15.72,static
1503,Almada,taxa_bruta_natalidade,9.5,static
1503,Almada,taxa_crescimento_efetivo,1.32,static
1503,Almada,taxa_desemprego,10.06,static
1503,Almada,taxa_esforco_arrendamento,59.02727622,static
1503,Almada,valor_mediano_vendas_m2,2644,static
1504,Barreiro,acessos_internet_banda_larga,46.65,static
1504,Barreiro,certificacao_energetica_cf,63.52877891,static
1504,Barreiro,coeficiente_gini,42.4,static
1504,Barreiro,consumo_energia_eletrica,1074.2,static
1504,Barreiro,densidade_populacional,2229.5,static
1504,Barreiro,disparidade_ganho_mensal,8.8,static
1504,Barreiro,duracao_pendulares,32.35,static
1504,Barreiro,emissoes_gee_edificios,27.6,static
1504,Barreiro,emissoes_gee_transportes,138.64,static
1504,Barreiro,empresas_volume_negocios,105471.5,static
1504,Barreiro,indice_envelhecimento_edificios,1914.9,static
1504,Barreiro,percentagem_poder_compra,0.735,static
1504,Barreiro,prop_agregados_unipessoais,29.63,static
1504,Barreiro,prop_alojamentos_arrendados,0.0229,static
1504,Barreiro,prop_alojamentos_locais,1.25,static
1504,Barreiro,prop_alojamentos_nao_classicos,0.05,static
1504,Barreiro,prop_alojamentos_sobrelotados,12.7147266057182,static
1504,Barreiro,prop_alojamentos_vagos,11.2,static
1504,Barreiro,prop_ar_condicionado,20.17993362,static
1504,Barreiro,prop_edificios_fora_urbano,1.5,static
1504,Barreiro,prop_ensino_secundario,49.34,static
1504,Barreiro,prop_habitacao_social,0.992248062,static
1504,Barreiro,prop_mais_20min_escola,16.35,static
1504,Barreiro,prop_mais_30min_hospital,0,static
1504,Barreiro,prop_modo_pedonal,19.7,static
1504,Barreiro,prop_nacionalidade_estrangeira,0.208,static
1504,Barreiro,prop_necessidade_reparacao,10.7,static
1504,Barreiro,prop_pop_65_mais,25.56,static
1504,Barreiro,prop_reabilitacao_edificado,30.3,static
1504,Barreiro,prop_risco_pobreza,15.97935904,static
1504,Barreiro,prop_sem_aquecimento,37.74,static
1504,Barreiro,prop_transporte_coletivo,34.4,static
1504,Barreiro,prop_vagos_bom_estado,74.91955,static
1504,Barreiro,racio_vendas_estrangeiros,1.06039489,static
1504,Barreiro,risco_galgamentos_costeiros,18.224,static
1504,Barreiro,risco_incendio_rural,18.241,static
1504,Barreiro,risco_inundacao,0,static
1504,Barreiro,risco_movimento_massa,0.122,static
1504,Barreiro,risco_nevao,0,static
1504,Barreiro,risco_ondas_calor,25,static
1504,Barreiro,risco_ondas_frio,28.902,static
1504,Barreiro,risco_seca,47.992,static
1504,Barreiro,risco_sismo,84.629,static
1504,Barreiro,risco_tsunami,40.191,static
1504,Barreiro,taxa_bruta_natalidade,10.4,static
1504,Barreiro,taxa_crescimento_efetivo,1.45,static
1504,Barreiro,taxa_desemprego,10.29,static
1504,Barreiro,taxa_esforco_arrendamento,50.76056338,static
1504,Barreiro,valor_mediano_vendas_m2,1942,static
1505,Grândola,acessos_internet_banda_larga,60.42,static
1505,Grândola,certificacao_energetica_cf,23.45276873,static
1505,Grândola,coeficiente_gini,44.6,static
1505,Grândola,consumo_energia_eletrica,2252.8,static
1505,Grândola,densidade_populacional,17.2,static
1505,Grândola,disparidade_ganho_mensal,10.5,static
1505,Grândola,duracao_pendulares,17.65,static
1505,Grândola,emissoes_gee_edificios,5.1,static
1505,Grândola,emissoes_gee_transportes,39.02,static
1505,Grândola,empresas_volume_negocios,188966.4,static
1505,Grândola,indice_envelhecimento_edificios,344.4,static
1505,Grândola,percentagem_poder_compra,0.121,static
1505,Grândola,prop_agregados_unipessoais,28.27,static
1505,Grândola,prop_alojamentos_arrendados,0.1355,static
1505,Grândola,prop_alojamentos_locais,24.26,static
1505,Grândola,prop_alojamentos_nao_classicos,0.09,static
1505,Grândola,prop_alojamentos_sobrelotados,12.1206743566992,static
1505,Grândola,prop_alojamentos_vagos,13.5,static
1505,Grândola,prop_ar_condicionado,22.16503993,static
1505,Grândola,prop_edificios_fora_urbano,38,static
1505,Grândola,prop_ensino_secundario,36.67,static
1505,Grândola,prop_habitacao_social,1.279317697,static
1505,Grândola,prop_mais_20min_escola,62.14,static
1505,Grândola,prop_mais_30min_hospital,12,static
1505,Grândola,prop_modo_pedonal,25.6,static
1505,Grândola,prop_nacionalidade_estrangeira,0.159,static
1505,Grândola,prop_necessidade_reparacao,10.41,static
1505,Grândola,prop_pop_65_mais,27.62,static
1505,Grândola,prop_reabilitacao_edificado,14.4,static
1505,Grândola,prop_risco_pobreza,19.99865501,static
1505,Grândola,prop_sem_aquecimento,26.19,static
1505,Grândola,prop_transporte_coletivo,8.8,static
1505,Grândola,prop_vagos_bom_estado,71.97867,static
1505,Grândola,racio_vendas_estrangeiros,1,static
1505,Grândola,risco_galgamentos_costeiros,4.863,static
1505,Grândola,risco_incendio_rural,28.871,static
1505,Grândola,risco_inundacao,0,static
1505,Grândola,risco_movimento_massa,0.323,static
1505,Grândola,risco_nevao,0,static
1505,Grândola,risco_ondas_calor,42.878,static
1505,Grândola,risco_ondas_frio,45.984,static
1505,Grândola,risco_seca,66.667,static
1505,Grândola,risco_sismo,77.478,static
1505,Grândola,risco_tsunami,5.917,static
1505,Grândola,taxa_bruta_natalidade,10,static
1505,Grândola,taxa_crescimento_efetivo,0.43,static
1505,Grândola,taxa_desemprego,6.37,static
1505,Grândola,taxa_esforco_arrendamento,47.31185337,static
1505,Grândola,valor_mediano_vendas_m2,1877,static
1506,Moita,acessos_internet_banda_larga,43.81,static
1506,Moita,certificacao_energetica_cf,82.560137460000007,static
1506,Moita,coeficiente_gini,40.7,static
1506,Moita,consumo_energia_eletrica,1053.7,static
1506,Moita,densidade_populacional,1274,static
1506,Moita,disparidade_ganho_mensal,6.7,static
1506,Moita,duracao_pendulares,29.28,static
1506,Moita,emissoes_gee_edificios,13.66,static
1506,Moita,emissoes_gee_transportes,108.31,static
1506,Moita,empresas_volume_negocios,125526.7,static
1506,Moita,indice_envelhecimento_edificios,1095.3,static
1506,Moita,percentagem_poder_compra,0.544,static
1506,Moita,prop_agregados_unipessoais,26.49,static
1506,Moita,prop_alojamentos_arrendados,0.0596,static
1506,Moita,prop_alojamentos_locais,0.68,static
1506,Moita,prop_alojamentos_nao_classicos,0.05,static
1506,Moita,prop_alojamentos_sobrelotados,15.8172359853032,static
1506,Moita,prop_alojamentos_vagos,12.1,static
1506,Moita,prop_ar_condicionado,17.82531194,static
1506,Moita,prop_edificios_fora_urbano,9.3,static
1506,Moita,prop_ensino_secundario,43.96,static
1506,Moita,prop_habitacao_social,2.579153326,static
1506,Moita,prop_mais_20min_escola,50.21,static
1506,Moita,prop_mais_30min_hospital,0,static
1506,Moita,prop_modo_pedonal,20,static
1506,Moita,prop_nacionalidade_estrangeira,0.188,static
1506,Moita,prop_necessidade_reparacao,17,static
1506,Moita,prop_pop_65_mais,21.91,static
1506,Moita,prop_reabilitacao_edificado,0,static
1506,Moita,prop_risco_pobreza,17.55218855,static
1506,Moita,prop_sem_aquecimento,39.37,static
1506,Moita,prop_transporte_coletivo,28.6,static
1506,Moita,prop_vagos_bom_estado,62.48207,static
1506,Moita,racio_vendas_estrangeiros,1,static
1506,Moita,risco_galgamentos_costeiros,25.578,static
1506,Moita,risco_incendio_rural,12.735,static
1506,Moita,risco_inundacao,0,static
1506,Moita,risco_movimento_massa,0,static
1506,Moita,risco_nevao,0,static
1506,Moita,risco_ondas_calor,25,static
1506,Moita,risco_ondas_frio,33.333,static
1506,Moita,risco_seca,50.945,static
1506,Moita,risco_sismo,82.775,static
1506,Moita,risco_tsunami,55.5,static
1506,Moita,taxa_bruta_natalidade,11,static
1506,Moita,taxa_crescimento_efetivo,2.08,static
1506,Moita,taxa_desemprego,12.05,static
1506,Moita,taxa_esforco_arrendamento,48.91827263,static
1506,Moita,valor_mediano_vendas_m2,1705,static
1507,Montijo,acessos_internet_banda_larga,43.46,static
1507,Montijo,certificacao_energetica_cf,40.33264033,static
1507,Montijo,coeficiente_gini,46.6,static
1507,Montijo,consumo_energia_eletrica,1218.4,static
1507,Montijo,densidade_populacional,173.9,static
1507,Montijo,disparidade_ganho_mensal,7.3,static
1507,Montijo,duracao_pendulares,24.22,static
1507,Montijo,emissoes_gee_edificios,12.9,static
1507,Montijo,emissoes_gee_transportes,120.15,static
1507,Montijo,empresas_volume_negocios,280770.2,static
1507,Montijo,indice_envelhecimento_edificios,1094.8,static
1507,Montijo,percentagem_poder_compra,0.571,static
1507,Montijo,prop_agregados_unipessoais,24.55,static
1507,Montijo,prop_alojamentos_arrendados,0.0481,static
1507,Montijo,prop_alojamentos_locais,1.9,static
1507,Montijo,prop_alojamentos_nao_classicos,0.25,static
1507,Montijo,prop_alojamentos_sobrelotados,12.4321389793702,static
1507,Montijo,prop_alojamentos_vagos,13.1,static
1507,Montijo,prop_ar_condicionado,30.40173724,static
1507,Montijo,prop_edificios_fora_urbano,20.4,static
1507,Montijo,prop_ensino_secundario,52.29,static
1507,Montijo,prop_habitacao_social,2.05535661,static
1507,Montijo,prop_mais_20min_escola,40.03,static
1507,Montijo,prop_mais_30min_hospital,2,static
1507,Montijo,prop_modo_pedonal,17.9,static
1507,Montijo,prop_nacionalidade_estrangeira,0.259,static
1507,Montijo,prop_necessidade_reparacao,10.51,static
1507,Montijo,prop_pop_65_mais,18.76,static
1507,Montijo,prop_reabilitacao_edificado,15,static
1507,Montijo,prop_risco_pobreza,19.29530917,static
1507,Montijo,prop_sem_aquecimento,29.25,static
1507,Montijo,prop_transporte_coletivo,18.7,static
1507,Montijo,prop_vagos_bom_estado,68.9693,static
1507,Montijo,racio_vendas_estrangeiros,1.047290117,static
1507,Montijo,risco_galgamentos_costeiros,2.788,static
1507,Montijo,risco_incendio_rural,23.558,static
1507,Montijo,risco_inundacao,0,static
1507,Montijo,risco_movimento_massa,0.004,static
1507,Montijo,risco_nevao,0,static
1507,Montijo,risco_ondas_calor,45.309,static
1507,Montijo,risco_ondas_frio,33.291,static
1507,Montijo,risco_seca,64.184,static
1507,Montijo,risco_sismo,87.136,static
1507,Montijo,risco_tsunami,8.184,static
1507,Montijo,taxa_bruta_natalidade,10.3,static
1507,Montijo,taxa_crescimento_efetivo,2.36,static
1507,Montijo,taxa_desemprego,9.21,static
1507,Montijo,taxa_esforco_arrendamento,50.31852055,static
1507,Montijo,valor_mediano_vendas_m2,2040,static
1508,Palmela,acessos_internet_banda_larga,42.92,static
1508,Palmela,certificacao_energetica_cf,64.47368421,static
1508,Palmela,coeficiente_gini,45.2,static
1508,Palmela,consumo_energia_eletrica,1523.8,static
1508,Palmela,densidade_populacional,160.1,static
1508,Palmela,disparidade_ganho_mensal,8.4,static
1508,Palmela,duracao_pendulares,24.73,static
1508,Palmela,emissoes_gee_edificios,20.41,static
1508,Palmela,emissoes_gee_transportes,168.58,static
1508,Palmela,empresas_volume_negocios,1004262,static
1508,Palmela,indice_envelhecimento_edificios,333.5,static
1508,Palmela,percentagem_poder_compra,0.66,static
1508,Palmela,prop_agregados_unipessoais,23.13,static
1508,Palmela,prop_alojamentos_arrendados,0.0163,static
1508,Palmela,prop_alojamentos_locais,2.62,static
1508,Palmela,prop_alojamentos_nao_classicos,0.25,static
1508,Palmela,prop_alojamentos_sobrelotados,13.2709788896401,static
1508,Palmela,prop_alojamentos_vagos,10.9,static
1508,Palmela,prop_ar_condicionado,29.75358726,static
1508,Palmela,prop_edificios_fora_urbano,34.9,static
1508,Palmela,prop_ensino_secundario,49.46,static
1508,Palmela,prop_habitacao_social,0.090249992,static
1508,Palmela,prop_mais_20min_escola,64.74,static
1508,Palmela,prop_mais_30min_hospital,0,static
1508,Palmela,prop_modo_pedonal,14.1,static
1508,Palmela,prop_nacionalidade_estrangeira,0.113,static
1508,Palmela,prop_necessidade_reparacao,11.08,static
1508,Palmela,prop_pop_65_mais,21.15,static
1508,Palmela,prop_reabilitacao_edificado,16,static
1508,Palmela,prop_risco_pobreza,16.46256983,static
1508,Palmela,prop_sem_aquecimento,28.11,static
1508,Palmela,prop_transporte_coletivo,19.8,static
1508,Palmela,prop_vagos_bom_estado,70.81784,static
1508,Palmela,racio_vendas_estrangeiros,1,static
1508,Palmela,risco_galgamentos_costeiros,0.939,static
1508,Palmela,risco_incendio_rural,21.867,static
1508,Palmela,risco_inundacao,0.043,static
1508,Palmela,risco_movimento_massa,1.105,static
1508,Palmela,risco_nevao,0,static
1508,Palmela,risco_ondas_calor,37.719,static
1508,Palmela,risco_ondas_frio,33.156,static
1508,Palmela,risco_seca,66.667,static
1508,Palmela,risco_sismo,95.389,static
1508,Palmela,risco_tsunami,8.248,static
1508,Palmela,taxa_bruta_natalidade,8.4,static
1508,Palmela,taxa_crescimento_efetivo,2.07,static
1508,Palmela,taxa_desemprego,7.95,static
1508,Palmela,taxa_esforco_arrendamento,38.16740088,static
1508,Palmela,valor_mediano_vendas_m2,1963,static
1509,Santiago do Cacém,acessos_internet_banda_larga,46.32,static
1509,Santiago do Cacém,certificacao_energetica_cf,54.45736434,static
1509,Santiago do Cacém,coeficiente_gini,45.4,static
1509,Santiago do Cacém,consumo_energia_eletrica,1491,static
1509,Santiago do Cacém,densidade_populacional,26.7,static
1509,Santiago do Cacém,disparidade_ganho_mensal,6.7,static
1509,Santiago do Cacém,duracao_pendulares,16.39,static
1509,Santiago do Cacém,emissoes_gee_edificios,7.48,static
1509,Santiago do Cacém,emissoes_gee_transportes,26.88,static
1509,Santiago do Cacém,empresas_volume_negocios,174317.2,static
1509,Santiago do Cacém,indice_envelhecimento_edificios,1711.9,static
1509,Santiago do Cacém,percentagem_poder_compra,0.261,static
1509,Santiago do Cacém,prop_agregados_unipessoais,29.44,static
1509,Santiago do Cacém,prop_alojamentos_arrendados,0.0401,static
1509,Santiago do Cacém,prop_alojamentos_locais,6.02,static
1509,Santiago do Cacém,prop_alojamentos_nao_classicos,0.01,static
1509,Santiago do Cacém,prop_alojamentos_sobrelotados,10.1508691374221,static
1509,Santiago do Cacém,prop_alojamentos_vagos,13.4,static
1509,Santiago do Cacém,prop_ar_condicionado,17.52213841,static
1509,Santiago do Cacém,prop_edificios_fora_urbano,31.2,static
1509,Santiago do Cacém,prop_ensino_secundario,42.46,static
1509,Santiago do Cacém,prop_habitacao_social,0.816348597,static
1509,Santiago do Cacém,prop_mais_20min_escola,56.05,static
1509,Santiago do Cacém,prop_mais_30min_hospital,16,static
1509,Santiago do Cacém,prop_modo_pedonal,21.1,static
1509,Santiago do Cacém,prop_nacionalidade_estrangeira,0.113,static
1509,Santiago do Cacém,prop_necessidade_reparacao,10.65,static
1509,Santiago do Cacém,prop_pop_65_mais,29.08,static
1509,Santiago do Cacém,prop_reabilitacao_edificado,9.8,static
1509,Santiago do Cacém,prop_risco_pobreza,15.43502135,static
1509,Santiago do Cacém,prop_sem_aquecimento,26.12,static
1509,Santiago do Cacém,prop_transporte_coletivo,9.9,static
1509,Santiago do Cacém,prop_vagos_bom_estado,69.35743,static
1509,Santiago do Cacém,racio_vendas_estrangeiros,1,static
1509,Santiago do Cacém,risco_galgamentos_costeiros,1.328,static
1509,Santiago do Cacém,risco_incendio_rural,25.73,static
1509,Santiago do Cacém,risco_inundacao,0.314,static
1509,Santiago do Cacém,risco_movimento_massa,0.452,static
1509,Santiago do Cacém,risco_nevao,0,static
1509,Santiago do Cacém,risco_ondas_calor,45.76,static
1509,Santiago do Cacém,risco_ondas_frio,54.488,static
1509,Santiago do Cacém,risco_seca,66.667,static
1509,Santiago do Cacém,risco_sismo,66.131,static
1509,Santiago do Cacém,risco_tsunami,1.241,static
1509,Santiago do Cacém,taxa_bruta_natalidade,6.1,static
1509,Santiago do Cacém,taxa_crescimento_efetivo,0.17,static
1509,Santiago do Cacém,taxa_desemprego,6.65,static
1509,Santiago do Cacém,taxa_esforco_arrendamento,36.89219051,static
1509,Santiago do Cacém,valor_mediano_vendas_m2,1751,static
1510,Seixal,acessos_internet_banda_larga,46.45,static
1510,Seixal,certificacao_energetica_cf,55.14447745,static
1510,Seixal,coeficiente_gini,44.1,static
1510,Seixal,consumo_energia_eletrica,1214.9,static
1510,Seixal,densidade_populacional,1853.1,static
1510,Seixal,disparidade_ganho_mensal,19.5,static
1510,Seixal,duracao_pendulares,29.07,static
1510,Seixal,emissoes_gee_edificios,40.63,static
1510,Seixal,emissoes_gee_transportes,291.79,static
1510,Seixal,empresas_volume_negocios,183638.3,static
1510,Seixal,indice_envelhecimento_edificios,106.9,static
1510,Seixal,percentagem_poder_compra,1.562,static
1510,Seixal,prop_agregados_unipessoais,24.22,static
1510,Seixal,prop_alojamentos_arrendados,0.0376,static
1510,Seixal,prop_alojamentos_locais,2.92,static
1510,Seixal,prop_alojamentos_nao_classicos,0.02,static
1510,Seixal,prop_alojamentos_sobrelotados,13.4450795155033,static
1510,Seixal,prop_alojamentos_vagos,8,static
1510,Seixal,prop_ar_condicionado,24.935588,static
1510,Seixal,prop_edificios_fora_urbano,2.1,static
1510,Seixal,prop_ensino_secundario,51.95,static
1510,Seixal,prop_habitacao_social,0.954400848,static
1510,Seixal,prop_mais_20min_escola,35.42,static
1510,Seixal,prop_mais_30min_hospital,0,static
1510,Seixal,prop_modo_pedonal,14.4,static
1510,Seixal,prop_nacionalidade_estrangeira,0.198,static
1510,Seixal,prop_necessidade_reparacao,7.4,static
1510,Seixal,prop_pop_65_mais,21.52,static
1510,Seixal,prop_reabilitacao_edificado,0,static
1510,Seixal,prop_risco_pobreza,16.26680244,static
1510,Seixal,prop_sem_aquecimento,33.93,static
1510,Seixal,prop_transporte_coletivo,30.4,static
1510,Seixal,prop_vagos_bom_estado,82.96119,static
1510,Seixal,racio_vendas_estrangeiros,1.099502488,static
1510,Seixal,risco_galgamentos_costeiros,8.699,static
1510,Seixal,risco_incendio_rural,21.451,static
1510,Seixal,risco_inundacao,0,static
1510,Seixal,risco_movimento_massa,0,static
1510,Seixal,risco_nevao,0,static
1510,Seixal,risco_ondas_calor,25.055,static
1510,Seixal,risco_ondas_frio,33.324,static
1510,Seixal,risco_seca,38.342,static
1510,Seixal,risco_sismo,90.88,static
1510,Seixal,risco_tsunami,23.675,static
1510,Seixal,taxa_bruta_natalidade,11,static
1510,Seixal,taxa_crescimento_efetivo,2.13,static
1510,Seixal,taxa_desemprego,9.23,static
1510,Seixal,taxa_esforco_arrendamento,47.1761194,static
1510,Seixal,valor_mediano_vendas_m2,2171,static
1511,Sesimbra,acessos_internet_banda_larga,52.93,static
1511,Sesimbra,certificacao_energetica_cf,52.41477273,static
1511,Sesimbra,coeficiente_gini,42.9,static
1511,Sesimbra,consumo_energia_eletrica,1556.5,static
1511,Sesimbra,densidade_populacional,289.1,static
1511,Sesimbra,disparidade_ganho_mensal,6.1,static
1511,Sesimbra,duracao_pendulares,27.02,static
1511,Sesimbra,emissoes_gee_edificios,17.8,static
1511,Sesimbra,emissoes_gee_transportes,57.97,static
1511,Sesimbra,empresas_volume_negocios,115681.5,static
1511,Sesimbra,indice_envelhecimento_edificios,188.2,static
1511,Sesimbra,percentagem_poder_compra,0.479,static
1511,Sesimbra,prop_agregados_unipessoais,22.54,static
1511,Sesimbra,prop_alojamentos_arrendados,0.0343,static
1511,Sesimbra,prop_alojamentos_locais,15.3,static
1511,Sesimbra,prop_alojamentos_nao_classicos,0.01,static
1511,Sesimbra,prop_alojamentos_sobrelotados,12.8861215157853,static
1511,Sesimbra,prop_alojamentos_vagos,7,static
1511,Sesimbra,prop_ar_condicionado,24.95013864,static
1511,Sesimbra,prop_edificios_fora_urbano,6.5,static
1511,Sesimbra,prop_ensino_secundario,49.88,static
1511,Sesimbra,prop_habitacao_social,0.982915258,static
1511,Sesimbra,prop_mais_20min_escola,53.15,static
1511,Sesimbra,prop_mais_30min_hospital,1,static
1511,Sesimbra,prop_modo_pedonal,14.7,static
1511,Sesimbra,prop_nacionalidade_estrangeira,0.116,static
1511,Sesimbra,prop_necessidade_reparacao,8.8,static
1511,Sesimbra,prop_pop_65_mais,20.4,static
1511,Sesimbra,prop_reabilitacao_edificado,0,static
1511,Sesimbra,prop_risco_pobreza,16.09342749,static
1511,Sesimbra,prop_sem_aquecimento,28.42,static
1511,Sesimbra,prop_transporte_coletivo,20,static
1511,Sesimbra,prop_vagos_bom_estado,73.23883,static
1511,Sesimbra,racio_vendas_estrangeiros,1.498082454,static
1511,Sesimbra,risco_galgamentos_costeiros,3.394,static
1511,Sesimbra,risco_incendio_rural,36.178,static
1511,Sesimbra,risco_inundacao,0,static
1511,Sesimbra,risco_movimento_massa,2.835,static
1511,Sesimbra,risco_nevao,0,static
1511,Sesimbra,risco_ondas_calor,26.028,static
1511,Sesimbra,risco_ondas_frio,33.294,static
1511,Sesimbra,risco_seca,60.995,static
1511,Sesimbra,risco_sismo,96.241,static
1511,Sesimbra,risco_tsunami,4.496,static
1511,Sesimbra,taxa_bruta_natalidade,7.7,static
1511,Sesimbra,taxa_crescimento_efetivo,1.91,static
1511,Sesimbra,taxa_desemprego,8,static
1511,Sesimbra,taxa_esforco_arrendamento,40.79189621,static
1511,Sesimbra,valor_mediano_vendas_m2,2295,static
1512,Setúbal,acessos_internet_banda_larga,48.59,static
1512,Setúbal,certificacao_energetica_cf,59.14985591,static
1512,Setúbal,coeficiente_gini,45.6,static
1512,Setúbal,consumo_energia_eletrica,1290.3,static
1512,Setúbal,densidade_populacional,539.8,static
1512,Setúbal,disparidade_ganho_mensal,12.6,static
1512,Setúbal,duracao_pendulares,23.15,static
1512,Setúbal,emissoes_gee_edificios,36,static
1512,Setúbal,emissoes_gee_transportes,155.79,static
1512,Setúbal,empresas_volume_negocios,523547.3,static
1512,Setúbal,indice_envelhecimento_edificios,500.7,static
1512,Setúbal,percentagem_poder_compra,1.216,static
1512,Setúbal,prop_agregados_unipessoais,27.13,static
1512,Setúbal,prop_alojamentos_arrendados,0.0766,static
1512,Setúbal,prop_alojamentos_locais,7.36,static
1512,Setúbal,prop_alojamentos_nao_classicos,0.09,static
1512,Setúbal,prop_alojamentos_sobrelotados,12.7772674861732,static
1512,Setúbal,prop_alojamentos_vagos,10.2,static
1512,Setúbal,prop_ar_condicionado,20.77820555,static
1512,Setúbal,prop_edificios_fora_urbano,5.7,static
1512,Setúbal,prop_ensino_secundario,51,static
1512,Setúbal,prop_habitacao_social,3.687877226,static
1512,Setúbal,prop_mais_20min_escola,31.17,static
1512,Setúbal,prop_mais_30min_hospital,1,static
1512,Setúbal,prop_modo_pedonal,20.2,static
1512,Setúbal,prop_nacionalidade_estrangeira,0.184,static
1512,Setúbal,prop_necessidade_reparacao,9.61,static
1512,Setúbal,prop_pop_65_mais,23.07,static
1512,Setúbal,prop_reabilitacao_edificado,8.2,static
1512,Setúbal,prop_risco_pobreza,16.84774536,static
1512,Setúbal,prop_sem_aquecimento,36.91,static
1512,Setúbal,prop_transporte_coletivo,19,static
1512,Setúbal,prop_vagos_bom_estado,79.44652,static
1512,Setúbal,racio_vendas_estrangeiros,1.177514793,static
1512,Setúbal,risco_galgamentos_costeiros,21.675,static
1512,Setúbal,risco_incendio_rural,21.296,static
1512,Setúbal,risco_inundacao,0.277,static
1512,Setúbal,risco_movimento_massa,7.838,static
1512,Setúbal,risco_nevao,0,static
1512,Setúbal,risco_ondas_calor,27.243,static
1512,Setúbal,risco_ondas_frio,24.892,static
1512,Setúbal,risco_seca,66.667,static
1512,Setúbal,risco_sismo,77.037,static
1512,Setúbal,risco_tsunami,40.467,static
1512,Setúbal,taxa_bruta_natalidade,8.9,static
1512,Setúbal,taxa_crescimento_efetivo,0.64,static
1512,Setúbal,taxa_desemprego,9.12,static
1512,Setúbal,taxa_esforco_arrendamento,48.28171827,static
1512,Setúbal,valor_mediano_vendas_m2,2036,static
1513,Sines,acessos_internet_banda_larga,52.58,static
1513,Sines,certificacao_energetica_cf,44.09799555,static
1513,Sines,coeficiente_gini,45.4,static
1513,Sines,consumo_energia_eletrica,1213.1,static
1513,Sines,densidade_populacional,72.8,static
1513,Sines,disparidade_ganho_mensal,19.1,static
1513,Sines,duracao_pendulares,13.42,static
1513,Sines,emissoes_gee_edificios,5.83,static
1513,Sines,emissoes_gee_transportes,18.02,static
1513,Sines,empresas_volume_negocios,790159.2,static
1513,Sines,indice_envelhecimento_edificios,235.5,static
1513,Sines,percentagem_poder_compra,0.172,static
1513,Sines,prop_agregados_unipessoais,27.01,static
1513,Sines,prop_alojamentos_arrendados,0.0969,static
1513,Sines,prop_alojamentos_locais,14.54,static
1513,Sines,prop_alojamentos_nao_classicos,0.01,static
1513,Sines,prop_alojamentos_sobrelotados,14.1477465266011,static
1513,Sines,prop_alojamentos_vagos,12.1,static
1513,Sines,prop_ar_condicionado,10.28464927,static
1513,Sines,prop_edificios_fora_urbano,21.1,static
1513,Sines,prop_ensino_secundario,44.32,static
1513,Sines,prop_habitacao_social,4.092071611,static
1513,Sines,prop_mais_20min_escola,53.4,static
1513,Sines,prop_mais_30min_hospital,0,static
1513,Sines,prop_modo_pedonal,25.9,static
1513,Sines,prop_nacionalidade_estrangeira,0.214,static
1513,Sines,prop_necessidade_reparacao,6.96,static
1513,Sines,prop_pop_65_mais,22.49,static
1513,Sines,prop_reabilitacao_edificado,10.8,static
1513,Sines,prop_risco_pobreza,15.37534858,static
1513,Sines,prop_sem_aquecimento,42.05,static
1513,Sines,prop_transporte_coletivo,8.4,static
1513,Sines,prop_vagos_bom_estado,82.69598,static
1513,Sines,racio_vendas_estrangeiros,1,static
1513,Sines,risco_galgamentos_costeiros,6.719,static
1513,Sines,risco_incendio_rural,28.346,static
1513,Sines,risco_inundacao,0,static
1513,Sines,risco_movimento_massa,0.436,static
1513,Sines,risco_nevao,0,static
1513,Sines,risco_ondas_calor,25,static
1513,Sines,risco_ondas_frio,33.237,static
1513,Sines,risco_seca,66.667,static
1513,Sines,risco_sismo,90.083,static
1513,Sines,risco_tsunami,6.361,static
1513,Sines,taxa_bruta_natalidade,7.7,static
1513,Sines,taxa_crescimento_efetivo,0.17,static
1513,Sines,taxa_desemprego,8.17,static
1513,Sines,taxa_esforco_arrendamento,50.41603565,static
1513,Sines,valor_mediano_vendas_m2,2035,static
1601,Arcos de Valdevez,acessos_internet_banda_larga,37.68,static
1601,Arcos de Valdevez,certificacao_energetica_cf,39.13043478,static
1601,Arcos de Valdevez,coeficiente_gini,41.7,static
1601,Arcos de Valdevez,consumo_energia_eletrica,1524.8,static
1601,Arcos de Valdevez,densidade_populacional,46.5,static
1601,Arcos de Valdevez,disparidade_ganho_mensal,4.6,static
1601,Arcos de Valdevez,duracao_pendulares,16.53,static
1601,Arcos de Valdevez,emissoes_gee_edificios,7.71,static
1601,Arcos de Valdevez,emissoes_gee_transportes,20.94,static
1601,Arcos de Valdevez,empresas_volume_negocios,158979,static
1601,Arcos de Valdevez,indice_envelhecimento_edificios,344.3,static
1601,Arcos de Valdevez,percentagem_poder_compra,0.142,static
1601,Arcos de Valdevez,prop_agregados_unipessoais,28.14,static
1601,Arcos de Valdevez,prop_alojamentos_arrendados,0.0652,static
1601,Arcos de Valdevez,prop_alojamentos_locais,5.8,static
1601,Arcos de Valdevez,prop_alojamentos_nao_classicos,0.02,static
1601,Arcos de Valdevez,prop_alojamentos_sobrelotados,10.3562457182005,static
1601,Arcos de Valdevez,prop_alojamentos_vagos,10.6,static
1601,Arcos de Valdevez,prop_ar_condicionado,11.50947705,static
1601,Arcos de Valdevez,prop_edificios_fora_urbano,13.8,static
1601,Arcos de Valdevez,prop_ensino_secundario,29.86,static
1601,Arcos de Valdevez,prop_habitacao_social,0.561829004,static
1601,Arcos de Valdevez,prop_mais_20min_escola,80.45,static
1601,Arcos de Valdevez,prop_mais_30min_hospital,19,static
1601,Arcos de Valdevez,prop_modo_pedonal,15.2,static
1601,Arcos de Valdevez,prop_nacionalidade_estrangeira,0.044,static
1601,Arcos de Valdevez,prop_necessidade_reparacao,13.88,static
1601,Arcos de Valdevez,prop_pop_65_mais,36,static
1601,Arcos de Valdevez,prop_reabilitacao_edificado,46.6,static
1601,Arcos de Valdevez,prop_risco_pobreza,31.24927815,static
1601,Arcos de Valdevez,prop_sem_aquecimento,14.41,static
1601,Arcos de Valdevez,prop_transporte_coletivo,10.7,static
1601,Arcos de Valdevez,prop_vagos_bom_estado,51.58898,static
1601,Arcos de Valdevez,racio_vendas_estrangeiros,1.707792208,static
1601,Arcos de Valdevez,risco_galgamentos_costeiros,0,static
1601,Arcos de Valdevez,risco_incendio_rural,76.92,static
1601,Arcos de Valdevez,risco_inundacao,0.318,static
1601,Arcos de Valdevez,risco_movimento_massa,43.479,static
1601,Arcos de Valdevez,risco_nevao,30.787,static
1601,Arcos de Valdevez,risco_ondas_calor,92.769,static
1601,Arcos de Valdevez,risco_ondas_frio,100,static
1601,Arcos de Valdevez,risco_seca,33.333,static
1601,Arcos de Valdevez,risco_sismo,33.712,static
1601,Arcos de Valdevez,risco_tsunami,0,static
1601,Arcos de Valdevez,taxa_bruta_natalidade,5.1,static
1601,Arcos de Valdevez,taxa_crescimento_efetivo,-0.19,static
1601,Arcos de Valdevez,taxa_desemprego,6.17,static
1601,Arcos de Valdevez,taxa_esforco_arrendamento,28.9796056,static
1601,Arcos de Valdevez,valor_mediano_vendas_m2,958,static
1602,Caminha,acessos_internet_banda_larga,49.83,static
1602,Caminha,certificacao_energetica_cf,56.06060606,static
1602,Caminha,coeficiente_gini,44.3,static
1602,Caminha,consumo_energia_eletrica,1950,static
1602,Caminha,densidade_populacional,121.6,static
1602,Caminha,disparidade_ganho_mensal,2,static
1602,Caminha,duracao_pendulares,18.5,static
1602,Caminha,emissoes_gee_edificios,6.96,static
1602,Caminha,emissoes_gee_transportes,23.43,static
1602,Caminha,empresas_volume_negocios,95213.94,static
1602,Caminha,indice_envelhecimento_edificios,473.1,static
1602,Caminha,percentagem_poder_compra,0.127,static
1602,Caminha,prop_agregados_unipessoais,24.47,static
1602,Caminha,prop_alojamentos_arrendados,0.0362,static
1602,Caminha,prop_alojamentos_locais,23.29,static
1602,Caminha,prop_alojamentos_nao_classicos,0.06,static
1602,Caminha,prop_alojamentos_sobrelotados,9.83168161082271,static
1602,Caminha,prop_alojamentos_vagos,8.3,static
1602,Caminha,prop_ar_condicionado,5.3327041060000004,static
1602,Caminha,prop_edificios_fora_urbano,9.5,static
1602,Caminha,prop_ensino_secundario,41.61,static
1602,Caminha,prop_habitacao_social,0.133034589,static
1602,Caminha,prop_mais_20min_escola,61.05,static
1602,Caminha,prop_mais_30min_hospital,0,static
1602,Caminha,prop_modo_pedonal,15,static
1602,Caminha,prop_nacionalidade_estrangeira,0.097,static
1602,Caminha,prop_necessidade_reparacao,9.28,static
1602,Caminha,prop_pop_65_mais,29.51,static
1602,Caminha,prop_reabilitacao_edificado,6.1,static
1602,Caminha,prop_risco_pobreza,24.97959184,static
1602,Caminha,prop_sem_aquecimento,24.48,static
1602,Caminha,prop_transporte_coletivo,9.6,static
1602,Caminha,prop_vagos_bom_estado,73.59598,static
1602,Caminha,racio_vendas_estrangeiros,1.241091736,static
1602,Caminha,risco_galgamentos_costeiros,6.161,static
1602,Caminha,risco_incendio_rural,64.35,static
1602,Caminha,risco_inundacao,0,static
1602,Caminha,risco_movimento_massa,16.861,static
1602,Caminha,risco_nevao,1.218,static
1602,Caminha,risco_ondas_calor,42.456,static
1602,Caminha,risco_ondas_frio,99.941,static
1602,Caminha,risco_seca,33.333,static
1602,Caminha,risco_sismo,33.731,static
1602,Caminha,risco_tsunami,9.567,static
1602,Caminha,taxa_bruta_natalidade,5.8,static
1602,Caminha,taxa_crescimento_efetivo,0.98,static
1602,Caminha,taxa_desemprego,6.82,static
1602,Caminha,taxa_esforco_arrendamento,30.13731694,static
1602,Caminha,valor_mediano_vendas_m2,1425,static
1603,Melgaço,acessos_internet_banda_larga,38.03,static
1603,Melgaço,certificacao_energetica_cf,57.36842105,static
1603,Melgaço,coeficiente_gini,39.7,static
1603,Melgaço,consumo_energia_eletrica,1676.4,static
1603,Melgaço,densidade_populacional,31.7,static
1603,Melgaço,disparidade_ganho_mensal,4.8,static
1603,Melgaço,duracao_pendulares,15.01,static
1603,Melgaço,emissoes_gee_edificios,2.45,static
1603,Melgaço,emissoes_gee_transportes,7.15,static
1603,Melgaço,empresas_volume_negocios,137453.4,static
1603,Melgaço,indice_envelhecimento_edificios,1217.4,static
1603,Melgaço,percentagem_poder_compra,0.046,static
1603,Melgaço,prop_agregados_unipessoais,29.72,static
1603,Melgaço,prop_alojamentos_arrendados,0.0542,static
1603,Melgaço,prop_alojamentos_locais,0,static
1603,Melgaço,prop_alojamentos_nao_classicos,0,static
1603,Melgaço,prop_alojamentos_sobrelotados,4.83823958029728,static
1603,Melgaço,prop_alojamentos_vagos,10.4,static
1603,Melgaço,prop_ar_condicionado,6.703584961,static
1603,Melgaço,prop_edificios_fora_urbano,25.5,static
1603,Melgaço,prop_ensino_secundario,27.47,static
1603,Melgaço,prop_habitacao_social,0.226472068,static
1603,Melgaço,prop_mais_20min_escola,70.41,static
1603,Melgaço,prop_mais_30min_hospital,100,static
1603,Melgaço,prop_modo_pedonal,19.5,static
1603,Melgaço,prop_nacionalidade_estrangeira,0.051,static
1603,Melgaço,prop_necessidade_reparacao,14.91,static
1603,Melgaço,prop_pop_65_mais,42.54,static
1603,Melgaço,prop_reabilitacao_edificado,55.6,static
1603,Melgaço,prop_risco_pobreza,28.06329114,static
1603,Melgaço,prop_sem_aquecimento,10.55,static
1603,Melgaço,prop_transporte_coletivo,10.1,static
1603,Melgaço,prop_vagos_bom_estado,52.57353,static
1603,Melgaço,racio_vendas_estrangeiros,1,static
1603,Melgaço,risco_galgamentos_costeiros,0,static
1603,Melgaço,risco_incendio_rural,81.966,static
1603,Melgaço,risco_inundacao,0,static
1603,Melgaço,risco_movimento_massa,33.424,static
1603,Melgaço,risco_nevao,62.101,static
1603,Melgaço,risco_ondas_calor,100,static
1603,Melgaço,risco_ondas_frio,99.999,static
1603,Melgaço,risco_seca,33.333,static
1603,Melgaço,risco_sismo,32.314,static
1603,Melgaço,risco_tsunami,0,static
1603,Melgaço,taxa_bruta_natalidade,3.8,static
1603,Melgaço,taxa_crescimento_efetivo,-0.55,static
1603,Melgaço,taxa_desemprego,4.6,static
1603,Melgaço,taxa_esforco_arrendamento,25.66059723,static
1603,Melgaço,valor_mediano_vendas_m2,400,static
1604,Monção,acessos_internet_banda_larga,37.41,static
1604,Monção,certificacao_energetica_cf,67.14285714,static
1604,Monção,coeficiente_gini,40.6,static
1604,Monção,consumo_energia_eletrica,1642.6,static
1604,Monção,densidade_populacional,85.2,static
1604,Monção,disparidade_ganho_mensal,8.1,static
1604,Monção,duracao_pendulares,15.95,static
1604,Monção,emissoes_gee_edificios,5.23,static
1604,Monção,emissoes_gee_transportes,16.98,static
1604,Monção,empresas_volume_negocios,123619.5,static
1604,Monção,indice_envelhecimento_edificios,582.1,static
1604,Monção,percentagem_poder_compra,0.129,static
1604,Monção,prop_agregados_unipessoais,26.97,static
1604,Monção,prop_alojamentos_arrendados,0.0453,static
1604,Monção,prop_alojamentos_locais,2.99,static
1604,Monção,prop_alojamentos_nao_classicos,0.01,static
1604,Monção,prop_alojamentos_sobrelotados,6.79326023000802,static
1604,Monção,prop_alojamentos_vagos,15.7,static
1604,Monção,prop_ar_condicionado,12.75742177,static
1604,Monção,prop_edificios_fora_urbano,5.5,static
1604,Monção,prop_ensino_secundario,34.89,static
1604,Monção,prop_habitacao_social,0.932417781,static
1604,Monção,prop_mais_20min_escola,73.68,static
1604,Monção,prop_mais_30min_hospital,100,static
1604,Monção,prop_modo_pedonal,16,static
1604,Monção,prop_nacionalidade_estrangeira,0.108,static
1604,Monção,prop_necessidade_reparacao,11.27,static
1604,Monção,prop_pop_65_mais,34.11,static
1604,Monção,prop_reabilitacao_edificado,26.8,static
1604,Monção,prop_risco_pobreza,26.57283465,static
1604,Monção,prop_sem_aquecimento,15.53,static
1604,Monção,prop_transporte_coletivo,10.5,static
1604,Monção,prop_vagos_bom_estado,60.93173,static
1604,Monção,racio_vendas_estrangeiros,1,static
1604,Monção,risco_galgamentos_costeiros,0,static
1604,Monção,risco_incendio_rural,64.722,static
1604,Monção,risco_inundacao,0,static
1604,Monção,risco_movimento_massa,24.498,static
1604,Monção,risco_nevao,8.893,static
1604,Monção,risco_ondas_calor,99.281,static
1604,Monção,risco_ondas_frio,100,static
1604,Monção,risco_seca,33.333,static
1604,Monção,risco_sismo,36.922,static
1604,Monção,risco_tsunami,0,static
1604,Monção,taxa_bruta_natalidade,5.8,static
1604,Monção,taxa_crescimento_efetivo,-0.16,static
1604,Monção,taxa_desemprego,5.35,static
1604,Monção,taxa_esforco_arrendamento,30.92267756,static
1604,Monção,valor_mediano_vendas_m2,1205,static
1605,Paredes de Coura,acessos_internet_banda_larga,37.42,static
1605,Paredes de Coura,certificacao_energetica_cf,39.31795386,static
1605,Paredes de Coura,coeficiente_gini,38.9,static
1605,Paredes de Coura,consumo_energia_eletrica,1410.8,static
1605,Paredes de Coura,densidade_populacional,62.9,static
1605,Paredes de Coura,disparidade_ganho_mensal,5.1,static
1605,Paredes de Coura,duracao_pendulares,18.13,static
1605,Paredes de Coura,emissoes_gee_edificios,1.83,static
1605,Paredes de Coura,emissoes_gee_transportes,13.05,static
1605,Paredes de Coura,empresas_volume_negocios,183862,static
1605,Paredes de Coura,indice_envelhecimento_edificios,499.7,static
1605,Paredes de Coura,percentagem_poder_compra,0.057,static
1605,Paredes de Coura,prop_agregados_unipessoais,22.39,static
1605,Paredes de Coura,prop_alojamentos_arrendados,0.0298,static
1605,Paredes de Coura,prop_alojamentos_locais,12.4,static
1605,Paredes de Coura,prop_alojamentos_nao_classicos,0.02,static
1605,Paredes de Coura,prop_alojamentos_sobrelotados,9.82168956445483,static
1605,Paredes de Coura,prop_alojamentos_vagos,14.6,static
1605,Paredes de Coura,prop_ar_condicionado,5.612394037,static
1605,Paredes de Coura,prop_edificios_fora_urbano,30.1,static
1605,Paredes de Coura,prop_ensino_secundario,30.62,static
1605,Paredes de Coura,prop_habitacao_social,0.015701052,static
1605,Paredes de Coura,prop_mais_20min_escola,79.37,static
1605,Paredes de Coura,prop_mais_30min_hospital,14,static
1605,Paredes de Coura,prop_modo_pedonal,10.8,static
1605,Paredes de Coura,prop_nacionalidade_estrangeira,0.054,static
1605,Paredes de Coura,prop_necessidade_reparacao,14.1,static
1605,Paredes de Coura,prop_pop_65_mais,30.79,static
1605,Paredes de Coura,prop_reabilitacao_edificado,9.1,static
1605,Paredes de Coura,prop_risco_pobreza,28.12815126,static
1605,Paredes de Coura,prop_sem_aquecimento,14.82,static
1605,Paredes de Coura,prop_transporte_coletivo,13.4,static
1605,Paredes de Coura,prop_vagos_bom_estado,48.59002,static
1605,Paredes de Coura,racio_vendas_estrangeiros,1,static
1605,Paredes de Coura,risco_galgamentos_costeiros,0,static
1605,Paredes de Coura,risco_incendio_rural,68.225,static
1605,Paredes de Coura,risco_inundacao,0,static
1605,Paredes de Coura,risco_movimento_massa,14.38,static
1605,Paredes de Coura,risco_nevao,7.261,static
1605,Paredes de Coura,risco_ondas_calor,75.354,static
1605,Paredes de Coura,risco_ondas_frio,100,static
1605,Paredes de Coura,risco_seca,33.333,static
1605,Paredes de Coura,risco_sismo,34.15,static
1605,Paredes de Coura,risco_tsunami,0,static
1605,Paredes de Coura,taxa_bruta_natalidade,4.7,static
1605,Paredes de Coura,taxa_crescimento_efetivo,-0.24,static
1605,Paredes de Coura,taxa_desemprego,5.64,static
1605,Paredes de Coura,taxa_esforco_arrendamento,21.80186916,static
1605,Paredes de Coura,valor_mediano_vendas_m2,708,static
1606,Ponte da Barca,acessos_internet_banda_larga,34.64,static
1606,Ponte da Barca,certificacao_energetica_cf,38.53503185,static
1606,Ponte da Barca,coeficiente_gini,41.1,static
1606,Ponte da Barca,consumo_energia_eletrica,1284.3,static
1606,Ponte da Barca,densidade_populacional,61.6,static
1606,Ponte da Barca,disparidade_ganho_mensal,6,static
1606,Ponte da Barca,duracao_pendulares,16.63,static
1606,Ponte da Barca,emissoes_gee_edificios,2.18,static
1606,Ponte da Barca,emissoes_gee_transportes,11.9,static
1606,Ponte da Barca,empresas_volume_negocios,133630,static
1606,Ponte da Barca,indice_envelhecimento_edificios,409.7,static
1606,Ponte da Barca,percentagem_poder_compra,0.071,static
1606,Ponte da Barca,prop_agregados_unipessoais,23.41,static
1606,Ponte da Barca,prop_alojamentos_arrendados,0.0915,static
1606,Ponte da Barca,prop_alojamentos_locais,3.56,static
1606,Ponte da Barca,prop_alojamentos_nao_classicos,0,static
1606,Ponte da Barca,prop_alojamentos_sobrelotados,10.2101416171767,static
1606,Ponte da Barca,prop_alojamentos_vagos,12.1,static
1606,Ponte da Barca,prop_ar_condicionado,8.382823207,static
1606,Ponte da Barca,prop_edificios_fora_urbano,50.2,static
1606,Ponte da Barca,prop_ensino_secundario,33.32,static
1606,Ponte da Barca,prop_habitacao_social,1.552238806,static
1606,Ponte da Barca,prop_mais_20min_escola,68.95,static
1606,Ponte da Barca,prop_mais_30min_hospital,8,static
1606,Ponte da Barca,prop_modo_pedonal,16.8,static
1606,Ponte da Barca,prop_nacionalidade_estrangeira,0.033,static
1606,Ponte da Barca,prop_necessidade_reparacao,13.77,static
1606,Ponte da Barca,prop_pop_65_mais,30.16,static
1606,Ponte da Barca,prop_reabilitacao_edificado,43.5,static
1606,Ponte da Barca,prop_risco_pobreza,31.91397849,static
1606,Ponte da Barca,prop_sem_aquecimento,15.33,static
1606,Ponte da Barca,prop_transporte_coletivo,10.7,static
1606,Ponte da Barca,prop_vagos_bom_estado,59.05045,static
1606,Ponte da Barca,racio_vendas_estrangeiros,1,static
1606,Ponte da Barca,risco_galgamentos_costeiros,0,static
1606,Ponte da Barca,risco_incendio_rural,77.342,static
1606,Ponte da Barca,risco_inundacao,0.436,static
1606,Ponte da Barca,risco_movimento_massa,42.311,static
1606,Ponte da Barca,risco_nevao,23.429,static
1606,Ponte da Barca,risco_ondas_calor,86.348,static
1606,Ponte da Barca,risco_ondas_frio,100,static
1606,Ponte da Barca,risco_seca,33.333,static
1606,Ponte da Barca,risco_sismo,33.122,static
1606,Ponte da Barca,risco_tsunami,0,static
1606,Ponte da Barca,taxa_bruta_natalidade,5.5,static
1606,Ponte da Barca,taxa_crescimento_efetivo,0.29,static
1606,Ponte da Barca,taxa_desemprego,5.98,static
1606,Ponte da Barca,taxa_esforco_arrendamento,24.34317624,static
1606,Ponte da Barca,valor_mediano_vendas_m2,952,static
1607,Ponte de Lima,acessos_internet_banda_larga,36.04,static
1607,Ponte de Lima,certificacao_energetica_cf,33.33333333,static
1607,Ponte de Lima,coeficiente_gini,40.5,static
1607,Ponte de Lima,consumo_energia_eletrica,1406.6,static
1607,Ponte de Lima,densidade_populacional,128.2,static
1607,Ponte de Lima,disparidade_ganho_mensal,5.6,static
1607,Ponte de Lima,duracao_pendulares,18.58,static
1607,Ponte de Lima,emissoes_gee_edificios,14.54,static
1607,Ponte de Lima,emissoes_gee_transportes,76.08,static
1607,Ponte de Lima,empresas_volume_negocios,232739.9,static
1607,Ponte de Lima,indice_envelhecimento_edificios,349.8,static
1607,Ponte de Lima,percentagem_poder_compra,0.302,static
1607,Ponte de Lima,prop_agregados_unipessoais,19.09,static
1607,Ponte de Lima,prop_alojamentos_arrendados,0.0893,static
1607,Ponte de Lima,prop_alojamentos_locais,6.48,static
1607,Ponte de Lima,prop_alojamentos_nao_classicos,0.06,static
1607,Ponte de Lima,prop_alojamentos_sobrelotados,10.1943699731903,static
1607,Ponte de Lima,prop_alojamentos_vagos,8.2,static
1607,Ponte de Lima,prop_ar_condicionado,12.1849866,static
1607,Ponte de Lima,prop_edificios_fora_urbano,18,static
1607,Ponte de Lima,prop_ensino_secundario,35.14,static
1607,Ponte de Lima,prop_habitacao_social,0.837654567,static
1607,Ponte de Lima,prop_mais_20min_escola,82.73,static
1607,Ponte de Lima,prop_mais_30min_hospital,0,static
1607,Ponte de Lima,prop_modo_pedonal,11.1,static
1607,Ponte de Lima,prop_nacionalidade_estrangeira,0.047,static
1607,Ponte de Lima,prop_necessidade_reparacao,12.97,static
1607,Ponte de Lima,prop_pop_65_mais,24.46,static
1607,Ponte de Lima,prop_reabilitacao_edificado,19,static
1607,Ponte de Lima,prop_risco_pobreza,25.85842294,static
1607,Ponte de Lima,prop_sem_aquecimento,23.57,static
1607,Ponte de Lima,prop_transporte_coletivo,16.5,static
1607,Ponte de Lima,prop_vagos_bom_estado,54.74801,static
1607,Ponte de Lima,racio_vendas_estrangeiros,1,static
1607,Ponte de Lima,risco_galgamentos_costeiros,0,static
1607,Ponte de Lima,risco_incendio_rural,57.823,static
1607,Ponte de Lima,risco_inundacao,0.777,static
1607,Ponte de Lima,risco_movimento_massa,20.703,static
1607,Ponte de Lima,risco_nevao,1.01,static
1607,Ponte de Lima,risco_ondas_calor,62.543,static
1607,Ponte de Lima,risco_ondas_frio,100,static
1607,Ponte de Lima,risco_seca,33.333,static
1607,Ponte de Lima,risco_sismo,36.436,static
1607,Ponte de Lima,risco_tsunami,2.299,static
1607,Ponte de Lima,taxa_bruta_natalidade,6.7,static
1607,Ponte de Lima,taxa_crescimento_efetivo,-0.16,static
1607,Ponte de Lima,taxa_desemprego,5.19,static
1607,Ponte de Lima,taxa_esforco_arrendamento,32.57509941,static
1607,Ponte de Lima,valor_mediano_vendas_m2,1246,static
1608,Valença,acessos_internet_banda_larga,34.92,static
1608,Valença,certificacao_energetica_cf,46.84466019,static
1608,Valença,coeficiente_gini,39.1,static
1608,Valença,consumo_energia_eletrica,1485.1,static
1608,Valença,densidade_populacional,122.1,static
1608,Valença,disparidade_ganho_mensal,7.1,static
1608,Valença,duracao_pendulares,15.6,static
1608,Valença,emissoes_gee_edificios,5.16,static
1608,Valença,emissoes_gee_transportes,24.12,static
1608,Valença,empresas_volume_negocios,291028.3,static
1608,Valença,indice_envelhecimento_edificios,393.4,static
1608,Valença,percentagem_poder_compra,0.113,static
1608,Valença,prop_agregados_unipessoais,22.91,static
1608,Valença,prop_alojamentos_arrendados,0.0389,static
1608,Valença,prop_alojamentos_locais,0,static
1608,Valença,prop_alojamentos_nao_classicos,0.46,static
1608,Valença,prop_alojamentos_sobrelotados,11.551946853663,static
1608,Valença,prop_alojamentos_vagos,14.3,static
1608,Valença,prop_ar_condicionado,9.761948699,static
1608,Valença,prop_edificios_fora_urbano,5,static
1608,Valença,prop_ensino_secundario,37.08,static
1608,Valença,prop_habitacao_social,1.113480218,static
1608,Valença,prop_mais_20min_escola,70.39,static
1608,Valença,prop_mais_30min_hospital,19,static
1608,Valença,prop_modo_pedonal,13.9,static
1608,Valença,prop_nacionalidade_estrangeira,0.202,static
1608,Valença,prop_necessidade_reparacao,14.92,static
1608,Valença,prop_pop_65_mais,26.53,static
1608,Valença,prop_reabilitacao_edificado,10.3,static
1608,Valença,prop_risco_pobreza,23.84412955,static
1608,Valença,prop_sem_aquecimento,21.65,static
1608,Valença,prop_transporte_coletivo,10.5,static
1608,Valença,prop_vagos_bom_estado,56.2963,static
1608,Valença,racio_vendas_estrangeiros,1,static
1608,Valença,risco_galgamentos_costeiros,0.568,static
1608,Valença,risco_incendio_rural,58.199,static
1608,Valença,risco_inundacao,0,static
1608,Valença,risco_movimento_massa,16.964,static
1608,Valença,risco_nevao,0.932,static
1608,Valença,risco_ondas_calor,75.035,static
1608,Valença,risco_ondas_frio,100,static
1608,Valença,risco_seca,33.333,static
1608,Valença,risco_sismo,39.768,static
1608,Valença,risco_tsunami,1.904,static
1608,Valença,taxa_bruta_natalidade,7.1,static
1608,Valença,taxa_crescimento_efetivo,0.97,static
1608,Valença,taxa_desemprego,7.48,static
1608,Valença,taxa_esforco_arrendamento,28.9616464,static
1608,Valença,valor_mediano_vendas_m2,893,static
1609,Viana do Castelo,acessos_internet_banda_larga,43.15,static
1609,Viana do Castelo,certificacao_energetica_cf,48.44597928,static
1609,Viana do Castelo,coeficiente_gini,42.9,static
1609,Viana do Castelo,consumo_energia_eletrica,1414.3,static
1609,Viana do Castelo,densidade_populacional,272.6,static
1609,Viana do Castelo,disparidade_ganho_mensal,6.9,static
1609,Viana do Castelo,duracao_pendulares,17.18,static
1609,Viana do Castelo,emissoes_gee_edificios,27.16,static
1609,Viana do Castelo,emissoes_gee_transportes,142.81,static
1609,Viana do Castelo,empresas_volume_negocios,306868.3,static
1609,Viana do Castelo,indice_envelhecimento_edificios,541.1,static
1609,Viana do Castelo,percentagem_poder_compra,0.754,static
1609,Viana do Castelo,prop_agregados_unipessoais,21.93,static
1609,Viana do Castelo,prop_alojamentos_arrendados,0.0544,static
1609,Viana do Castelo,prop_alojamentos_locais,0,static
1609,Viana do Castelo,prop_alojamentos_nao_classicos,0.2,static
1609,Viana do Castelo,prop_alojamentos_sobrelotados,9.61806608063049,static
1609,Viana do Castelo,prop_alojamentos_vagos,10.4,static
1609,Viana do Castelo,prop_ar_condicionado,9.869657472,static
1609,Viana do Castelo,prop_edificios_fora_urbano,6.1,static
1609,Viana do Castelo,prop_ensino_secundario,44.22,static
1609,Viana do Castelo,prop_habitacao_social,0.906536497,static
1609,Viana do Castelo,prop_mais_20min_escola,65.3,static
1609,Viana do Castelo,prop_mais_30min_hospital,1,static
1609,Viana do Castelo,prop_modo_pedonal,13.7,static
1609,Viana do Castelo,prop_nacionalidade_estrangeira,0.093,static
1609,Viana do Castelo,prop_necessidade_reparacao,11.36,static
1609,Viana do Castelo,prop_pop_65_mais,25.06,static
1609,Viana do Castelo,prop_reabilitacao_edificado,24.4,static
1609,Viana do Castelo,prop_risco_pobreza,19.63800277,static
1609,Viana do Castelo,prop_sem_aquecimento,24.74,static
1609,Viana do Castelo,prop_transporte_coletivo,10,static
1609,Viana do Castelo,prop_vagos_bom_estado,66.17188,static
1609,Viana do Castelo,racio_vendas_estrangeiros,1.075018755,static
1609,Viana do Castelo,risco_galgamentos_costeiros,7.131,static
1609,Viana do Castelo,risco_incendio_rural,53.677,static
1609,Viana do Castelo,risco_inundacao,0,static
1609,Viana do Castelo,risco_movimento_massa,13.8,static
1609,Viana do Castelo,risco_nevao,0.581,static
1609,Viana do Castelo,risco_ondas_calor,37.827,static
1609,Viana do Castelo,risco_ondas_frio,99.862,static
1609,Viana do Castelo,risco_seca,33.333,static
1609,Viana do Castelo,risco_sismo,38.676,static
1609,Viana do Castelo,risco_tsunami,6.938,static
1609,Viana do Castelo,taxa_bruta_natalidade,7.3,static
1609,Viana do Castelo,taxa_crescimento_efetivo,0.22,static
1609,Viana do Castelo,taxa_desemprego,6.14,static
1609,Viana do Castelo,taxa_esforco_arrendamento,36.51111707,static
1609,Viana do Castelo,valor_mediano_vendas_m2,1591,static
1610,Vila Nova de Cerveira,acessos_internet_banda_larga,32.55,static
1610,Vila Nova de Cerveira,certificacao_energetica_cf,41.55844156,static
1610,Vila Nova de Cerveira,coeficiente_gini,40.4,static
1610,Vila Nova de Cerveira,consumo_energia_eletrica,1552.5,static
1610,Vila Nova de Cerveira,densidade_populacional,86.9,static
1610,Vila Nova de Cerveira,disparidade_ganho_mensal,10.4,static
1610,Vila Nova de Cerveira,duracao_pendulares,16.72,static
1610,Vila Nova de Cerveira,emissoes_gee_edificios,2.65,static
1610,Vila Nova de Cerveira,emissoes_gee_transportes,12.6,static
1610,Vila Nova de Cerveira,empresas_volume_negocios,632545,static
1610,Vila Nova de Cerveira,indice_envelhecimento_edificios,704.9,static
1610,Vila Nova de Cerveira,percentagem_poder_compra,0.072,static
1610,Vila Nova de Cerveira,prop_agregados_unipessoais,23.84,static
1610,Vila Nova de Cerveira,prop_alojamentos_arrendados,0.0786,static
1610,Vila Nova de Cerveira,prop_alojamentos_locais,0,static
1610,Vila Nova de Cerveira,prop_alojamentos_nao_classicos,0.04,static
1610,Vila Nova de Cerveira,prop_alojamentos_sobrelotados,10.2017618641659,static
1610,Vila Nova de Cerveira,prop_alojamentos_vagos,11.3,static
1610,Vila Nova de Cerveira,prop_ar_condicionado,7.729468599,static
1610,Vila Nova de Cerveira,prop_edificios_fora_urbano,4.4,static
1610,Vila Nova de Cerveira,prop_ensino_secundario,38.58,static
1610,Vila Nova de Cerveira,prop_habitacao_social,1.01416613,static
1610,Vila Nova de Cerveira,prop_mais_20min_escola,63.01,static
1610,Vila Nova de Cerveira,prop_mais_30min_hospital,5,static
1610,Vila Nova de Cerveira,prop_modo_pedonal,12.5,static
1610,Vila Nova de Cerveira,prop_nacionalidade_estrangeira,0.171,static
1610,Vila Nova de Cerveira,prop_necessidade_reparacao,10.36,static
1610,Vila Nova de Cerveira,prop_pop_65_mais,27.04,static
1610,Vila Nova de Cerveira,prop_reabilitacao_edificado,20.8,static
1610,Vila Nova de Cerveira,prop_risco_pobreza,23.14237288,static
1610,Vila Nova de Cerveira,prop_sem_aquecimento,16.65,static
1610,Vila Nova de Cerveira,prop_transporte_coletivo,12.1,static
1610,Vila Nova de Cerveira,prop_vagos_bom_estado,63.35227,static
1610,Vila Nova de Cerveira,racio_vendas_estrangeiros,1,static
1610,Vila Nova de Cerveira,risco_galgamentos_costeiros,1.748,static
1610,Vila Nova de Cerveira,risco_incendio_rural,64.204,static
1610,Vila Nova de Cerveira,risco_inundacao,0,static
1610,Vila Nova de Cerveira,risco_movimento_massa,17.095,static
1610,Vila Nova de Cerveira,risco_nevao,0.174,static
1610,Vila Nova de Cerveira,risco_ondas_calor,60.992,static
1610,Vila Nova de Cerveira,risco_ondas_frio,100,static
1610,Vila Nova de Cerveira,risco_seca,33.333,static
1610,Vila Nova de Cerveira,risco_sismo,34.017,static
1610,Vila Nova de Cerveira,risco_tsunami,4.82,static
1610,Vila Nova de Cerveira,taxa_bruta_natalidade,7.5,static
1610,Vila Nova de Cerveira,taxa_crescimento_efetivo,1.05,static
1610,Vila Nova de Cerveira,taxa_desemprego,5.76,static
1610,Vila Nova de Cerveira,taxa_esforco_arrendamento,23.7510034,static
1610,Vila Nova de Cerveira,valor_mediano_vendas_m2,883,static
1701,Alijó,acessos_internet_banda_larga,39.08,static
1701,Alijó,certificacao_energetica_cf,79.91967871,static
1701,Alijó,coeficiente_gini,39.7,static
1701,Alijó,consumo_energia_eletrica,1390,static
1701,Alijó,densidade_populacional,34.6,static
1701,Alijó,disparidade_ganho_mensal,5.8,static
1701,Alijó,duracao_pendulares,16.3,static
1701,Alijó,emissoes_gee_edificios,2.81,static
1701,Alijó,emissoes_gee_transportes,19.18,static
1701,Alijó,empresas_volume_negocios,97177,static
1701,Alijó,indice_envelhecimento_edificios,704.2,static
1701,Alijó,percentagem_poder_compra,0.064,static
1701,Alijó,prop_agregados_unipessoais,26.08,static
1701,Alijó,prop_alojamentos_arrendados,0.0886,static
1701,Alijó,prop_alojamentos_locais,5.1,static
1701,Alijó,prop_alojamentos_nao_classicos,0.01,static
1701,Alijó,prop_alojamentos_sobrelotados,8.44333181611288,static
1701,Alijó,prop_alojamentos_vagos,13.3,static
1701,Alijó,prop_ar_condicionado,11.97086937,static
1701,Alijó,prop_edificios_fora_urbano,5.2,static
1701,Alijó,prop_ensino_secundario,27.22,static
1701,Alijó,prop_habitacao_social,1.608187135,static
1701,Alijó,prop_mais_20min_escola,80.59,static
1701,Alijó,prop_mais_30min_hospital,67,static
1701,Alijó,prop_modo_pedonal,24.6,static
1701,Alijó,prop_nacionalidade_estrangeira,0.02,static
1701,Alijó,prop_necessidade_reparacao,14.37,static
1701,Alijó,prop_pop_65_mais,32.94,static
1701,Alijó,prop_reabilitacao_edificado,37.5,static
1701,Alijó,prop_risco_pobreza,33.2737069,static
1701,Alijó,prop_sem_aquecimento,9.29,static
1701,Alijó,prop_transporte_coletivo,14.3,static
1701,Alijó,prop_vagos_bom_estado,61.3913,static
1701,Alijó,racio_vendas_estrangeiros,1,static
1701,Alijó,risco_galgamentos_costeiros,0,static
1701,Alijó,risco_incendio_rural,72.509,static
1701,Alijó,risco_inundacao,0,static
1701,Alijó,risco_movimento_massa,20.032,static
1701,Alijó,risco_nevao,32.339,static
1701,Alijó,risco_ondas_calor,75,static
1701,Alijó,risco_ondas_frio,100,static
1701,Alijó,risco_seca,63.054,static
1701,Alijó,risco_sismo,33.333,static
1701,Alijó,risco_tsunami,0,static
1701,Alijó,taxa_bruta_natalidade,4.8,static
1701,Alijó,taxa_crescimento_efetivo,-0.27,static
1701,Alijó,taxa_desemprego,8.15,static
1701,Alijó,taxa_esforco_arrendamento,28.39330544,static
1701,Alijó,valor_mediano_vendas_m2,460,static
1702,Boticas,acessos_internet_banda_larga,31.66,static
1702,Boticas,certificacao_energetica_cf,40.69767442,static
1702,Boticas,coeficiente_gini,40.9,static
1702,Boticas,consumo_energia_eletrica,1351.7,static
1702,Boticas,densidade_populacional,15,static
1702,Boticas,disparidade_ganho_mensal,3.3,static
1702,Boticas,duracao_pendulares,17.21,static
1702,Boticas,emissoes_gee_edificios,1.38,static
1702,Boticas,emissoes_gee_transportes,4.46,static
1702,Boticas,empresas_volume_negocios,108519.5,static
1702,Boticas,indice_envelhecimento_edificios,728.8,static
1702,Boticas,percentagem_poder_compra,0.03,static
1702,Boticas,prop_agregados_unipessoais,26.35,static
1702,Boticas,prop_alojamentos_arrendados,0,static
1702,Boticas,prop_alojamentos_locais,0.9,static
1702,Boticas,prop_alojamentos_nao_classicos,0,static
1702,Boticas,prop_alojamentos_sobrelotados,7.73722627737226,static
1702,Boticas,prop_alojamentos_vagos,10.2,static
1702,Boticas,prop_ar_condicionado,2.822384428,static
1702,Boticas,prop_edificios_fora_urbano,2.6,static
1702,Boticas,prop_ensino_secundario,24.02,static
1702,Boticas,prop_habitacao_social,0,static
1702,Boticas,prop_mais_20min_escola,100,static
1702,Boticas,prop_mais_30min_hospital,31,static
1702,Boticas,prop_modo_pedonal,18.7,static
1702,Boticas,prop_nacionalidade_estrangeira,0.026,static
1702,Boticas,prop_necessidade_reparacao,13.72,static
1702,Boticas,prop_pop_65_mais,37.1,static
1702,Boticas,prop_reabilitacao_edificado,0,static
1702,Boticas,prop_risco_pobreza,34.48874598,static
1702,Boticas,prop_sem_aquecimento,6.33,static
1702,Boticas,prop_transporte_coletivo,16,static
1702,Boticas,prop_vagos_bom_estado,58.31622,static
1702,Boticas,racio_vendas_estrangeiros,1,static
1702,Boticas,risco_galgamentos_costeiros,0,static
1702,Boticas,risco_incendio_rural,82.655,static
1702,Boticas,risco_inundacao,0,static
1702,Boticas,risco_movimento_massa,19.994,static
1702,Boticas,risco_nevao,57.721,static
1702,Boticas,risco_ondas_calor,89.446,static
1702,Boticas,risco_ondas_frio,100,static
1702,Boticas,risco_seca,33.333,static
1702,Boticas,risco_sismo,33.998,static
1702,Boticas,risco_tsunami,0,static
1702,Boticas,taxa_bruta_natalidade,4.9,static
1702,Boticas,taxa_crescimento_efetivo,-1.09,static
1702,Boticas,taxa_desemprego,5.73,static
1702,Boticas,taxa_esforco_arrendamento,31.35453184,static
1702,Boticas,valor_mediano_vendas_m2,542,static
1703,Chaves,acessos_internet_banda_larga,39.66,static
1703,Chaves,certificacao_energetica_cf,55.72429907,static
1703,Chaves,coeficiente_gini,43.8,static
1703,Chaves,consumo_energia_eletrica,1423.9,static
1703,Chaves,densidade_populacional,63.1,static
1703,Chaves,disparidade_ganho_mensal,9.2,static
1703,Chaves,duracao_pendulares,15.42,static
1703,Chaves,emissoes_gee_edificios,12.54,static
1703,Chaves,emissoes_gee_transportes,49.09,static
1703,Chaves,empresas_volume_negocios,145049.2,static
1703,Chaves,indice_envelhecimento_edificios,689.7,static
1703,Chaves,percentagem_poder_compra,0.293,static
1703,Chaves,prop_agregados_unipessoais,26.53,static
1703,Chaves,prop_alojamentos_arrendados,0.0583,static
1703,Chaves,prop_alojamentos_locais,2.27,static
1703,Chaves,prop_alojamentos_nao_classicos,0.13,static
1703,Chaves,prop_alojamentos_sobrelotados,7.65257920262014,static
1703,Chaves,prop_alojamentos_vagos,12.9,static
1703,Chaves,prop_ar_condicionado,11.90401209,static
1703,Chaves,prop_edificios_fora_urbano,13.2,static
1703,Chaves,prop_ensino_secundario,37.62,static
1703,Chaves,prop_habitacao_social,0.883877927,static
1703,Chaves,prop_mais_20min_escola,65.88,static
1703,Chaves,prop_mais_30min_hospital,0,static
1703,Chaves,prop_modo_pedonal,18,static
1703,Chaves,prop_nacionalidade_estrangeira,0.048,static
1703,Chaves,prop_necessidade_reparacao,11.09,static
1703,Chaves,prop_pop_65_mais,32.17,static
1703,Chaves,prop_reabilitacao_edificado,3.6,static
1703,Chaves,prop_risco_pobreza,27.53765324,static
1703,Chaves,prop_sem_aquecimento,9.66,static
1703,Chaves,prop_transporte_coletivo,7.9,static
1703,Chaves,prop_vagos_bom_estado,65.37524,static
1703,Chaves,racio_vendas_estrangeiros,1,static
1703,Chaves,risco_galgamentos_costeiros,0,static
1703,Chaves,risco_incendio_rural,68.817,static
1703,Chaves,risco_inundacao,0.891,static
1703,Chaves,risco_movimento_massa,10.956,static
1703,Chaves,risco_nevao,32.521,static
1703,Chaves,risco_ondas_calor,97.76,static
1703,Chaves,risco_ondas_frio,100,static
1703,Chaves,risco_seca,33.333,static
1703,Chaves,risco_sismo,36.628,static
1703,Chaves,risco_tsunami,0,static
1703,Chaves,taxa_bruta_natalidade,5.4,static
1703,Chaves,taxa_crescimento_efetivo,-0.26,static
1703,Chaves,taxa_desemprego,8.46,static
1703,Chaves,taxa_esforco_arrendamento,29.79310344,static
1703,Chaves,valor_mediano_vendas_m2,1000,static
1704,Mesão Frio,acessos_internet_banda_larga,32.25,static
1704,Mesão Frio,certificacao_energetica_cf,67.27272727,static
1704,Mesão Frio,coeficiente_gini,40.4,static
1704,Mesão Frio,consumo_energia_eletrica,1252.6,static
1704,Mesão Frio,densidade_populacional,129.4,static
1704,Mesão Frio,disparidade_ganho_mensal,7,static
1704,Mesão Frio,duracao_pendulares,19.12,static
1704,Mesão Frio,emissoes_gee_edificios,0.56,static
1704,Mesão Frio,emissoes_gee_transportes,3.44,static
1704,Mesão Frio,empresas_volume_negocios,150701.1,static
1704,Mesão Frio,indice_envelhecimento_edificios,1923.4,static
1704,Mesão Frio,percentagem_poder_compra,0.023,static
1704,Mesão Frio,prop_agregados_unipessoais,22.45,static
1704,Mesão Frio,prop_alojamentos_arrendados,0.0123,static
1704,Mesão Frio,prop_alojamentos_locais,8.34,static
1704,Mesão Frio,prop_alojamentos_nao_classicos,0,static
1704,Mesão Frio,prop_alojamentos_sobrelotados,9.78970268310369,static
1704,Mesão Frio,prop_alojamentos_vagos,15.6,static
1704,Mesão Frio,prop_ar_condicionado,11.09499637,static
1704,Mesão Frio,prop_edificios_fora_urbano,18.7,static
1704,Mesão Frio,prop_ensino_secundario,28.52,static
1704,Mesão Frio,prop_habitacao_social,0.167434073,static
1704,Mesão Frio,prop_mais_20min_escola,70.81,static
1704,Mesão Frio,prop_mais_30min_hospital,0,static
1704,Mesão Frio,prop_modo_pedonal,25.5,static
1704,Mesão Frio,prop_nacionalidade_estrangeira,0.014,static
1704,Mesão Frio,prop_necessidade_reparacao,18.21,static
1704,Mesão Frio,prop_pop_65_mais,28.84,static
1704,Mesão Frio,prop_reabilitacao_edificado,87.5,static
1704,Mesão Frio,prop_risco_pobreza,33.29510155,static
1704,Mesão Frio,prop_sem_aquecimento,19.36,static
1704,Mesão Frio,prop_transporte_coletivo,17,static
1704,Mesão Frio,prop_vagos_bom_estado,51.21294,static
1704,Mesão Frio,racio_vendas_estrangeiros,1,static
1704,Mesão Frio,risco_galgamentos_costeiros,0,static
1704,Mesão Frio,risco_incendio_rural,60.948,static
1704,Mesão Frio,risco_inundacao,0,static
1704,Mesão Frio,risco_movimento_massa,34.244,static
1704,Mesão Frio,risco_nevao,9.193,static
1704,Mesão Frio,risco_ondas_calor,75,static
1704,Mesão Frio,risco_ondas_frio,100,static
1704,Mesão Frio,risco_seca,33.333,static
1704,Mesão Frio,risco_sismo,35.828,static
1704,Mesão Frio,risco_tsunami,0,static
1704,Mesão Frio,taxa_bruta_natalidade,3.5,static
1704,Mesão Frio,taxa_crescimento_efetivo,-1.04,static
1704,Mesão Frio,taxa_desemprego,8.38,static
1704,Mesão Frio,taxa_esforco_arrendamento,27.72861156,static
1704,Mesão Frio,valor_mediano_vendas_m2,500,static
1705,Mondim de Basto,acessos_internet_banda_larga,34.58,static
1705,Mondim de Basto,certificacao_energetica_cf,88.0952381,static
1705,Mondim de Basto,coeficiente_gini,38.9,static
1705,Mondim de Basto,consumo_energia_eletrica,1430.6,static
1705,Mondim de Basto,densidade_populacional,37.2,static
1705,Mondim de Basto,disparidade_ganho_mensal,0.6,static
1705,Mondim de Basto,duracao_pendulares,17.73,static
1705,Mondim de Basto,emissoes_gee_edificios,2.2,static
1705,Mondim de Basto,emissoes_gee_transportes,7.3,static
1705,Mondim de Basto,empresas_volume_negocios,141375.2,static
1705,Mondim de Basto,indice_envelhecimento_edificios,120.8,static
1705,Mondim de Basto,percentagem_poder_compra,0.04,static
1705,Mondim de Basto,prop_agregados_unipessoais,24.03,static
1705,Mondim de Basto,prop_alojamentos_arrendados,0.0561,static
1705,Mondim de Basto,prop_alojamentos_locais,11.81,static
1705,Mondim de Basto,prop_alojamentos_nao_classicos,0,static
1705,Mondim de Basto,prop_alojamentos_sobrelotados,8.83868410622275,static
1705,Mondim de Basto,prop_alojamentos_vagos,7.6,static
1705,Mondim de Basto,prop_ar_condicionado,4.637336504,static
1705,Mondim de Basto,prop_edificios_fora_urbano,14.8,static
1705,Mondim de Basto,prop_ensino_secundario,28.7,static
1705,Mondim de Basto,prop_habitacao_social,0.91423596,static
1705,Mondim de Basto,prop_mais_20min_escola,68.77,static
1705,Mondim de Basto,prop_mais_30min_hospital,0,static
1705,Mondim de Basto,prop_modo_pedonal,21.9,static
1705,Mondim de Basto,prop_nacionalidade_estrangeira,0.02,static
1705,Mondim de Basto,prop_necessidade_reparacao,27.65,static
1705,Mondim de Basto,prop_pop_65_mais,27.97,static
1705,Mondim de Basto,prop_reabilitacao_edificado,3.8,static
1705,Mondim de Basto,prop_risco_pobreza,32.26260704,static
1705,Mondim de Basto,prop_sem_aquecimento,14.35,static
1705,Mondim de Basto,prop_transporte_coletivo,18,static
1705,Mondim de Basto,prop_vagos_bom_estado,39.25501,static
1705,Mondim de Basto,racio_vendas_estrangeiros,1,static
1705,Mondim de Basto,risco_galgamentos_costeiros,0,static
1705,Mondim de Basto,risco_incendio_rural,76.717,static
1705,Mondim de Basto,risco_inundacao,0,static
1705,Mondim de Basto,risco_movimento_massa,33.686,static
1705,Mondim de Basto,risco_nevao,32.695,static
1705,Mondim de Basto,risco_ondas_calor,75,static
1705,Mondim de Basto,risco_ondas_frio,100,static
1705,Mondim de Basto,risco_seca,33.333,static
1705,Mondim de Basto,risco_sismo,33.333,static
1705,Mondim de Basto,risco_tsunami,0,static
1705,Mondim de Basto,taxa_bruta_natalidade,5.3,static
1705,Mondim de Basto,taxa_crescimento_efetivo,-0.17,static
1705,Mondim de Basto,taxa_desemprego,9.19,static
1705,Mondim de Basto,taxa_esforco_arrendamento,35.22009019,static
1705,Mondim de Basto,valor_mediano_vendas_m2,662,static
1706,Montalegre,acessos_internet_banda_larga,31.71,static
1706,Montalegre,certificacao_energetica_cf,59.78647687,static
1706,Montalegre,coeficiente_gini,41.4,static
1706,Montalegre,consumo_energia_eletrica,1333.1,static
1706,Montalegre,densidade_populacional,11.3,static
1706,Montalegre,disparidade_ganho_mensal,5.5,static
1706,Montalegre,duracao_pendulares,17.88,static
1706,Montalegre,emissoes_gee_edificios,3.41,static
1706,Montalegre,emissoes_gee_transportes,8.18,static
1706,Montalegre,empresas_volume_negocios,66551.93,static
1706,Montalegre,indice_envelhecimento_edificios,1166.3,static
1706,Montalegre,percentagem_poder_compra,0.056,static
1706,Montalegre,prop_agregados_unipessoais,30.38,static
1706,Montalegre,prop_alojamentos_arrendados,0.1789,static
1706,Montalegre,prop_alojamentos_locais,5.31,static
1706,Montalegre,prop_alojamentos_nao_classicos,0.03,static
1706,Montalegre,prop_alojamentos_sobrelotados,9.9009900990099,static
1706,Montalegre,prop_alojamentos_vagos,10.3,static
1706,Montalegre,prop_ar_condicionado,1.700939325,static
1706,Montalegre,prop_edificios_fora_urbano,7.1,static
1706,Montalegre,prop_ensino_secundario,24.54,static
1706,Montalegre,prop_habitacao_social,0.19101328,static
1706,Montalegre,prop_mais_20min_escola,82.94,static
1706,Montalegre,prop_mais_30min_hospital,66,static
1706,Montalegre,prop_modo_pedonal,21.2,static
1706,Montalegre,prop_nacionalidade_estrangeira,0.023,static
1706,Montalegre,prop_necessidade_reparacao,10.77,static
1706,Montalegre,prop_pop_65_mais,39.64,static
1706,Montalegre,prop_reabilitacao_edificado,0,static
1706,Montalegre,prop_risco_pobreza,36.20977597,static
1706,Montalegre,prop_sem_aquecimento,5.92,static
1706,Montalegre,prop_transporte_coletivo,15.3,static
1706,Montalegre,prop_vagos_bom_estado,65.058090000000007,static
1706,Montalegre,racio_vendas_estrangeiros,1,static
1706,Montalegre,risco_galgamentos_costeiros,0,static
1706,Montalegre,risco_incendio_rural,80.688,static
1706,Montalegre,risco_inundacao,0,static
1706,Montalegre,risco_movimento_massa,18.924,static
1706,Montalegre,risco_nevao,80.69,static
1706,Montalegre,risco_ondas_calor,95.801,static
1706,Montalegre,risco_ondas_frio,99.999,static
1706,Montalegre,risco_seca,33.333,static
1706,Montalegre,risco_sismo,33.143,static
1706,Montalegre,risco_tsunami,0,static
1706,Montalegre,taxa_bruta_natalidade,3.2,static
1706,Montalegre,taxa_crescimento_efetivo,-0.46,static
1706,Montalegre,taxa_desemprego,7.25,static
1706,Montalegre,taxa_esforco_arrendamento,31.59105431,static
1706,Montalegre,valor_mediano_vendas_m2,487,static
1707,Murça,acessos_internet_banda_larga,36.62,static
1707,Murça,certificacao_energetica_cf,63.87665198,static
1707,Murça,coeficiente_gini,41,static
1707,Murça,consumo_energia_eletrica,1558,static
1707,Murça,densidade_populacional,27.6,static
1707,Murça,disparidade_ganho_mensal,0.3,static
1707,Murça,duracao_pendulares,15.84,static
1707,Murça,emissoes_gee_edificios,1.17,static
1707,Murça,emissoes_gee_transportes,12.12,static
1707,Murça,empresas_volume_negocios,45255.03,static
1707,Murça,indice_envelhecimento_edificios,673.5,static
1707,Murça,percentagem_poder_compra,0.033,static
1707,Murça,prop_agregados_unipessoais,25.06,static
1707,Murça,prop_alojamentos_arrendados,0.0778,static
1707,Murça,prop_alojamentos_locais,1.53,static
1707,Murça,prop_alojamentos_nao_classicos,0,static
1707,Murça,prop_alojamentos_sobrelotados,6.84376407023863,static
1707,Murça,prop_alojamentos_vagos,8.7,static
1707,Murça,prop_ar_condicionado,9.140027015,static
1707,Murça,prop_edificios_fora_urbano,2.8,static
1707,Murça,prop_ensino_secundario,26.78,static
1707,Murça,prop_habitacao_social,1.595120807,static
1707,Murça,prop_mais_20min_escola,70.47,static
1707,Murça,prop_mais_30min_hospital,4,static
1707,Murça,prop_modo_pedonal,21.1,static
1707,Murça,prop_nacionalidade_estrangeira,0.022,static
1707,Murça,prop_necessidade_reparacao,4.19,static
1707,Murça,prop_pop_65_mais,35.69,static
1707,Murça,prop_reabilitacao_edificado,25,static
1707,Murça,prop_risco_pobreza,34.10631229,static
1707,Murça,prop_sem_aquecimento,7.88,static
1707,Murça,prop_transporte_coletivo,14.1,static
1707,Murça,prop_vagos_bom_estado,86.52291,static
1707,Murça,racio_vendas_estrangeiros,1,static
1707,Murça,risco_galgamentos_costeiros,0,static
1707,Murça,risco_incendio_rural,74.36,static
1707,Murça,risco_inundacao,0,static
1707,Murça,risco_movimento_massa,17.567,static
1707,Murça,risco_nevao,31.107,static
1707,Murça,risco_ondas_calor,75,static
1707,Murça,risco_ondas_frio,100,static
1707,Murça,risco_seca,58.954,static
1707,Murça,risco_sismo,33.333,static
1707,Murça,risco_tsunami,0,static
1707,Murça,taxa_bruta_natalidade,4,static
1707,Murça,taxa_crescimento_efetivo,-0.52,static
1707,Murça,taxa_desemprego,8.14,static
1707,Murça,taxa_esforco_arrendamento,27.11688312,static
1707,Murça,valor_mediano_vendas_m2,324,static
1708,Peso da Régua,acessos_internet_banda_larga,40.2,static
1708,Peso da Régua,certificacao_energetica_cf,58.26330532,static
1708,Peso da Régua,coeficiente_gini,41.7,static
1708,Peso da Régua,consumo_energia_eletrica,1225.9,static
1708,Peso da Régua,densidade_populacional,150.5,static
1708,Peso da Régua,disparidade_ganho_mensal,7.1,static
1708,Peso da Régua,duracao_pendulares,18.24,static
1708,Peso da Régua,emissoes_gee_edificios,4.39,static
1708,Peso da Régua,emissoes_gee_transportes,23.78,static
1708,Peso da Régua,empresas_volume_negocios,102532.3,static
1708,Peso da Régua,indice_envelhecimento_edificios,1757.3,static
1708,Peso da Régua,percentagem_poder_compra,0.112,static
1708,Peso da Régua,prop_agregados_unipessoais,22.56,static
1708,Peso da Régua,prop_alojamentos_arrendados,0.0681,static
1708,Peso da Régua,prop_alojamentos_locais,9.48,static
1708,Peso da Régua,prop_alojamentos_nao_classicos,0,static
1708,Peso da Régua,prop_alojamentos_sobrelotados,8.64855570839064,static
1708,Peso da Régua,prop_alojamentos_vagos,14.3,static
1708,Peso da Régua,prop_ar_condicionado,22.85075653,static
1708,Peso da Régua,prop_edificios_fora_urbano,12.7,static
1708,Peso da Régua,prop_ensino_secundario,36.01,static
1708,Peso da Régua,prop_habitacao_social,3.602933362,static
1708,Peso da Régua,prop_mais_20min_escola,60.18,static
1708,Peso da Régua,prop_mais_30min_hospital,0,static
1708,Peso da Régua,prop_modo_pedonal,24.7,static
1708,Peso da Régua,prop_nacionalidade_estrangeira,0.02,static
1708,Peso da Régua,prop_necessidade_reparacao,20.49,static
1708,Peso da Régua,prop_pop_65_mais,26.51,static
1708,Peso da Régua,prop_reabilitacao_edificado,59.4,static
1708,Peso da Régua,prop_risco_pobreza,26.95116773,static
1708,Peso da Régua,prop_sem_aquecimento,21.73,static
1708,Peso da Régua,prop_transporte_coletivo,11.8,static
1708,Peso da Régua,prop_vagos_bom_estado,49.51601,static
1708,Peso da Régua,racio_vendas_estrangeiros,1,static
1708,Peso da Régua,risco_galgamentos_costeiros,0,static
1708,Peso da Régua,risco_incendio_rural,61.275,static
1708,Peso da Régua,risco_inundacao,2.439,static
1708,Peso da Régua,risco_movimento_massa,25.326,static
1708,Peso da Régua,risco_nevao,16.287,static
1708,Peso da Régua,risco_ondas_calor,75,static
1708,Peso da Régua,risco_ondas_frio,100,static
1708,Peso da Régua,risco_seca,38.863,static
1708,Peso da Régua,risco_sismo,34.011,static
1708,Peso da Régua,risco_tsunami,0,static
1708,Peso da Régua,taxa_bruta_natalidade,5.8,static
1708,Peso da Régua,taxa_crescimento_efetivo,-0.89,static
1708,Peso da Régua,taxa_desemprego,9.51,static
1708,Peso da Régua,taxa_esforco_arrendamento,27.96072578,static
1708,Peso da Régua,valor_mediano_vendas_m2,642,static
1709,Ribeira de Pena,acessos_internet_banda_larga,30.78,static
1709,Ribeira de Pena,certificacao_energetica_cf,58.13953488,static
1709,Ribeira de Pena,coeficiente_gini,41.3,static
1709,Ribeira de Pena,consumo_energia_eletrica,1285.5,static
1709,Ribeira de Pena,densidade_populacional,26.9,static
1709,Ribeira de Pena,disparidade_ganho_mensal,8.8,static
1709,Ribeira de Pena,duracao_pendulares,15.91,static
1709,Ribeira de Pena,emissoes_gee_edificios,1,static
1709,Ribeira de Pena,emissoes_gee_transportes,10.95,static
1709,Ribeira de Pena,empresas_volume_negocios,186966.8,static
1709,Ribeira de Pena,indice_envelhecimento_edificios,568.5,static
1709,Ribeira de Pena,percentagem_poder_compra,0.036,static
1709,Ribeira de Pena,prop_agregados_unipessoais,26.47,static
1709,Ribeira de Pena,prop_alojamentos_arrendados,0.1231,static
1709,Ribeira de Pena,prop_alojamentos_locais,1.03,static
1709,Ribeira de Pena,prop_alojamentos_nao_classicos,0.08,static
1709,Ribeira de Pena,prop_alojamentos_sobrelotados,7.77223607647547,static
1709,Ribeira de Pena,prop_alojamentos_vagos,7.9,static
1709,Ribeira de Pena,prop_ar_condicionado,3.782211139,static
1709,Ribeira de Pena,prop_edificios_fora_urbano,19.5,static
1709,Ribeira de Pena,prop_ensino_secundario,25.91,static
1709,Ribeira de Pena,prop_habitacao_social,0.734272673,static
1709,Ribeira de Pena,prop_mais_20min_escola,81.16,static
1709,Ribeira de Pena,prop_mais_30min_hospital,4,static
1709,Ribeira de Pena,prop_modo_pedonal,21,static
1709,Ribeira de Pena,prop_nacionalidade_estrangeira,0.039,static
1709,Ribeira de Pena,prop_necessidade_reparacao,16.28,static
1709,Ribeira de Pena,prop_pop_65_mais,31.34,static
1709,Ribeira de Pena,prop_reabilitacao_edificado,14.3,static
1709,Ribeira de Pena,prop_risco_pobreza,35.21550095,static
1709,Ribeira de Pena,prop_sem_aquecimento,10.22,static
1709,Ribeira de Pena,prop_transporte_coletivo,18.2,static
1709,Ribeira de Pena,prop_vagos_bom_estado,52.63158,static
1709,Ribeira de Pena,racio_vendas_estrangeiros,1,static
1709,Ribeira de Pena,risco_galgamentos_costeiros,0,static
1709,Ribeira de Pena,risco_incendio_rural,78.816,static
1709,Ribeira de Pena,risco_inundacao,0,static
1709,Ribeira de Pena,risco_movimento_massa,31.319,static
1709,Ribeira de Pena,risco_nevao,41.556,static
1709,Ribeira de Pena,risco_ondas_calor,75,static
1709,Ribeira de Pena,risco_ondas_frio,100,static
1709,Ribeira de Pena,risco_seca,33.333,static
1709,Ribeira de Pena,risco_sismo,33.338,static
1709,Ribeira de Pena,risco_tsunami,0,static
1709,Ribeira de Pena,taxa_bruta_natalidade,5.1,static
1709,Ribeira de Pena,taxa_crescimento_efetivo,-0.36,static
1709,Ribeira de Pena,taxa_desemprego,7.99,static
1709,Ribeira de Pena,taxa_esforco_arrendamento,31.36281938,static
1709,Ribeira de Pena,valor_mediano_vendas_m2,758,static
1710,Sabrosa,acessos_internet_banda_larga,36.87,static
1710,Sabrosa,certificacao_energetica_cf,57.87545788,static
1710,Sabrosa,coeficiente_gini,39.4,static
1710,Sabrosa,consumo_energia_eletrica,1248.4,static
1710,Sabrosa,densidade_populacional,35.9,static
1710,Sabrosa,disparidade_ganho_mensal,4.5,static
1710,Sabrosa,duracao_pendulares,16.88,static
1710,Sabrosa,emissoes_gee_edificios,1.1,static
1710,Sabrosa,emissoes_gee_transportes,6.29,static
1710,Sabrosa,empresas_volume_negocios,99917.17,static
1710,Sabrosa,indice_envelhecimento_edificios,988.6,static
1710,Sabrosa,percentagem_poder_compra,0.036,static
1710,Sabrosa,prop_agregados_unipessoais,24.35,static
1710,Sabrosa,prop_alojamentos_arrendados,0.2115,static
1710,Sabrosa,prop_alojamentos_locais,3.63,static
1710,Sabrosa,prop_alojamentos_nao_classicos,0.02,static
1710,Sabrosa,prop_alojamentos_sobrelotados,7.88546255506607,static
1710,Sabrosa,prop_alojamentos_vagos,6,static
1710,Sabrosa,prop_ar_condicionado,6.475770925,static
1710,Sabrosa,prop_edificios_fora_urbano,6.7,static
1710,Sabrosa,prop_ensino_secundario,28.07,static
1710,Sabrosa,prop_habitacao_social,1.180541421,static
1710,Sabrosa,prop_mais_20min_escola,79.21,static
1710,Sabrosa,prop_mais_30min_hospital,9,static
1710,Sabrosa,prop_modo_pedonal,18.8,static
1710,Sabrosa,prop_nacionalidade_estrangeira,0.019,static
1710,Sabrosa,prop_necessidade_reparacao,15.49,static
1710,Sabrosa,prop_pop_65_mais,32.62,static
1710,Sabrosa,prop_reabilitacao_edificado,61.5,static
1710,Sabrosa,prop_risco_pobreza,27.51467269,static
1710,Sabrosa,prop_sem_aquecimento,11.1,static
1710,Sabrosa,prop_transporte_coletivo,16,static
1710,Sabrosa,prop_vagos_bom_estado,68.16609,static
1710,Sabrosa,racio_vendas_estrangeiros,1,static
1710,Sabrosa,risco_galgamentos_costeiros,0,static
1710,Sabrosa,risco_incendio_rural,70.814,static
1710,Sabrosa,risco_inundacao,0,static
1710,Sabrosa,risco_movimento_massa,18.725,static
1710,Sabrosa,risco_nevao,30.578,static
1710,Sabrosa,risco_ondas_calor,75,static
1710,Sabrosa,risco_ondas_frio,100,static
1710,Sabrosa,risco_seca,58.092,static
1710,Sabrosa,risco_sismo,33.333,static
1710,Sabrosa,risco_tsunami,0,static
1710,Sabrosa,taxa_bruta_natalidade,5.3,static
1710,Sabrosa,taxa_crescimento_efetivo,-0.12,static
1710,Sabrosa,taxa_desemprego,6.97,static
1710,Sabrosa,taxa_esforco_arrendamento,26.3108239,static
1710,Sabrosa,valor_mediano_vendas_m2,558,static
1711,Santa Marta de Penaguião,acessos_internet_banda_larga,36.67,static
1711,Santa Marta de Penaguião,certificacao_energetica_cf,83.57487923,static
1711,Santa Marta de Penaguião,coeficiente_gini,41.5,static
1711,Santa Marta de Penaguião,consumo_energia_eletrica,1174,static
1711,Santa Marta de Penaguião,densidade_populacional,85.9,static
1711,Santa Marta de Penaguião,disparidade_ganho_mensal,1.6,static
1711,Santa Marta de Penaguião,duracao_pendulares,18.11,static
1711,Santa Marta de Penaguião,emissoes_gee_edificios,1.09,static
1711,Santa Marta de Penaguião,emissoes_gee_transportes,6.77,static
1711,Santa Marta de Penaguião,empresas_volume_negocios,68284.49,static
1711,Santa Marta de Penaguião,indice_envelhecimento_edificios,1326.8,static
1711,Santa Marta de Penaguião,percentagem_poder_compra,0.037,static
1711,Santa Marta de Penaguião,prop_agregados_unipessoais,22.31,static
1711,Santa Marta de Penaguião,prop_alojamentos_arrendados,0.0989,static
1711,Santa Marta de Penaguião,prop_alojamentos_locais,3.15,static
1711,Santa Marta de Penaguião,prop_alojamentos_nao_classicos,0,static
1711,Santa Marta de Penaguião,prop_alojamentos_sobrelotados,7.88501026694045,static
1711,Santa Marta de Penaguião,prop_alojamentos_vagos,10.6,static
1711,Santa Marta de Penaguião,prop_ar_condicionado,11.86858316,static
1711,Santa Marta de Penaguião,prop_edificios_fora_urbano,7.3,static
1711,Santa Marta de Penaguião,prop_ensino_secundario,27.89,static
1711,Santa Marta de Penaguião,prop_habitacao_social,1.454394349,static
1711,Santa Marta de Penaguião,prop_mais_20min_escola,100,static
1711,Santa Marta de Penaguião,prop_mais_30min_hospital,0,static
1711,Santa Marta de Penaguião,prop_modo_pedonal,19.5,static
1711,Santa Marta de Penaguião,prop_nacionalidade_estrangeira,0.015,static
1711,Santa Marta de Penaguião,prop_necessidade_reparacao,14.66,static
1711,Santa Marta de Penaguião,prop_pop_65_mais,31.97,static
1711,Santa Marta de Penaguião,prop_reabilitacao_edificado,20,static
1711,Santa Marta de Penaguião,prop_risco_pobreza,37.23809524,static
1711,Santa Marta de Penaguião,prop_sem_aquecimento,13.39,static
1711,Santa Marta de Penaguião,prop_transporte_coletivo,15.6,static
1711,Santa Marta de Penaguião,prop_vagos_bom_estado,57.11382,static
1711,Santa Marta de Penaguião,racio_vendas_estrangeiros,1,static
1711,Santa Marta de Penaguião,risco_galgamentos_costeiros,0,static
1711,Santa Marta de Penaguião,risco_incendio_rural,63.035,static
1711,Santa Marta de Penaguião,risco_inundacao,0,static
1711,Santa Marta de Penaguião,risco_movimento_massa,29.881,static
1711,Santa Marta de Penaguião,risco_nevao,16.633,static
1711,Santa Marta de Penaguião,risco_ondas_calor,75,static
1711,Santa Marta de Penaguião,risco_ondas_frio,100,static
1711,Santa Marta de Penaguião,risco_seca,33.333,static
1711,Santa Marta de Penaguião,risco_sismo,35.104,static
1711,Santa Marta de Penaguião,risco_tsunami,0,static
1711,Santa Marta de Penaguião,taxa_bruta_natalidade,4.2,static
1711,Santa Marta de Penaguião,taxa_crescimento_efetivo,-0.57,static
1711,Santa Marta de Penaguião,taxa_desemprego,6.81,static
1711,Santa Marta de Penaguião,taxa_esforco_arrendamento,29.43502621,static
1711,Santa Marta de Penaguião,valor_mediano_vendas_m2,458,static
1712,Valpaços,acessos_internet_banda_larga,33.67,static
1712,Valpaços,certificacao_energetica_cf,49.57264957,static
1712,Valpaços,coeficiente_gini,40.2,static
1712,Valpaços,consumo_energia_eletrica,1474.8,static
1712,Valpaços,densidade_populacional,26.5,static
1712,Valpaços,disparidade_ganho_mensal,0.6,static
1712,Valpaços,duracao_pendulares,15.3,static
1712,Valpaços,emissoes_gee_edificios,4.14,static
1712,Valpaços,emissoes_gee_transportes,13.11,static
1712,Valpaços,empresas_volume_negocios,53792.3,static
1712,Valpaços,indice_envelhecimento_edificios,680.5,static
1712,Valpaços,percentagem_poder_compra,0.089,static
1712,Valpaços,prop_agregados_unipessoais,29.96,static
1712,Valpaços,prop_alojamentos_arrendados,0.0918,static
1712,Valpaços,prop_alojamentos_locais,0,static
1712,Valpaços,prop_alojamentos_nao_classicos,0.1,static
1712,Valpaços,prop_alojamentos_sobrelotados,6.32539437055366,static
1712,Valpaços,prop_alojamentos_vagos,10.6,static
1712,Valpaços,prop_ar_condicionado,7.841014538,static
1712,Valpaços,prop_edificios_fora_urbano,5.4,static
1712,Valpaços,prop_ensino_secundario,22.98,static
1712,Valpaços,prop_habitacao_social,0.289603244,static
1712,Valpaços,prop_mais_20min_escola,78.03,static
1712,Valpaços,prop_mais_30min_hospital,2,static
1712,Valpaços,prop_modo_pedonal,24.3,static
1712,Valpaços,prop_nacionalidade_estrangeira,0.018,static
1712,Valpaços,prop_necessidade_reparacao,15.68,static
1712,Valpaços,prop_pop_65_mais,40.47,static
1712,Valpaços,prop_reabilitacao_edificado,6.7,static
1712,Valpaços,prop_risco_pobreza,38.14754098,static
1712,Valpaços,prop_sem_aquecimento,7.55,static
1712,Valpaços,prop_transporte_coletivo,10.5,static
1712,Valpaços,prop_vagos_bom_estado,65.6706,static
1712,Valpaços,racio_vendas_estrangeiros,1,static
1712,Valpaços,risco_galgamentos_costeiros,0,static
1712,Valpaços,risco_incendio_rural,67.494,static
1712,Valpaços,risco_inundacao,0,static
1712,Valpaços,risco_movimento_massa,10.095,static
1712,Valpaços,risco_nevao,33.024,static
1712,Valpaços,risco_ondas_calor,83.289,static
1712,Valpaços,risco_ondas_frio,100,static
1712,Valpaços,risco_seca,45.598,static
1712,Valpaços,risco_sismo,33.376,static
1712,Valpaços,risco_tsunami,0,static
1712,Valpaços,taxa_bruta_natalidade,4.7,static
1712,Valpaços,taxa_crescimento_efetivo,-0.4,static
1712,Valpaços,taxa_desemprego,6.79,static
1712,Valpaços,taxa_esforco_arrendamento,22.38461538,static
1712,Valpaços,valor_mediano_vendas_m2,564,static
1713,Vila Pouca de Aguiar,acessos_internet_banda_larga,37.57,static
1713,Vila Pouca de Aguiar,certificacao_energetica_cf,49.58677686,static
1713,Vila Pouca de Aguiar,coeficiente_gini,41,static
1713,Vila Pouca de Aguiar,consumo_energia_eletrica,1395,static
1713,Vila Pouca de Aguiar,densidade_populacional,27,static
1713,Vila Pouca de Aguiar,disparidade_ganho_mensal,3.4,static
1713,Vila Pouca de Aguiar,duracao_pendulares,16.11,static
1713,Vila Pouca de Aguiar,emissoes_gee_edificios,3.77,static
1713,Vila Pouca de Aguiar,emissoes_gee_transportes,26.07,static
1713,Vila Pouca de Aguiar,empresas_volume_negocios,173456.7,static
1713,Vila Pouca de Aguiar,indice_envelhecimento_edificios,468.9,static
1713,Vila Pouca de Aguiar,percentagem_poder_compra,0.077,static
1713,Vila Pouca de Aguiar,prop_agregados_unipessoais,25.57,static
1713,Vila Pouca de Aguiar,prop_alojamentos_arrendados,0.1704,static
1713,Vila Pouca de Aguiar,prop_alojamentos_locais,0,static
1713,Vila Pouca de Aguiar,prop_alojamentos_nao_classicos,0,static
1713,Vila Pouca de Aguiar,prop_alojamentos_sobrelotados,6.53044871794871,static
1713,Vila Pouca de Aguiar,prop_alojamentos_vagos,9.5,static
1713,Vila Pouca de Aguiar,prop_ar_condicionado,2.784455128,static
1713,Vila Pouca de Aguiar,prop_edificios_fora_urbano,4.9,static
1713,Vila Pouca de Aguiar,prop_ensino_secundario,27.59,static
1713,Vila Pouca de Aguiar,prop_habitacao_social,0.242154204,static
1713,Vila Pouca de Aguiar,prop_mais_20min_escola,82.21,static
1713,Vila Pouca de Aguiar,prop_mais_30min_hospital,1,static
1713,Vila Pouca de Aguiar,prop_modo_pedonal,19.4,static
1713,Vila Pouca de Aguiar,prop_nacionalidade_estrangeira,0.034,static
1713,Vila Pouca de Aguiar,prop_necessidade_reparacao,14.33,static
1713,Vila Pouca de Aguiar,prop_pop_65_mais,34.52,static
1713,Vila Pouca de Aguiar,prop_reabilitacao_edificado,10,static
1713,Vila Pouca de Aguiar,prop_risco_pobreza,32.17759839,static
1713,Vila Pouca de Aguiar,prop_sem_aquecimento,6.99,static
1713,Vila Pouca de Aguiar,prop_transporte_coletivo,16.1,static
1713,Vila Pouca de Aguiar,prop_vagos_bom_estado,49.69325,static
1713,Vila Pouca de Aguiar,racio_vendas_estrangeiros,1,static
1713,Vila Pouca de Aguiar,risco_galgamentos_costeiros,0,static
1713,Vila Pouca de Aguiar,risco_incendio_rural,77.579,static
1713,Vila Pouca de Aguiar,risco_inundacao,0,static
1713,Vila Pouca de Aguiar,risco_movimento_massa,15.932,static
1713,Vila Pouca de Aguiar,risco_nevao,63.035,static
1713,Vila Pouca de Aguiar,risco_ondas_calor,75,static
1713,Vila Pouca de Aguiar,risco_ondas_frio,100,static
1713,Vila Pouca de Aguiar,risco_seca,33.333,static
1713,Vila Pouca de Aguiar,risco_sismo,34.997,static
1713,Vila Pouca de Aguiar,risco_tsunami,0,static
1713,Vila Pouca de Aguiar,taxa_bruta_natalidade,4.1,static
1713,Vila Pouca de Aguiar,taxa_crescimento_efetivo,0.4,static
1713,Vila Pouca de Aguiar,taxa_desemprego,8.65,static
1713,Vila Pouca de Aguiar,taxa_esforco_arrendamento,23.99395922,static
1713,Vila Pouca de Aguiar,valor_mediano_vendas_m2,767,static
1714,Vila Real,acessos_internet_banda_larga,44.11,static
1714,Vila Real,certificacao_energetica_cf,43.71980676,static
1714,Vila Real,coeficiente_gini,44.8,static
1714,Vila Real,consumo_energia_eletrica,1388.3,static
1714,Vila Real,densidade_populacional,132.1,static
1714,Vila Real,disparidade_ganho_mensal,2,static
1714,Vila Real,duracao_pendulares,15.86,static
1714,Vila Real,emissoes_gee_edificios,21.64,static
1714,Vila Real,emissoes_gee_transportes,97.53,static
1714,Vila Real,empresas_volume_negocios,212306.4,static
1714,Vila Real,indice_envelhecimento_edificios,381.8,static
1714,Vila Real,percentagem_poder_compra,0.465,static
1714,Vila Real,prop_agregados_unipessoais,23.05,static
1714,Vila Real,prop_alojamentos_arrendados,0.1042,static
1714,Vila Real,prop_alojamentos_locais,0,static
1714,Vila Real,prop_alojamentos_nao_classicos,0.06,static
1714,Vila Real,prop_alojamentos_sobrelotados,7.87222194097099,static
1714,Vila Real,prop_alojamentos_vagos,9.9,static
1714,Vila Real,prop_ar_condicionado,8.267098669,static
1714,Vila Real,prop_edificios_fora_urbano,7.5,static
1714,Vila Real,prop_ensino_secundario,50.1,static
1714,Vila Real,prop_habitacao_social,1.988376649,static
1714,Vila Real,prop_mais_20min_escola,63.5,static
1714,Vila Real,prop_mais_30min_hospital,0,static
1714,Vila Real,prop_modo_pedonal,14.8,static
1714,Vila Real,prop_nacionalidade_estrangeira,0.066,static
1714,Vila Real,prop_necessidade_reparacao,12.96,static
1714,Vila Real,prop_pop_65_mais,23.53,static
1714,Vila Real,prop_reabilitacao_edificado,0,static
1714,Vila Real,prop_risco_pobreza,21.01232877,static
1714,Vila Real,prop_sem_aquecimento,11.52,static
1714,Vila Real,prop_transporte_coletivo,9.7,static
1714,Vila Real,prop_vagos_bom_estado,55.57743,static
1714,Vila Real,racio_vendas_estrangeiros,1,static
1714,Vila Real,risco_galgamentos_costeiros,0,static
1714,Vila Real,risco_incendio_rural,71.812,static
1714,Vila Real,risco_inundacao,0,static
1714,Vila Real,risco_movimento_massa,17.771,static
1714,Vila Real,risco_nevao,48.717,static
1714,Vila Real,risco_ondas_calor,75,static
1714,Vila Real,risco_ondas_frio,100,static
1714,Vila Real,risco_seca,33.904,static
1714,Vila Real,risco_sismo,34.905,static
1714,Vila Real,risco_tsunami,0,static
1714,Vila Real,taxa_bruta_natalidade,6.1,static
1714,Vila Real,taxa_crescimento_efetivo,0.23,static
1714,Vila Real,taxa_desemprego,6.91,static
1714,Vila Real,taxa_esforco_arrendamento,26.27709905,static
1714,Vila Real,valor_mediano_vendas_m2,1335,static
1801,Armamar,acessos_internet_banda_larga,35.45,static
1801,Armamar,certificacao_energetica_cf,55.07246377,static
1801,Armamar,coeficiente_gini,41.4,static
1801,Armamar,consumo_energia_eletrica,1534.9,static
1801,Armamar,densidade_populacional,48.1,static
1801,Armamar,disparidade_ganho_mensal,4.4,static
1801,Armamar,duracao_pendulares,15,static
1801,Armamar,emissoes_gee_edificios,1.38,static
1801,Armamar,emissoes_gee_transportes,4.89,static
1801,Armamar,empresas_volume_negocios,142559.9,static
1801,Armamar,indice_envelhecimento_edificios,708.6,static
1801,Armamar,percentagem_poder_compra,0.037,static
1801,Armamar,prop_agregados_unipessoais,25.62,static
1801,Armamar,prop_alojamentos_arrendados,0.0268,static
1801,Armamar,prop_alojamentos_locais,6.72,static
1801,Armamar,prop_alojamentos_nao_classicos,0,static
1801,Armamar,prop_alojamentos_sobrelotados,8.08303886925795,static
1801,Armamar,prop_alojamentos_vagos,17.6,static
1801,Armamar,prop_ar_condicionado,6.227915194,static
1801,Armamar,prop_edificios_fora_urbano,17.3,static
1801,Armamar,prop_ensino_secundario,28.77,static
1801,Armamar,prop_habitacao_social,0.041034058,static
1801,Armamar,prop_mais_20min_escola,85.76,static
1801,Armamar,prop_mais_30min_hospital,1,static
1801,Armamar,prop_modo_pedonal,20.2,static
1801,Armamar,prop_nacionalidade_estrangeira,0.06,static
1801,Armamar,prop_necessidade_reparacao,21.29,static
1801,Armamar,prop_pop_65_mais,30.77,static
1801,Armamar,prop_reabilitacao_edificado,16.7,static
1801,Armamar,prop_risco_pobreza,32.38785504,static
1801,Armamar,prop_sem_aquecimento,13.96,static
1801,Armamar,prop_transporte_coletivo,17.1,static
1801,Armamar,prop_vagos_bom_estado,37.70492,static
1801,Armamar,racio_vendas_estrangeiros,1,static
1801,Armamar,risco_galgamentos_costeiros,0,static
1801,Armamar,risco_incendio_rural,69.192,static
1801,Armamar,risco_inundacao,0,static
1801,Armamar,risco_movimento_massa,23.391,static
1801,Armamar,risco_nevao,36.232,static
1801,Armamar,risco_ondas_calor,75,static
1801,Armamar,risco_ondas_frio,100,static
1801,Armamar,risco_seca,66.114,static
1801,Armamar,risco_sismo,33.333,static
1801,Armamar,risco_tsunami,0,static
1801,Armamar,taxa_bruta_natalidade,3.7,static
1801,Armamar,taxa_crescimento_efetivo,-0.27,static
1801,Armamar,taxa_desemprego,9.08,static
1801,Armamar,taxa_esforco_arrendamento,28.52758802,static
1801,Armamar,valor_mediano_vendas_m2,208,static
1802,Carregal do Sal,acessos_internet_banda_larga,38.02,static
1802,Carregal do Sal,certificacao_energetica_cf,59.89010989,static
1802,Carregal do Sal,coeficiente_gini,38.1,static
1802,Carregal do Sal,consumo_energia_eletrica,1340.9,static
1802,Carregal do Sal,densidade_populacional,79.2,static
1802,Carregal do Sal,disparidade_ganho_mensal,9.6,static
1802,Carregal do Sal,duracao_pendulares,15.65,static
1802,Carregal do Sal,emissoes_gee_edificios,2.02,static
1802,Carregal do Sal,emissoes_gee_transportes,7.64,static
1802,Carregal do Sal,empresas_volume_negocios,288497.4,static
1802,Carregal do Sal,indice_envelhecimento_edificios,1320.2,static
1802,Carregal do Sal,percentagem_poder_compra,0.064,static
1802,Carregal do Sal,prop_agregados_unipessoais,25.21,static
1802,Carregal do Sal,prop_alojamentos_arrendados,0.0886,static
1802,Carregal do Sal,prop_alojamentos_locais,0.52,static
1802,Carregal do Sal,prop_alojamentos_nao_classicos,0.02,static
1802,Carregal do Sal,prop_alojamentos_sobrelotados,6.95559122525414,static
1802,Carregal do Sal,prop_alojamentos_vagos,17.4,static
1802,Carregal do Sal,prop_ar_condicionado,11.02193686,static
1802,Carregal do Sal,prop_edificios_fora_urbano,5.4,static
1802,Carregal do Sal,prop_ensino_secundario,30.53,static
1802,Carregal do Sal,prop_habitacao_social,0.754884547,static
1802,Carregal do Sal,prop_mais_20min_escola,75.91,static
1802,Carregal do Sal,prop_mais_30min_hospital,0,static
1802,Carregal do Sal,prop_modo_pedonal,11.2,static
1802,Carregal do Sal,prop_nacionalidade_estrangeira,0.072,static
1802,Carregal do Sal,prop_necessidade_reparacao,16.56,static
1802,Carregal do Sal,prop_pop_65_mais,31.67,static
1802,Carregal do Sal,prop_reabilitacao_edificado,53.3,static
1802,Carregal do Sal,prop_risco_pobreza,22.43304348,static
1802,Carregal do Sal,prop_sem_aquecimento,11.48,static
1802,Carregal do Sal,prop_transporte_coletivo,11.1,static
1802,Carregal do Sal,prop_vagos_bom_estado,54.18089,static
1802,Carregal do Sal,racio_vendas_estrangeiros,1,static
1802,Carregal do Sal,risco_galgamentos_costeiros,0,static
1802,Carregal do Sal,risco_incendio_rural,69.025,static
1802,Carregal do Sal,risco_inundacao,0,static
1802,Carregal do Sal,risco_movimento_massa,6.795,static
1802,Carregal do Sal,risco_nevao,0,static
1802,Carregal do Sal,risco_ondas_calor,75,static
1802,Carregal do Sal,risco_ondas_frio,66.667,static
1802,Carregal do Sal,risco_seca,66.667,static
1802,Carregal do Sal,risco_sismo,33.333,static
1802,Carregal do Sal,risco_tsunami,0,static
1802,Carregal do Sal,taxa_bruta_natalidade,6.7,static
1802,Carregal do Sal,taxa_crescimento_efetivo,0.91,static
1802,Carregal do Sal,taxa_desemprego,6.23,static
1802,Carregal do Sal,taxa_esforco_arrendamento,21.26538294,static
1802,Carregal do Sal,valor_mediano_vendas_m2,528,static
1803,Castro Daire,acessos_internet_banda_larga,34.39,static
1803,Castro Daire,certificacao_energetica_cf,52.38095238,static
1803,Castro Daire,coeficiente_gini,39.1,static
1803,Castro Daire,consumo_energia_eletrica,1393.9,static
1803,Castro Daire,densidade_populacional,36.4,static
1803,Castro Daire,disparidade_ganho_mensal,6.8,static
1803,Castro Daire,duracao_pendulares,18.83,static
1803,Castro Daire,emissoes_gee_edificios,3.8,static
1803,Castro Daire,emissoes_gee_transportes,22.17,static
1803,Castro Daire,empresas_volume_negocios,207253.7,static
1803,Castro Daire,indice_envelhecimento_edificios,790.5,static
1803,Castro Daire,percentagem_poder_compra,0.088,static
1803,Castro Daire,prop_agregados_unipessoais,25.5,static
1803,Castro Daire,prop_alojamentos_arrendados,0.0195,static
1803,Castro Daire,prop_alojamentos_locais,3.3,static
1803,Castro Daire,prop_alojamentos_nao_classicos,0.01,static
1803,Castro Daire,prop_alojamentos_sobrelotados,8.43994314143567,static
1803,Castro Daire,prop_alojamentos_vagos,12.4,static
1803,Castro Daire,prop_ar_condicionado,4.513148543,static
1803,Castro Daire,prop_edificios_fora_urbano,11.1,static
1803,Castro Daire,prop_ensino_secundario,26.58,static
1803,Castro Daire,prop_habitacao_social,0.069198831,static
1803,Castro Daire,prop_mais_20min_escola,81.77,static
1803,Castro Daire,prop_mais_30min_hospital,14,static
1803,Castro Daire,prop_modo_pedonal,19.3,static
1803,Castro Daire,prop_nacionalidade_estrangeira,0.03,static
1803,Castro Daire,prop_necessidade_reparacao,8.53,static
1803,Castro Daire,prop_pop_65_mais,32.36,static
1803,Castro Daire,prop_reabilitacao_edificado,26.5,static
1803,Castro Daire,prop_risco_pobreza,31.81124072,static
1803,Castro Daire,prop_sem_aquecimento,15.48,static
1803,Castro Daire,prop_transporte_coletivo,18.2,static
1803,Castro Daire,prop_vagos_bom_estado,73.10819,static
1803,Castro Daire,racio_vendas_estrangeiros,1,static
1803,Castro Daire,risco_galgamentos_costeiros,0,static
1803,Castro Daire,risco_incendio_rural,82.55,static
1803,Castro Daire,risco_inundacao,0,static
1803,Castro Daire,risco_movimento_massa,23.497,static
1803,Castro Daire,risco_nevao,50.842,static
1803,Castro Daire,risco_ondas_calor,61.795,static
1803,Castro Daire,risco_ondas_frio,67.392,static
1803,Castro Daire,risco_seca,50.701,static
1803,Castro Daire,risco_sismo,33.83,static
1803,Castro Daire,risco_tsunami,0,static
1803,Castro Daire,taxa_bruta_natalidade,4.5,static
1803,Castro Daire,taxa_crescimento_efetivo,0.42,static
1803,Castro Daire,taxa_desemprego,8.55,static
1803,Castro Daire,taxa_esforco_arrendamento,25.40749454,static
1803,Castro Daire,valor_mediano_vendas_m2,506,static
1804,Cinfães,acessos_internet_banda_larga,29.58,static
1804,Cinfães,certificacao_energetica_cf,48.70967742,static
1804,Cinfães,coeficiente_gini,39.8,static
1804,Cinfães,consumo_energia_eletrica,1292.7,static
1804,Cinfães,densidade_populacional,72.3,static
1804,Cinfães,disparidade_ganho_mensal,4.9,static
1804,Cinfães,duracao_pendulares,25.55,static
1804,Cinfães,emissoes_gee_edificios,3.8,static
1804,Cinfães,emissoes_gee_transportes,17.72,static
1804,Cinfães,empresas_volume_negocios,171492.3,static
1804,Cinfães,indice_envelhecimento_edificios,946,static
1804,Cinfães,percentagem_poder_compra,0.107,static
1804,Cinfães,prop_agregados_unipessoais,20.45,static
1804,Cinfães,prop_alojamentos_arrendados,0.0937,static
1804,Cinfães,prop_alojamentos_locais,1.21,static
1804,Cinfães,prop_alojamentos_nao_classicos,0.02,static
1804,Cinfães,prop_alojamentos_sobrelotados,12.5203011959249,static
1804,Cinfães,prop_alojamentos_vagos,11.7,static
1804,Cinfães,prop_ar_condicionado,13.42093607,static
1804,Cinfães,prop_edificios_fora_urbano,84.6,static
1804,Cinfães,prop_ensino_secundario,25.96,static
1804,Cinfães,prop_habitacao_social,0.237510238,static
1804,Cinfães,prop_mais_20min_escola,90.21,static
1804,Cinfães,prop_mais_30min_hospital,90,static
1804,Cinfães,prop_modo_pedonal,16.1,static
1804,Cinfães,prop_nacionalidade_estrangeira,0.041,static
1804,Cinfães,prop_necessidade_reparacao,14.64,static
1804,Cinfães,prop_pop_65_mais,25.38,static
1804,Cinfães,prop_reabilitacao_edificado,38.5,static
1804,Cinfães,prop_risco_pobreza,38.12406948,static
1804,Cinfães,prop_sem_aquecimento,22.26,static
1804,Cinfães,prop_transporte_coletivo,26.2,static
1804,Cinfães,prop_vagos_bom_estado,55.20394,static
1804,Cinfães,racio_vendas_estrangeiros,1,static
1804,Cinfães,risco_galgamentos_costeiros,0,static
1804,Cinfães,risco_incendio_rural,79.787,static
1804,Cinfães,risco_inundacao,0,static
1804,Cinfães,risco_movimento_massa,41.938,static
1804,Cinfães,risco_nevao,40.306,static
1804,Cinfães,risco_ondas_calor,50,static
1804,Cinfães,risco_ondas_frio,66.667,static
1804,Cinfães,risco_seca,33.333,static
1804,Cinfães,risco_sismo,33.433,static
1804,Cinfães,risco_tsunami,0,static
1804,Cinfães,taxa_bruta_natalidade,5.2,static
1804,Cinfães,taxa_crescimento_efetivo,-0.8,static
1804,Cinfães,taxa_desemprego,9.9,static
1804,Cinfães,taxa_esforco_arrendamento,26.99505223,static
1804,Cinfães,valor_mediano_vendas_m2,336,static
1805,Lamego,acessos_internet_banda_larga,38.6,static
1805,Lamego,certificacao_energetica_cf,41.0989011,static
1805,Lamego,coeficiente_gini,44.1,static
1805,Lamego,consumo_energia_eletrica,1270.1,static
1805,Lamego,densidade_populacional,145.3,static
1805,Lamego,disparidade_ganho_mensal,4.5,static
1805,Lamego,duracao_pendulares,17.86,static
1805,Lamego,emissoes_gee_edificios,7.89,static
1805,Lamego,emissoes_gee_transportes,38.61,static
1805,Lamego,empresas_volume_negocios,139739.6,static
1805,Lamego,indice_envelhecimento_edificios,1105.3,static
1805,Lamego,percentagem_poder_compra,0.189,static
1805,Lamego,prop_agregados_unipessoais,22.67,static
1805,Lamego,prop_alojamentos_arrendados,0.0326,static
1805,Lamego,prop_alojamentos_locais,2.75,static
1805,Lamego,prop_alojamentos_nao_classicos,0.02,static
1805,Lamego,prop_alojamentos_sobrelotados,8.71592911182505,static
1805,Lamego,prop_alojamentos_vagos,12.9,static
1805,Lamego,prop_ar_condicionado,6.943724738,static
1805,Lamego,prop_edificios_fora_urbano,22.8,static
1805,Lamego,prop_ensino_secundario,38.25,static
1805,Lamego,prop_habitacao_social,0.506827261,static
1805,Lamego,prop_mais_20min_escola,56.5,static
1805,Lamego,prop_mais_30min_hospital,0,static
1805,Lamego,prop_modo_pedonal,18.6,static
1805,Lamego,prop_nacionalidade_estrangeira,0.037,static
1805,Lamego,prop_necessidade_reparacao,17.91,static
1805,Lamego,prop_pop_65_mais,26.1,static
1805,Lamego,prop_reabilitacao_edificado,51.1,static
1805,Lamego,prop_risco_pobreza,28.6124498,static
1805,Lamego,prop_sem_aquecimento,18.43,static
1805,Lamego,prop_transporte_coletivo,12.5,static
1805,Lamego,prop_vagos_bom_estado,53.72787,static
1805,Lamego,racio_vendas_estrangeiros,1,static
1805,Lamego,risco_galgamentos_costeiros,0,static
1805,Lamego,risco_incendio_rural,69.135,static
1805,Lamego,risco_inundacao,1.269,static
1805,Lamego,risco_movimento_massa,28.912,static
1805,Lamego,risco_nevao,41.918,static
1805,Lamego,risco_ondas_calor,75,static
1805,Lamego,risco_ondas_frio,96.115,static
1805,Lamego,risco_seca,37.461,static
1805,Lamego,risco_sismo,34.164,static
1805,Lamego,risco_tsunami,0,static
1805,Lamego,taxa_bruta_natalidade,5.1,static
1805,Lamego,taxa_crescimento_efetivo,-0.38,static
1805,Lamego,taxa_desemprego,10.25,static
1805,Lamego,taxa_esforco_arrendamento,23.04361469,static
1805,Lamego,valor_mediano_vendas_m2,730,static
1806,Mangualde,acessos_internet_banda_larga,40.23,static
1806,Mangualde,certificacao_energetica_cf,60.41666667,static
1806,Mangualde,coeficiente_gini,39.3,static
1806,Mangualde,consumo_energia_eletrica,1344.9,static
1806,Mangualde,densidade_populacional,85.6,static
1806,Mangualde,disparidade_ganho_mensal,14.9,static
1806,Mangualde,duracao_pendulares,15.65,static
1806,Mangualde,emissoes_gee_edificios,4.4,static
1806,Mangualde,emissoes_gee_transportes,36.88,static
1806,Mangualde,empresas_volume_negocios,925291.9,static
1806,Mangualde,indice_envelhecimento_edificios,1144.4,static
1806,Mangualde,percentagem_poder_compra,0.149,static
1806,Mangualde,prop_agregados_unipessoais,22.18,static
1806,Mangualde,prop_alojamentos_arrendados,0.0353,static
1806,Mangualde,prop_alojamentos_locais,1.56,static
1806,Mangualde,prop_alojamentos_nao_classicos,0.02,static
1806,Mangualde,prop_alojamentos_sobrelotados,6.5314401622718,static
1806,Mangualde,prop_alojamentos_vagos,17.8,static
1806,Mangualde,prop_ar_condicionado,12.75185936,static
1806,Mangualde,prop_edificios_fora_urbano,18.5,static
1806,Mangualde,prop_ensino_secundario,33.64,static
1806,Mangualde,prop_habitacao_social,0.779241019,static
1806,Mangualde,prop_mais_20min_escola,76.57,static
1806,Mangualde,prop_mais_30min_hospital,0,static
1806,Mangualde,prop_modo_pedonal,11.7,static
1806,Mangualde,prop_nacionalidade_estrangeira,0.062,static
1806,Mangualde,prop_necessidade_reparacao,17.92,static
1806,Mangualde,prop_pop_65_mais,29.5,static
1806,Mangualde,prop_reabilitacao_edificado,7.8,static
1806,Mangualde,prop_risco_pobreza,21.17488076,static
1806,Mangualde,prop_sem_aquecimento,13.1,static
1806,Mangualde,prop_transporte_coletivo,8.3,static
1806,Mangualde,prop_vagos_bom_estado,53.57613,static
1806,Mangualde,racio_vendas_estrangeiros,1,static
1806,Mangualde,risco_galgamentos_costeiros,0,static
1806,Mangualde,risco_incendio_rural,73.038,static
1806,Mangualde,risco_inundacao,0,static
1806,Mangualde,risco_movimento_massa,7.894,static
1806,Mangualde,risco_nevao,14.227,static
1806,Mangualde,risco_ondas_calor,75,static
1806,Mangualde,risco_ondas_frio,66.667,static
1806,Mangualde,risco_seca,66.667,static
1806,Mangualde,risco_sismo,33.333,static
1806,Mangualde,risco_tsunami,0,static
1806,Mangualde,taxa_bruta_natalidade,6,static
1806,Mangualde,taxa_crescimento_efetivo,0.93,static
1806,Mangualde,taxa_desemprego,7.94,static
1806,Mangualde,taxa_esforco_arrendamento,21.94061028,static
1806,Mangualde,valor_mediano_vendas_m2,559,static
1807,Moimenta da Beira,acessos_internet_banda_larga,34.75,static
1807,Moimenta da Beira,certificacao_energetica_cf,54.6961326,static
1807,Moimenta da Beira,coeficiente_gini,41.7,static
1807,Moimenta da Beira,consumo_energia_eletrica,1486.2,static
1807,Moimenta da Beira,densidade_populacional,44.4,static
1807,Moimenta da Beira,disparidade_ganho_mensal,3.9,static
1807,Moimenta da Beira,duracao_pendulares,13.69,static
1807,Moimenta da Beira,emissoes_gee_edificios,4.14,static
1807,Moimenta da Beira,emissoes_gee_transportes,9.6,static
1807,Moimenta da Beira,empresas_volume_negocios,158087.1,static
1807,Moimenta da Beira,indice_envelhecimento_edificios,601.2,static
1807,Moimenta da Beira,percentagem_poder_compra,0.065,static
1807,Moimenta da Beira,prop_agregados_unipessoais,24.4,static
1807,Moimenta da Beira,prop_alojamentos_arrendados,0.046,static
1807,Moimenta da Beira,prop_alojamentos_locais,0.82,static
1807,Moimenta da Beira,prop_alojamentos_nao_classicos,0,static
1807,Moimenta da Beira,prop_alojamentos_sobrelotados,7.13907985193019,static
1807,Moimenta da Beira,prop_alojamentos_vagos,13.2,static
1807,Moimenta da Beira,prop_ar_condicionado,6.028556319,static
1807,Moimenta da Beira,prop_edificios_fora_urbano,8.3,static
1807,Moimenta da Beira,prop_ensino_secundario,32.46,static
1807,Moimenta da Beira,prop_habitacao_social,0.492362075,static
1807,Moimenta da Beira,prop_mais_20min_escola,74.46,static
1807,Moimenta da Beira,prop_mais_30min_hospital,32,static
1807,Moimenta da Beira,prop_modo_pedonal,20.1,static
1807,Moimenta da Beira,prop_nacionalidade_estrangeira,0.051,static
1807,Moimenta da Beira,prop_necessidade_reparacao,18.73,static
1807,Moimenta da Beira,prop_pop_65_mais,29.42,static
1807,Moimenta da Beira,prop_reabilitacao_edificado,27.5,static
1807,Moimenta da Beira,prop_risco_pobreza,29.41603053,static
1807,Moimenta da Beira,prop_sem_aquecimento,9.36,static
1807,Moimenta da Beira,prop_transporte_coletivo,10.7,static
1807,Moimenta da Beira,prop_vagos_bom_estado,43.26648,static
1807,Moimenta da Beira,racio_vendas_estrangeiros,1,static
1807,Moimenta da Beira,risco_galgamentos_costeiros,0,static
1807,Moimenta da Beira,risco_incendio_rural,72.168,static
1807,Moimenta da Beira,risco_inundacao,0,static
1807,Moimenta da Beira,risco_movimento_massa,8.136,static
1807,Moimenta da Beira,risco_nevao,62.327,static
1807,Moimenta da Beira,risco_ondas_calor,75,static
1807,Moimenta da Beira,risco_ondas_frio,98.043,static
1807,Moimenta da Beira,risco_seca,66.667,static
1807,Moimenta da Beira,risco_sismo,33.333,static
1807,Moimenta da Beira,risco_tsunami,0,static
1807,Moimenta da Beira,taxa_bruta_natalidade,7.2,static
1807,Moimenta da Beira,taxa_crescimento_efetivo,0.44,static
1807,Moimenta da Beira,taxa_desemprego,7.73,static
1807,Moimenta da Beira,taxa_esforco_arrendamento,21.27024219,static
1807,Moimenta da Beira,valor_mediano_vendas_m2,465,static
1808,Mortágua,acessos_internet_banda_larga,36.77,static
1808,Mortágua,certificacao_energetica_cf,49.375,static
1808,Mortágua,coeficiente_gini,39.5,static
1808,Mortágua,consumo_energia_eletrica,1360.2,static
1808,Mortágua,densidade_populacional,36.2,static
1808,Mortágua,disparidade_ganho_mensal,11,static
1808,Mortágua,duracao_pendulares,16.01,static
1808,Mortágua,emissoes_gee_edificios,4.11,static
1808,Mortágua,emissoes_gee_transportes,7.46,static
1808,Mortágua,empresas_volume_negocios,332114.2,static
1808,Mortágua,indice_envelhecimento_edificios,407,static
1808,Mortágua,percentagem_poder_compra,0.068,static
1808,Mortágua,prop_agregados_unipessoais,22.92,static
1808,Mortágua,prop_alojamentos_arrendados,0.0468,static
1808,Mortágua,prop_alojamentos_locais,1.88,static
1808,Mortágua,prop_alojamentos_nao_classicos,0,static
1808,Mortágua,prop_alojamentos_sobrelotados,4.93527508090614,static
1808,Mortágua,prop_alojamentos_vagos,18.1,static
1808,Mortágua,prop_ar_condicionado,8.06364617,static
1808,Mortágua,prop_edificios_fora_urbano,26.6,static
1808,Mortágua,prop_ensino_secundario,30.3,static
1808,Mortágua,prop_habitacao_social,0.940642232,static
1808,Mortágua,prop_mais_20min_escola,80.69,static
1808,Mortágua,prop_mais_30min_hospital,0,static
1808,Mortágua,prop_modo_pedonal,12.3,static
1808,Mortágua,prop_nacionalidade_estrangeira,0.077,static
1808,Mortágua,prop_necessidade_reparacao,9.62,static
1808,Mortágua,prop_pop_65_mais,35,static
1808,Mortágua,prop_reabilitacao_edificado,35.5,static
1808,Mortágua,prop_risco_pobreza,22.01330798,static
1808,Mortágua,prop_sem_aquecimento,11.14,static
1808,Mortágua,prop_transporte_coletivo,12.2,static
1808,Mortágua,prop_vagos_bom_estado,66.04444,static
1808,Mortágua,racio_vendas_estrangeiros,1,static
1808,Mortágua,risco_galgamentos_costeiros,0,static
1808,Mortágua,risco_incendio_rural,66.407,static
1808,Mortágua,risco_inundacao,0,static
1808,Mortágua,risco_movimento_massa,11.298,static
1808,Mortágua,risco_nevao,1.951,static
1808,Mortágua,risco_ondas_calor,50.352,static
1808,Mortágua,risco_ondas_frio,66.667,static
1808,Mortágua,risco_seca,62.502,static
1808,Mortágua,risco_sismo,35.917,static
1808,Mortágua,risco_tsunami,0,static
1808,Mortágua,taxa_bruta_natalidade,5,static
1808,Mortágua,taxa_crescimento_efetivo,0.5,static
1808,Mortágua,taxa_desemprego,4.11,static
1808,Mortágua,taxa_esforco_arrendamento,19.63779873,static
1808,Mortágua,valor_mediano_vendas_m2,675,static
1809,Nelas,acessos_internet_banda_larga,40.01,static
1809,Nelas,certificacao_energetica_cf,60.14234875,static
1809,Nelas,coeficiente_gini,39.8,static
1809,Nelas,consumo_energia_eletrica,1294,static
1809,Nelas,densidade_populacional,107.5,static
1809,Nelas,disparidade_ganho_mensal,10.7,static
1809,Nelas,duracao_pendulares,15.43,static
1809,Nelas,emissoes_gee_edificios,4.12,static
1809,Nelas,emissoes_gee_transportes,10.9,static
1809,Nelas,empresas_volume_negocios,468384.7,static
1809,Nelas,indice_envelhecimento_edificios,1016.9,static
1809,Nelas,percentagem_poder_compra,0.099,static
1809,Nelas,prop_agregados_unipessoais,23.05,static
1809,Nelas,prop_alojamentos_arrendados,0.0579,static
1809,Nelas,prop_alojamentos_locais,4.34,static
1809,Nelas,prop_alojamentos_nao_classicos,0.44,static
1809,Nelas,prop_alojamentos_sobrelotados,6.67170667170667,static
1809,Nelas,prop_alojamentos_vagos,17.5,static
1809,Nelas,prop_ar_condicionado,11.96371196,static
1809,Nelas,prop_edificios_fora_urbano,6,static
1809,Nelas,prop_ensino_secundario,34.97,static
1809,Nelas,prop_habitacao_social,0.513278286,static
1809,Nelas,prop_mais_20min_escola,53.38,static
1809,Nelas,prop_mais_30min_hospital,0,static
1809,Nelas,prop_modo_pedonal,14.1,static
1809,Nelas,prop_nacionalidade_estrangeira,0.07,static
1809,Nelas,prop_necessidade_reparacao,12.54,static
1809,Nelas,prop_pop_65_mais,30.65,static
1809,Nelas,prop_reabilitacao_edificado,35.3,static
1809,Nelas,prop_risco_pobreza,20.91401869,static
1809,Nelas,prop_sem_aquecimento,13.06,static
1809,Nelas,prop_transporte_coletivo,8.7,static
1809,Nelas,prop_vagos_bom_estado,65.76052,static
1809,Nelas,racio_vendas_estrangeiros,1,static
1809,Nelas,risco_galgamentos_costeiros,0,static
1809,Nelas,risco_incendio_rural,63.315,static
1809,Nelas,risco_inundacao,0,static
1809,Nelas,risco_movimento_massa,6.451,static
1809,Nelas,risco_nevao,0,static
1809,Nelas,risco_ondas_calor,75,static
1809,Nelas,risco_ondas_frio,66.667,static
1809,Nelas,risco_seca,66.667,static
1809,Nelas,risco_sismo,33.333,static
1809,Nelas,risco_tsunami,0,static
1809,Nelas,taxa_bruta_natalidade,7.2,static
1809,Nelas,taxa_crescimento_efetivo,1.38,static
1809,Nelas,taxa_desemprego,6.77,static
1809,Nelas,taxa_esforco_arrendamento,20.46331722,static
1809,Nelas,valor_mediano_vendas_m2,690,static
1810,Oliveira de Frades,acessos_internet_banda_larga,35.3,static
1810,Oliveira de Frades,certificacao_energetica_cf,36.13445378,static
1810,Oliveira de Frades,coeficiente_gini,38.1,static
1810,Oliveira de Frades,consumo_energia_eletrica,1367.9,static
1810,Oliveira de Frades,densidade_populacional,67.7,static
1810,Oliveira de Frades,disparidade_ganho_mensal,9.7,static
1810,Oliveira de Frades,duracao_pendulares,16.62,static
1810,Oliveira de Frades,emissoes_gee_edificios,3.6,static
1810,Oliveira de Frades,emissoes_gee_transportes,14.28,static
1810,Oliveira de Frades,empresas_volume_negocios,854392.9,static
1810,Oliveira de Frades,indice_envelhecimento_edificios,683.4,static
1810,Oliveira de Frades,percentagem_poder_compra,0.077,static
1810,Oliveira de Frades,prop_agregados_unipessoais,21.75,static
1810,Oliveira de Frades,prop_alojamentos_arrendados,0.0569,static
1810,Oliveira de Frades,prop_alojamentos_locais,4.31,static
1810,Oliveira de Frades,prop_alojamentos_nao_classicos,0.06,static
1810,Oliveira de Frades,prop_alojamentos_sobrelotados,9.01928823689215,static
1810,Oliveira de Frades,prop_alojamentos_vagos,11.9,static
1810,Oliveira de Frades,prop_ar_condicionado,6.003803314,static
1810,Oliveira de Frades,prop_edificios_fora_urbano,9.1,static
1810,Oliveira de Frades,prop_ensino_secundario,35.25,static
1810,Oliveira de Frades,prop_habitacao_social,0.406160095,static
1810,Oliveira de Frades,prop_mais_20min_escola,70.53,static
1810,Oliveira de Frades,prop_mais_30min_hospital,68,static
1810,Oliveira de Frades,prop_modo_pedonal,12.6,static
1810,Oliveira de Frades,prop_nacionalidade_estrangeira,0.114,static
1810,Oliveira de Frades,prop_necessidade_reparacao,21.74,static
1810,Oliveira de Frades,prop_pop_65_mais,24.89,static
1810,Oliveira de Frades,prop_reabilitacao_edificado,22.2,static
1810,Oliveira de Frades,prop_risco_pobreza,20.27324478,static
1810,Oliveira de Frades,prop_sem_aquecimento,15.57,static
1810,Oliveira de Frades,prop_transporte_coletivo,11.1,static
1810,Oliveira de Frades,prop_vagos_bom_estado,45.69817,static
1810,Oliveira de Frades,racio_vendas_estrangeiros,1,static
1810,Oliveira de Frades,risco_galgamentos_costeiros,0,static
1810,Oliveira de Frades,risco_incendio_rural,71.088,static
1810,Oliveira de Frades,risco_inundacao,0,static
1810,Oliveira de Frades,risco_movimento_massa,20.373,static
1810,Oliveira de Frades,risco_nevao,10.85,static
1810,Oliveira de Frades,risco_ondas_calor,50,static
1810,Oliveira de Frades,risco_ondas_frio,66.667,static
1810,Oliveira de Frades,risco_seca,35.559,static
1810,Oliveira de Frades,risco_sismo,33.594,static
1810,Oliveira de Frades,risco_tsunami,0,static
1810,Oliveira de Frades,taxa_bruta_natalidade,6,static
1810,Oliveira de Frades,taxa_crescimento_efetivo,0.79,static
1810,Oliveira de Frades,taxa_desemprego,6.84,static
1810,Oliveira de Frades,taxa_esforco_arrendamento,25.6854804,static
1810,Oliveira de Frades,valor_mediano_vendas_m2,847,static
1811,Penalva do Castelo,acessos_internet_banda_larga,31.58,static
1811,Penalva do Castelo,certificacao_energetica_cf,39.45578231,static
1811,Penalva do Castelo,coeficiente_gini,38.3,static
1811,Penalva do Castelo,consumo_energia_eletrica,1322.4,static
1811,Penalva do Castelo,densidade_populacional,55.2,static
1811,Penalva do Castelo,disparidade_ganho_mensal,8.4,static
1811,Penalva do Castelo,duracao_pendulares,16.45,static
1811,Penalva do Castelo,emissoes_gee_edificios,1.04,static
1811,Penalva do Castelo,emissoes_gee_transportes,6.18,static
1811,Penalva do Castelo,empresas_volume_negocios,131626.5,static
1811,Penalva do Castelo,indice_envelhecimento_edificios,696.9,static
1811,Penalva do Castelo,percentagem_poder_compra,0.046,static
1811,Penalva do Castelo,prop_agregados_unipessoais,23.42,static
1811,Penalva do Castelo,prop_alojamentos_arrendados,0.1104,static
1811,Penalva do Castelo,prop_alojamentos_locais,1.24,static
1811,Penalva do Castelo,prop_alojamentos_nao_classicos,0.04,static
1811,Penalva do Castelo,prop_alojamentos_sobrelotados,6.62754573696927,static
1811,Penalva do Castelo,prop_alojamentos_vagos,17.5,static
1811,Penalva do Castelo,prop_ar_condicionado,7.559544356,static
1811,Penalva do Castelo,prop_edificios_fora_urbano,28.4,static
1811,Penalva do Castelo,prop_ensino_secundario,25.47,static
1811,Penalva do Castelo,prop_habitacao_social,0.473352034,static
1811,Penalva do Castelo,prop_mais_20min_escola,77.53,static
1811,Penalva do Castelo,prop_mais_30min_hospital,22,static
1811,Penalva do Castelo,prop_modo_pedonal,14.7,static
1811,Penalva do Castelo,prop_nacionalidade_estrangeira,0.027,static
1811,Penalva do Castelo,prop_necessidade_reparacao,14.48,static
1811,Penalva do Castelo,prop_pop_65_mais,34.95,static
1811,Penalva do Castelo,prop_reabilitacao_edificado,42.9,static
1811,Penalva do Castelo,prop_risco_pobreza,29.31588785,static
1811,Penalva do Castelo,prop_sem_aquecimento,12.63,static
1811,Penalva do Castelo,prop_transporte_coletivo,13.6,static
1811,Penalva do Castelo,prop_vagos_bom_estado,55.78093,static
1811,Penalva do Castelo,racio_vendas_estrangeiros,1,static
1811,Penalva do Castelo,risco_galgamentos_costeiros,0,static
1811,Penalva do Castelo,risco_incendio_rural,69.326,static
1811,Penalva do Castelo,risco_inundacao,0,static
1811,Penalva do Castelo,risco_movimento_massa,10.748,static
1811,Penalva do Castelo,risco_nevao,19.893,static
1811,Penalva do Castelo,risco_ondas_calor,75,static
1811,Penalva do Castelo,risco_ondas_frio,66.667,static
1811,Penalva do Castelo,risco_seca,66.667,static
1811,Penalva do Castelo,risco_sismo,33.333,static
1811,Penalva do Castelo,risco_tsunami,0,static
1811,Penalva do Castelo,taxa_bruta_natalidade,4.6,static
1811,Penalva do Castelo,taxa_crescimento_efetivo,0.98,static
1811,Penalva do Castelo,taxa_desemprego,7.61,static
1811,Penalva do Castelo,taxa_esforco_arrendamento,31.00557379,static
1811,Penalva do Castelo,valor_mediano_vendas_m2,422,static
1812,Penedono,acessos_internet_banda_larga,29.01,static
1812,Penedono,certificacao_energetica_cf,33.33333333,static
1812,Penedono,coeficiente_gini,43.2,static
1812,Penedono,consumo_energia_eletrica,1447.5,static
1812,Penedono,densidade_populacional,21,static
1812,Penedono,disparidade_ganho_mensal,2,static
1812,Penedono,duracao_pendulares,16.5,static
1812,Penedono,emissoes_gee_edificios,0.53,static
1812,Penedono,emissoes_gee_transportes,2.29,static
1812,Penedono,empresas_volume_negocios,47339.57,static
1812,Penedono,indice_envelhecimento_edificios,540,static
1812,Penedono,percentagem_poder_compra,0.017,static
1812,Penedono,prop_agregados_unipessoais,31.15,static
1812,Penedono,prop_alojamentos_arrendados,0,static
1812,Penedono,prop_alojamentos_locais,0.86,static
1812,Penedono,prop_alojamentos_nao_classicos,0,static
1812,Penedono,prop_alojamentos_sobrelotados,7.27272727272727,static
1812,Penedono,prop_alojamentos_vagos,12.8,static
1812,Penedono,prop_ar_condicionado,3.203463203,static
1812,Penedono,prop_edificios_fora_urbano,5.9,static
1812,Penedono,prop_ensino_secundario,29.04,static
1812,Penedono,prop_habitacao_social,0,static
1812,Penedono,prop_mais_20min_escola,100,static
1812,Penedono,prop_mais_30min_hospital,100,static
1812,Penedono,prop_modo_pedonal,20.9,static
1812,Penedono,prop_nacionalidade_estrangeira,0.035,static
1812,Penedono,prop_necessidade_reparacao,15.56,static
1812,Penedono,prop_pop_65_mais,34.48,static
1812,Penedono,prop_reabilitacao_edificado,0,static
1812,Penedono,prop_risco_pobreza,27.92351816,static
1812,Penedono,prop_sem_aquecimento,6.32,static
1812,Penedono,prop_transporte_coletivo,16.8,static
1812,Penedono,prop_vagos_bom_estado,61.12676,static
1812,Penedono,racio_vendas_estrangeiros,1,static
1812,Penedono,risco_galgamentos_costeiros,0,static
1812,Penedono,risco_incendio_rural,77.341,static
1812,Penedono,risco_inundacao,0,static
1812,Penedono,risco_movimento_massa,7.359,static
1812,Penedono,risco_nevao,67.962,static
1812,Penedono,risco_ondas_calor,75,static
1812,Penedono,risco_ondas_frio,100,static
1812,Penedono,risco_seca,66.667,static
1812,Penedono,risco_sismo,33.333,static
1812,Penedono,risco_tsunami,0,static
1812,Penedono,taxa_bruta_natalidade,2.9,static
1812,Penedono,taxa_crescimento_efetivo,0.14,static
1812,Penedono,taxa_desemprego,5.52,static
1812,Penedono,taxa_esforco_arrendamento,25.38411903,static
1812,Penedono,valor_mediano_vendas_m2,622,static
1813,Resende,acessos_internet_banda_larga,29.98,static
1813,Resende,certificacao_energetica_cf,50,static
1813,Resende,coeficiente_gini,42.8,static
1813,Resende,consumo_energia_eletrica,1167.8,static
1813,Resende,densidade_populacional,78.1,static
1813,Resende,disparidade_ganho_mensal,4.3,static
1813,Resende,duracao_pendulares,22.84,static
1813,Resende,emissoes_gee_edificios,1.62,static
1813,Resende,emissoes_gee_transportes,8.82,static
1813,Resende,empresas_volume_negocios,96903.33,static
1813,Resende,indice_envelhecimento_edificios,879.4,static
1813,Resende,percentagem_poder_compra,0.062,static
1813,Resende,prop_agregados_unipessoais,22.89,static
1813,Resende,prop_alojamentos_arrendados,0.0254,static
1813,Resende,prop_alojamentos_locais,39.77,static
1813,Resende,prop_alojamentos_nao_classicos,0,static
1813,Resende,prop_alojamentos_sobrelotados,11.1508951406649,static
1813,Resende,prop_alojamentos_vagos,12.4,static
1813,Resende,prop_ar_condicionado,8.976982097,static
1813,Resende,prop_edificios_fora_urbano,31.5,static
1813,Resende,prop_ensino_secundario,27.6,static
1813,Resende,prop_habitacao_social,0,static
1813,Resende,prop_mais_20min_escola,74.29,static
1813,Resende,prop_mais_30min_hospital,20,static
1813,Resende,prop_modo_pedonal,16.9,static
1813,Resende,prop_nacionalidade_estrangeira,0.012,static
1813,Resende,prop_necessidade_reparacao,18.53,static
1813,Resende,prop_pop_65_mais,25.44,static
1813,Resende,prop_reabilitacao_edificado,27.3,static
1813,Resende,prop_risco_pobreza,40.34218289,static
1813,Resende,prop_sem_aquecimento,25.78,static
1813,Resende,prop_transporte_coletivo,22.2,static
1813,Resende,prop_vagos_bom_estado,40.8142,static
1813,Resende,racio_vendas_estrangeiros,1,static
1813,Resende,risco_galgamentos_costeiros,0,static
1813,Resende,risco_incendio_rural,77.591,static
1813,Resende,risco_inundacao,0,static
1813,Resende,risco_movimento_massa,47.96,static
1813,Resende,risco_nevao,48.352,static
1813,Resende,risco_ondas_calor,64.014,static
1813,Resende,risco_ondas_frio,81.97,static
1813,Resende,risco_seca,33.333,static
1813,Resende,risco_sismo,34.51,static
1813,Resende,risco_tsunami,0,static
1813,Resende,taxa_bruta_natalidade,5.2,static
1813,Resende,taxa_crescimento_efetivo,-1.38,static
1813,Resende,taxa_desemprego,9.05,static
1813,Resende,taxa_esforco_arrendamento,24.57663629,static
1813,Resende,valor_mediano_vendas_m2,550,static
1814,Santa Comba Dão,acessos_internet_banda_larga,38.65,static
1814,Santa Comba Dão,certificacao_energetica_cf,57.45614035,static
1814,Santa Comba Dão,coeficiente_gini,39.6,static
1814,Santa Comba Dão,consumo_energia_eletrica,1303.8,static
1814,Santa Comba Dão,densidade_populacional,98.5,static
1814,Santa Comba Dão,disparidade_ganho_mensal,7.8,static
1814,Santa Comba Dão,duracao_pendulares,16.4,static
1814,Santa Comba Dão,emissoes_gee_edificios,2.72,static
1814,Santa Comba Dão,emissoes_gee_transportes,9,static
1814,Santa Comba Dão,empresas_volume_negocios,177822.8,static
1814,Santa Comba Dão,indice_envelhecimento_edificios,860.6,static
1814,Santa Comba Dão,percentagem_poder_compra,0.076,static
1814,Santa Comba Dão,prop_agregados_unipessoais,24.5,static
1814,Santa Comba Dão,prop_alojamentos_arrendados,0.0664,static
1814,Santa Comba Dão,prop_alojamentos_locais,2.48,static
1814,Santa Comba Dão,prop_alojamentos_nao_classicos,0.02,static
1814,Santa Comba Dão,prop_alojamentos_sobrelotados,6.41439778495616,static
1814,Santa Comba Dão,prop_alojamentos_vagos,14.6,static
1814,Santa Comba Dão,prop_ar_condicionado,15.43608676,static
1814,Santa Comba Dão,prop_edificios_fora_urbano,6.2,static
1814,Santa Comba Dão,prop_ensino_secundario,33.22,static
1814,Santa Comba Dão,prop_habitacao_social,1.625792229,static
1814,Santa Comba Dão,prop_mais_20min_escola,78.75,static
1814,Santa Comba Dão,prop_mais_30min_hospital,1,static
1814,Santa Comba Dão,prop_modo_pedonal,12.1,static
1814,Santa Comba Dão,prop_nacionalidade_estrangeira,0.075,static
1814,Santa Comba Dão,prop_necessidade_reparacao,14.04,static
1814,Santa Comba Dão,prop_pop_65_mais,32.51,static
1814,Santa Comba Dão,prop_reabilitacao_edificado,25.9,static
1814,Santa Comba Dão,prop_risco_pobreza,22.94899818,static
1814,Santa Comba Dão,prop_sem_aquecimento,11.91,static
1814,Santa Comba Dão,prop_transporte_coletivo,12.4,static
1814,Santa Comba Dão,prop_vagos_bom_estado,64.24474,static
1814,Santa Comba Dão,racio_vendas_estrangeiros,1,static
1814,Santa Comba Dão,risco_galgamentos_costeiros,0,static
1814,Santa Comba Dão,risco_incendio_rural,64.323,static
1814,Santa Comba Dão,risco_inundacao,0,static
1814,Santa Comba Dão,risco_movimento_massa,4.215,static
1814,Santa Comba Dão,risco_nevao,0,static
1814,Santa Comba Dão,risco_ondas_calor,73.783,static
1814,Santa Comba Dão,risco_ondas_frio,66.667,static
1814,Santa Comba Dão,risco_seca,66.667,static
1814,Santa Comba Dão,risco_sismo,33.333,static
1814,Santa Comba Dão,risco_tsunami,0,static
1814,Santa Comba Dão,taxa_bruta_natalidade,6.4,static
1814,Santa Comba Dão,taxa_crescimento_efetivo,0.88,static
1814,Santa Comba Dão,taxa_desemprego,5.9,static
1814,Santa Comba Dão,taxa_esforco_arrendamento,24.18869866,static
1814,Santa Comba Dão,valor_mediano_vendas_m2,763,static
1815,São João da Pesqueira,acessos_internet_banda_larga,36.02,static
1815,São João da Pesqueira,certificacao_energetica_cf,66.30920465,static
1815,São João da Pesqueira,coeficiente_gini,41.1,static
1815,São João da Pesqueira,consumo_energia_eletrica,1343.8,static
1815,São João da Pesqueira,densidade_populacional,25.3,static
1815,São João da Pesqueira,disparidade_ganho_mensal,6.6,static
1815,São João da Pesqueira,duracao_pendulares,15.87,static
1815,São João da Pesqueira,emissoes_gee_edificios,2.72,static
1815,São João da Pesqueira,emissoes_gee_transportes,6.11,static
1815,São João da Pesqueira,empresas_volume_negocios,93561.83,static
1815,São João da Pesqueira,indice_envelhecimento_edificios,743.4,static
1815,São João da Pesqueira,percentagem_poder_compra,0.045,static
1815,São João da Pesqueira,prop_agregados_unipessoais,24.05,static
1815,São João da Pesqueira,prop_alojamentos_arrendados,0.082,static
1815,São João da Pesqueira,prop_alojamentos_locais,4.07,static
1815,São João da Pesqueira,prop_alojamentos_nao_classicos,0.09,static
1815,São João da Pesqueira,prop_alojamentos_sobrelotados,8.7540864511442,static
1815,São João da Pesqueira,prop_alojamentos_vagos,16.9,static
1815,São João da Pesqueira,prop_ar_condicionado,7.482746095,static
1815,São João da Pesqueira,prop_edificios_fora_urbano,7.2,static
1815,São João da Pesqueira,prop_ensino_secundario,26.12,static
1815,São João da Pesqueira,prop_habitacao_social,0.767888307,static
1815,São João da Pesqueira,prop_mais_20min_escola,79.64,static
1815,São João da Pesqueira,prop_mais_30min_hospital,98,static
1815,São João da Pesqueira,prop_modo_pedonal,23.3,static
1815,São João da Pesqueira,prop_nacionalidade_estrangeira,0.027,static
1815,São João da Pesqueira,prop_necessidade_reparacao,24.64,static
1815,São João da Pesqueira,prop_pop_65_mais,27.94,static
1815,São João da Pesqueira,prop_reabilitacao_edificado,23.1,static
1815,São João da Pesqueira,prop_risco_pobreza,32.77904762,static
1815,São João da Pesqueira,prop_sem_aquecimento,12.6,static
1815,São João da Pesqueira,prop_transporte_coletivo,18.5,static
1815,São João da Pesqueira,prop_vagos_bom_estado,44.32773,static
1815,São João da Pesqueira,racio_vendas_estrangeiros,1,static
1815,São João da Pesqueira,risco_galgamentos_costeiros,0,static
1815,São João da Pesqueira,risco_incendio_rural,67.358,static
1815,São João da Pesqueira,risco_inundacao,0,static
1815,São João da Pesqueira,risco_movimento_massa,22.633,static
1815,São João da Pesqueira,risco_nevao,23.025,static
1815,São João da Pesqueira,risco_ondas_calor,75,static
1815,São João da Pesqueira,risco_ondas_frio,100,static
1815,São João da Pesqueira,risco_seca,66.667,static
1815,São João da Pesqueira,risco_sismo,33.333,static
1815,São João da Pesqueira,risco_tsunami,0,static
1815,São João da Pesqueira,taxa_bruta_natalidade,5.8,static
1815,São João da Pesqueira,taxa_crescimento_efetivo,-0.43,static
1815,São João da Pesqueira,taxa_desemprego,5.48,static
1815,São João da Pesqueira,taxa_esforco_arrendamento,27.90200446,static
1815,São João da Pesqueira,valor_mediano_vendas_m2,420,static
1816,São Pedro do Sul,acessos_internet_banda_larga,35.88,static
1816,São Pedro do Sul,certificacao_energetica_cf,54.27350427,static
1816,São Pedro do Sul,coeficiente_gini,40.3,static
1816,São Pedro do Sul,consumo_energia_eletrica,1283.4,static
1816,São Pedro do Sul,densidade_populacional,43.8,static
1816,São Pedro do Sul,disparidade_ganho_mensal,5.9,static
1816,São Pedro do Sul,duracao_pendulares,17.32,static
1816,São Pedro do Sul,emissoes_gee_edificios,3.38,static
1816,São Pedro do Sul,emissoes_gee_transportes,13.29,static
1816,São Pedro do Sul,empresas_volume_negocios,171182.1,static
1816,São Pedro do Sul,indice_envelhecimento_edificios,918.9,static
1816,São Pedro do Sul,percentagem_poder_compra,0.107,static
1816,São Pedro do Sul,prop_agregados_unipessoais,25.88,static
1816,São Pedro do Sul,prop_alojamentos_arrendados,0.0274,static
1816,São Pedro do Sul,prop_alojamentos_locais,11.24,static
1816,São Pedro do Sul,prop_alojamentos_nao_classicos,0.02,static
1816,São Pedro do Sul,prop_alojamentos_sobrelotados,7.92095115681234,static
1816,São Pedro do Sul,prop_alojamentos_vagos,14.6,static
1816,São Pedro do Sul,prop_ar_condicionado,5.976863753,static
1816,São Pedro do Sul,prop_edificios_fora_urbano,21.1,static
1816,São Pedro do Sul,prop_ensino_secundario,31.5,static
1816,São Pedro do Sul,prop_habitacao_social,0,static
1816,São Pedro do Sul,prop_mais_20min_escola,79.96,static
1816,São Pedro do Sul,prop_mais_30min_hospital,61,static
1816,São Pedro do Sul,prop_modo_pedonal,14.4,static
1816,São Pedro do Sul,prop_nacionalidade_estrangeira,0.075,static
1816,São Pedro do Sul,prop_necessidade_reparacao,22.7,static
1816,São Pedro do Sul,prop_pop_65_mais,32.81,static
1816,São Pedro do Sul,prop_reabilitacao_edificado,0,static
1816,São Pedro do Sul,prop_risco_pobreza,25.89057239,static
1816,São Pedro do Sul,prop_sem_aquecimento,14.78,static
1816,São Pedro do Sul,prop_transporte_coletivo,12.1,static
1816,São Pedro do Sul,prop_vagos_bom_estado,41.2828,static
1816,São Pedro do Sul,racio_vendas_estrangeiros,1,static
1816,São Pedro do Sul,risco_galgamentos_costeiros,0,static
1816,São Pedro do Sul,risco_incendio_rural,78.678,static
1816,São Pedro do Sul,risco_inundacao,0,static
1816,São Pedro do Sul,risco_movimento_massa,27.823,static
1816,São Pedro do Sul,risco_nevao,23.904,static
1816,São Pedro do Sul,risco_ondas_calor,50,static
1816,São Pedro do Sul,risco_ondas_frio,66.667,static
1816,São Pedro do Sul,risco_seca,40.761,static
1816,São Pedro do Sul,risco_sismo,34.264,static
1816,São Pedro do Sul,risco_tsunami,0,static
1816,São Pedro do Sul,taxa_bruta_natalidade,5,static
1816,São Pedro do Sul,taxa_crescimento_efetivo,0.65,static
1816,São Pedro do Sul,taxa_desemprego,9.26,static
1816,São Pedro do Sul,taxa_esforco_arrendamento,34.20182341,static
1816,São Pedro do Sul,valor_mediano_vendas_m2,784,static
1817,Sátão,acessos_internet_banda_larga,33.38,static
1817,Sátão,certificacao_energetica_cf,48.25581395,static
1817,Sátão,coeficiente_gini,40.5,static
1817,Sátão,consumo_energia_eletrica,1416.2,static
1817,Sátão,densidade_populacional,55.8,static
1817,Sátão,disparidade_ganho_mensal,3.9,static
1817,Sátão,duracao_pendulares,17.75,static
1817,Sátão,emissoes_gee_edificios,2.43,static
1817,Sátão,emissoes_gee_transportes,9.66,static
1817,Sátão,empresas_volume_negocios,116097.8,static
1817,Sátão,indice_envelhecimento_edificios,426.6,static
1817,Sátão,percentagem_poder_compra,0.073,static
1817,Sátão,prop_agregados_unipessoais,22.26,static
1817,Sátão,prop_alojamentos_arrendados,0.033,static
1817,Sátão,prop_alojamentos_locais,0.91,static
1817,Sátão,prop_alojamentos_nao_classicos,0.74,static
1817,Sátão,prop_alojamentos_sobrelotados,5.67998152851535,static
1817,Sátão,prop_alojamentos_vagos,18.5,static
1817,Sátão,prop_ar_condicionado,5.795428308,static
1817,Sátão,prop_edificios_fora_urbano,25.3,static
1817,Sátão,prop_ensino_secundario,32.11,static
1817,Sátão,prop_habitacao_social,0.104766894,static
1817,Sátão,prop_mais_20min_escola,76.78,static
1817,Sátão,prop_mais_30min_hospital,21,static
1817,Sátão,prop_modo_pedonal,13.6,static
1817,Sátão,prop_nacionalidade_estrangeira,0.035,static
1817,Sátão,prop_necessidade_reparacao,14.62,static
1817,Sátão,prop_pop_65_mais,30.54,static
1817,Sátão,prop_reabilitacao_edificado,0,static
1817,Sátão,prop_risco_pobreza,28.48192771,static
1817,Sátão,prop_sem_aquecimento,9.97,static
1817,Sátão,prop_transporte_coletivo,10.9,static
1817,Sátão,prop_vagos_bom_estado,56.10315,static
1817,Sátão,racio_vendas_estrangeiros,1,static
1817,Sátão,risco_galgamentos_costeiros,0,static
1817,Sátão,risco_incendio_rural,67.204,static
1817,Sátão,risco_inundacao,0,static
1817,Sátão,risco_movimento_massa,5.723,static
1817,Sátão,risco_nevao,39.105,static
1817,Sátão,risco_ondas_calor,75,static
1817,Sátão,risco_ondas_frio,67.532,static
1817,Sátão,risco_seca,66.667,static
1817,Sátão,risco_sismo,33.333,static
1817,Sátão,risco_tsunami,0,static
1817,Sátão,taxa_bruta_natalidade,6.2,static
1817,Sátão,taxa_crescimento_efetivo,1.13,static
1817,Sátão,taxa_desemprego,6.79,static
1817,Sátão,taxa_esforco_arrendamento,18.0962857,static
1817,Sátão,valor_mediano_vendas_m2,593,static
1818,Sernancelhe,acessos_internet_banda_larga,27.44,static
1818,Sernancelhe,certificacao_energetica_cf,33,static
1818,Sernancelhe,coeficiente_gini,38.8,static
1818,Sernancelhe,consumo_energia_eletrica,1339,static
1818,Sernancelhe,densidade_populacional,25.4,static
1818,Sernancelhe,disparidade_ganho_mensal,2,static
1818,Sernancelhe,duracao_pendulares,15.18,static
1818,Sernancelhe,emissoes_gee_edificios,0.91,static
1818,Sernancelhe,emissoes_gee_transportes,4.4,static
1818,Sernancelhe,empresas_volume_negocios,109622.6,static
1818,Sernancelhe,indice_envelhecimento_edificios,583.8,static
1818,Sernancelhe,percentagem_poder_compra,0.035,static
1818,Sernancelhe,prop_agregados_unipessoais,24.94,static
1818,Sernancelhe,prop_alojamentos_arrendados,0.0171,static
1818,Sernancelhe,prop_alojamentos_locais,3.54,static
1818,Sernancelhe,prop_alojamentos_nao_classicos,0,static
1818,Sernancelhe,prop_alojamentos_sobrelotados,6.23924268502581,static
1818,Sernancelhe,prop_alojamentos_vagos,13.6,static
1818,Sernancelhe,prop_ar_condicionado,5.895008606,static
1818,Sernancelhe,prop_edificios_fora_urbano,14,static
1818,Sernancelhe,prop_ensino_secundario,29.12,static
1818,Sernancelhe,prop_habitacao_social,0,static
1818,Sernancelhe,prop_mais_20min_escola,100,static
1818,Sernancelhe,prop_mais_30min_hospital,100,static
1818,Sernancelhe,prop_modo_pedonal,20,static
1818,Sernancelhe,prop_nacionalidade_estrangeira,0.04,static
1818,Sernancelhe,prop_necessidade_reparacao,17.39,static
1818,Sernancelhe,prop_pop_65_mais,32.03,static
1818,Sernancelhe,prop_reabilitacao_edificado,11.1,static
1818,Sernancelhe,prop_risco_pobreza,31.20162602,static
1818,Sernancelhe,prop_sem_aquecimento,6.28,static
1818,Sernancelhe,prop_transporte_coletivo,16.9,static
1818,Sernancelhe,prop_vagos_bom_estado,61.33122,static
1818,Sernancelhe,racio_vendas_estrangeiros,1,static
1818,Sernancelhe,risco_galgamentos_costeiros,0,static
1818,Sernancelhe,risco_incendio_rural,76.618,static
1818,Sernancelhe,risco_inundacao,0,static
1818,Sernancelhe,risco_movimento_massa,7.764,static
1818,Sernancelhe,risco_nevao,55.6,static
1818,Sernancelhe,risco_ondas_calor,75,static
1818,Sernancelhe,risco_ondas_frio,99.984,static
1818,Sernancelhe,risco_seca,66.667,static
1818,Sernancelhe,risco_sismo,33.333,static
1818,Sernancelhe,risco_tsunami,0,static
1818,Sernancelhe,taxa_bruta_natalidade,4.8,static
1818,Sernancelhe,taxa_crescimento_efetivo,0.43,static
1818,Sernancelhe,taxa_desemprego,4.91,static
1818,Sernancelhe,taxa_esforco_arrendamento,27.7427817,static
1818,Sernancelhe,valor_mediano_vendas_m2,287,static
1819,Tabuaço,acessos_internet_banda_larga,31.82,static
1819,Tabuaço,certificacao_energetica_cf,61.11111111,static
1819,Tabuaço,coeficiente_gini,39.2,static
1819,Tabuaço,consumo_energia_eletrica,1333.8,static
1819,Tabuaço,densidade_populacional,37.6,static
1819,Tabuaço,disparidade_ganho_mensal,4.8,static
1819,Tabuaço,duracao_pendulares,16.5,static
1819,Tabuaço,emissoes_gee_edificios,1.13,static
1819,Tabuaço,emissoes_gee_transportes,4.93,static
1819,Tabuaço,empresas_volume_negocios,43141.93,static
1819,Tabuaço,indice_envelhecimento_edificios,1332.5,static
1819,Tabuaço,percentagem_poder_compra,0.03,static
1819,Tabuaço,prop_agregados_unipessoais,25.55,static
1819,Tabuaço,prop_alojamentos_arrendados,0.0398,static
1819,Tabuaço,prop_alojamentos_locais,3.18,static
1819,Tabuaço,prop_alojamentos_nao_classicos,0.06,static
1819,Tabuaço,prop_alojamentos_sobrelotados,6.71785028790787,static
1819,Tabuaço,prop_alojamentos_vagos,11.6,static
1819,Tabuaço,prop_ar_condicionado,9.692898273,static
1819,Tabuaço,prop_edificios_fora_urbano,12.4,static
1819,Tabuaço,prop_ensino_secundario,26.1,static
1819,Tabuaço,prop_habitacao_social,0.387685291,static
1819,Tabuaço,prop_mais_20min_escola,70.09,static
1819,Tabuaço,prop_mais_30min_hospital,41,static
1819,Tabuaço,prop_modo_pedonal,25.8,static
1819,Tabuaço,prop_nacionalidade_estrangeira,0.033,static
1819,Tabuaço,prop_necessidade_reparacao,17.9,static
1819,Tabuaço,prop_pop_65_mais,31.66,static
1819,Tabuaço,prop_reabilitacao_edificado,12.5,static
1819,Tabuaço,prop_risco_pobreza,34.35407725,static
1819,Tabuaço,prop_sem_aquecimento,8.35,static
1819,Tabuaço,prop_transporte_coletivo,19.3,static
1819,Tabuaço,prop_vagos_bom_estado,48.60558,static
1819,Tabuaço,racio_vendas_estrangeiros,1,static
1819,Tabuaço,risco_galgamentos_costeiros,0,static
1819,Tabuaço,risco_incendio_rural,74.421,static
1819,Tabuaço,risco_inundacao,0,static
1819,Tabuaço,risco_movimento_massa,29.982,static
1819,Tabuaço,risco_nevao,35.078,static
1819,Tabuaço,risco_ondas_calor,75,static
1819,Tabuaço,risco_ondas_frio,100,static
1819,Tabuaço,risco_seca,66.667,static
1819,Tabuaço,risco_sismo,33.333,static
1819,Tabuaço,risco_tsunami,0,static
1819,Tabuaço,taxa_bruta_natalidade,3.6,static
1819,Tabuaço,taxa_crescimento_efetivo,-0.42,static
1819,Tabuaço,taxa_desemprego,7.59,static
1819,Tabuaço,taxa_esforco_arrendamento,27.48063781,static
1819,Tabuaço,valor_mediano_vendas_m2,334,static
1820,Tarouca,acessos_internet_banda_larga,34.96,static
1820,Tarouca,certificacao_energetica_cf,54.92957746,static
1820,Tarouca,coeficiente_gini,39.6,static
1820,Tarouca,consumo_energia_eletrica,1374.2,static
1820,Tarouca,densidade_populacional,77,static
1820,Tarouca,disparidade_ganho_mensal,2.9,static
1820,Tarouca,duracao_pendulares,16.44,static
1820,Tarouca,emissoes_gee_edificios,1.65,static
1820,Tarouca,emissoes_gee_transportes,6.25,static
1820,Tarouca,empresas_volume_negocios,140983.3,static
1820,Tarouca,indice_envelhecimento_edificios,354.2,static
1820,Tarouca,percentagem_poder_compra,0.05,static
1820,Tarouca,prop_agregados_unipessoais,24.97,static
1820,Tarouca,prop_alojamentos_arrendados,0.0358,static
1820,Tarouca,prop_alojamentos_locais,3.15,static
1820,Tarouca,prop_alojamentos_nao_classicos,0.03,static
1820,Tarouca,prop_alojamentos_sobrelotados,7.32273028495692,static
1820,Tarouca,prop_alojamentos_vagos,12.7,static
1820,Tarouca,prop_ar_condicionado,4.671968191,static
1820,Tarouca,prop_edificios_fora_urbano,6.7,static
1820,Tarouca,prop_ensino_secundario,31.41,static
1820,Tarouca,prop_habitacao_social,0.33675433,static
1820,Tarouca,prop_mais_20min_escola,55.88,static
1820,Tarouca,prop_mais_30min_hospital,0,static
1820,Tarouca,prop_modo_pedonal,19.4,static
1820,Tarouca,prop_nacionalidade_estrangeira,0.034,static
1820,Tarouca,prop_necessidade_reparacao,17.22,static
1820,Tarouca,prop_pop_65_mais,24.54,static
1820,Tarouca,prop_reabilitacao_edificado,18.8,static
1820,Tarouca,prop_risco_pobreza,29.99808061,static
1820,Tarouca,prop_sem_aquecimento,12.82,static
1820,Tarouca,prop_transporte_coletivo,15.2,static
1820,Tarouca,prop_vagos_bom_estado,52.39295,static
1820,Tarouca,racio_vendas_estrangeiros,1,static
1820,Tarouca,risco_galgamentos_costeiros,0,static
1820,Tarouca,risco_incendio_rural,76.948,static
1820,Tarouca,risco_inundacao,0,static
1820,Tarouca,risco_movimento_massa,20.736,static
1820,Tarouca,risco_nevao,60.211,static
1820,Tarouca,risco_ondas_calor,75,static
1820,Tarouca,risco_ondas_frio,96.26,static
1820,Tarouca,risco_seca,66.66,static
1820,Tarouca,risco_sismo,33.333,static
1820,Tarouca,risco_tsunami,0,static
1820,Tarouca,taxa_bruta_natalidade,5.4,static
1820,Tarouca,taxa_crescimento_efetivo,1.16,static
1820,Tarouca,taxa_desemprego,8.34,static
1820,Tarouca,taxa_esforco_arrendamento,26.4282353,static
1820,Tarouca,valor_mediano_vendas_m2,700,static
1821,Tondela,acessos_internet_banda_larga,38.9,static
1821,Tondela,certificacao_energetica_cf,54.90654206,static
1821,Tondela,coeficiente_gini,39.1,static
1821,Tondela,consumo_energia_eletrica,1312.2,static
1821,Tondela,densidade_populacional,69.9,static
1821,Tondela,disparidade_ganho_mensal,9.4,static
1821,Tondela,duracao_pendulares,16.09,static
1821,Tondela,emissoes_gee_edificios,7.14,static
1821,Tondela,emissoes_gee_transportes,25.45,static
1821,Tondela,empresas_volume_negocios,343779.8,static
1821,Tondela,indice_envelhecimento_edificios,962.4,static
1821,Tondela,percentagem_poder_compra,0.195,static
1821,Tondela,prop_agregados_unipessoais,24.4,static
1821,Tondela,prop_alojamentos_arrendados,0.0412,static
1821,Tondela,prop_alojamentos_locais,0,static
1821,Tondela,prop_alojamentos_nao_classicos,0.03,static
1821,Tondela,prop_alojamentos_sobrelotados,7.08511650023775,static
1821,Tondela,prop_alojamentos_vagos,14.3,static
1821,Tondela,prop_ar_condicionado,13.09557775,static
1821,Tondela,prop_edificios_fora_urbano,19.3,static
1821,Tondela,prop_ensino_secundario,33.45,static
1821,Tondela,prop_habitacao_social,0.185894547,static
1821,Tondela,prop_mais_20min_escola,82.26,static
1821,Tondela,prop_mais_30min_hospital,0,static
1821,Tondela,prop_modo_pedonal,11.4,static
1821,Tondela,prop_nacionalidade_estrangeira,0.061,static
1821,Tondela,prop_necessidade_reparacao,14.94,static
1821,Tondela,prop_pop_65_mais,31.93,static
1821,Tondela,prop_reabilitacao_edificado,0,static
1821,Tondela,prop_risco_pobreza,21.38765009,static
1821,Tondela,prop_sem_aquecimento,11.98,static
1821,Tondela,prop_transporte_coletivo,9.2,static
1821,Tondela,prop_vagos_bom_estado,51.42857,static
1821,Tondela,racio_vendas_estrangeiros,1,static
1821,Tondela,risco_galgamentos_costeiros,0,static
1821,Tondela,risco_incendio_rural,69.936,static
1821,Tondela,risco_inundacao,0,static
1821,Tondela,risco_movimento_massa,14.989,static
1821,Tondela,risco_nevao,12.182,static
1821,Tondela,risco_ondas_calor,59.528,static
1821,Tondela,risco_ondas_frio,66.667,static
1821,Tondela,risco_seca,61.712,static
1821,Tondela,risco_sismo,33.818,static
1821,Tondela,risco_tsunami,0,static
1821,Tondela,taxa_bruta_natalidade,5.5,static
1821,Tondela,taxa_crescimento_efetivo,0.51,static
1821,Tondela,taxa_desemprego,5.6,static
1821,Tondela,taxa_esforco_arrendamento,26.63595505,static
1821,Tondela,valor_mediano_vendas_m2,616,static
1822,Vila Nova de Paiva,acessos_internet_banda_larga,30.97,static
1822,Vila Nova de Paiva,certificacao_energetica_cf,38.75,static
1822,Vila Nova de Paiva,coeficiente_gini,40.3,static
1822,Vila Nova de Paiva,consumo_energia_eletrica,1502.2,static
1822,Vila Nova de Paiva,densidade_populacional,27.6,static
1822,Vila Nova de Paiva,disparidade_ganho_mensal,6.6,static
1822,Vila Nova de Paiva,duracao_pendulares,16.11,static
1822,Vila Nova de Paiva,emissoes_gee_edificios,0.96,static
1822,Vila Nova de Paiva,emissoes_gee_transportes,4.02,static
1822,Vila Nova de Paiva,empresas_volume_negocios,208871.4,static
1822,Vila Nova de Paiva,indice_envelhecimento_edificios,333,static
1822,Vila Nova de Paiva,percentagem_poder_compra,0.03,static
1822,Vila Nova de Paiva,prop_agregados_unipessoais,28.76,static
1822,Vila Nova de Paiva,prop_alojamentos_arrendados,0.1079,static
1822,Vila Nova de Paiva,prop_alojamentos_locais,0,static
1822,Vila Nova de Paiva,prop_alojamentos_nao_classicos,0.09,static
1822,Vila Nova de Paiva,prop_alojamentos_sobrelotados,6.04796663190823,static
1822,Vila Nova de Paiva,prop_alojamentos_vagos,13.9,static
1822,Vila Nova de Paiva,prop_ar_condicionado,2.450469239,static
1822,Vila Nova de Paiva,prop_edificios_fora_urbano,6,static
1822,Vila Nova de Paiva,prop_ensino_secundario,30.12,static
1822,Vila Nova de Paiva,prop_habitacao_social,0.666380052,static
1822,Vila Nova de Paiva,prop_mais_20min_escola,73.44,static
1822,Vila Nova de Paiva,prop_mais_30min_hospital,46,static
1822,Vila Nova de Paiva,prop_modo_pedonal,20.2,static
1822,Vila Nova de Paiva,prop_nacionalidade_estrangeira,0.033,static
1822,Vila Nova de Paiva,prop_necessidade_reparacao,7.81,static
1822,Vila Nova de Paiva,prop_pop_65_mais,32.82,static
1822,Vila Nova de Paiva,prop_reabilitacao_edificado,45.5,static
1822,Vila Nova de Paiva,prop_risco_pobreza,28.72351885,static
1822,Vila Nova de Paiva,prop_sem_aquecimento,10.58,static
1822,Vila Nova de Paiva,prop_transporte_coletivo,11,static
1822,Vila Nova de Paiva,prop_vagos_bom_estado,68.20988,static
1822,Vila Nova de Paiva,racio_vendas_estrangeiros,1,static
1822,Vila Nova de Paiva,risco_galgamentos_costeiros,0,static
1822,Vila Nova de Paiva,risco_incendio_rural,83.61,static
1822,Vila Nova de Paiva,risco_inundacao,0,static
1822,Vila Nova de Paiva,risco_movimento_massa,3.451,static
1822,Vila Nova de Paiva,risco_nevao,65.726,static
1822,Vila Nova de Paiva,risco_ondas_calor,75,static
1822,Vila Nova de Paiva,risco_ondas_frio,69.403,static
1822,Vila Nova de Paiva,risco_seca,66.667,static
1822,Vila Nova de Paiva,risco_sismo,33.333,static
1822,Vila Nova de Paiva,risco_tsunami,0,static
1822,Vila Nova de Paiva,taxa_bruta_natalidade,5.2,static
1822,Vila Nova de Paiva,taxa_crescimento_efetivo,1.73,static
1822,Vila Nova de Paiva,taxa_desemprego,8.43,static
1822,Vila Nova de Paiva,taxa_esforco_arrendamento,32.16730038,static
1822,Vila Nova de Paiva,valor_mediano_vendas_m2,477,static
1823,Viseu,acessos_internet_banda_larga,43.22,static
1823,Viseu,certificacao_energetica_cf,44.23963134,static
1823,Viseu,coeficiente_gini,44.1,static
1823,Viseu,consumo_energia_eletrica,1371.1,static
1823,Viseu,densidade_populacional,204.1,static
1823,Viseu,disparidade_ganho_mensal,4.9,static
1823,Viseu,duracao_pendulares,15.63,static
1823,Viseu,emissoes_gee_edificios,31.69,static
1823,Viseu,emissoes_gee_transportes,143.39,static
1823,Viseu,empresas_volume_negocios,198286.6,static
1823,Viseu,indice_envelhecimento_edificios,338.7,static
1823,Viseu,percentagem_poder_compra,0.939,static
1823,Viseu,prop_agregados_unipessoais,22.19,static
1823,Viseu,prop_alojamentos_arrendados,0.0423,static
1823,Viseu,prop_alojamentos_locais,0,static
1823,Viseu,prop_alojamentos_nao_classicos,0.32,static
1823,Viseu,prop_alojamentos_sobrelotados,8.23312222763518,static
1823,Viseu,prop_alojamentos_vagos,12.1,static
1823,Viseu,prop_ar_condicionado,17.73031461,static
1823,Viseu,prop_edificios_fora_urbano,4.8,static
1823,Viseu,prop_ensino_secundario,49.54,static
1823,Viseu,prop_habitacao_social,0.749212067,static
1823,Viseu,prop_mais_20min_escola,69.37,static
1823,Viseu,prop_mais_30min_hospital,0,static
1823,Viseu,prop_modo_pedonal,13.3,static
1823,Viseu,prop_nacionalidade_estrangeira,0.086,static
1823,Viseu,prop_necessidade_reparacao,14.23,static
1823,Viseu,prop_pop_65_mais,23.59,static
1823,Viseu,prop_reabilitacao_edificado,18.5,static
1823,Viseu,prop_risco_pobreza,18.68322148,static
1823,Viseu,prop_sem_aquecimento,12.38,static
1823,Viseu,prop_transporte_coletivo,7.8,static
1823,Viseu,prop_vagos_bom_estado,61.79644,static
1823,Viseu,racio_vendas_estrangeiros,1.113065327,static
1823,Viseu,risco_galgamentos_costeiros,0,static
1823,Viseu,risco_incendio_rural,61.538,static
1823,Viseu,risco_inundacao,0,static
1823,Viseu,risco_movimento_massa,7.133,static
1823,Viseu,risco_nevao,14.987,static
1823,Viseu,risco_ondas_calor,66.142,static
1823,Viseu,risco_ondas_frio,66.667,static
1823,Viseu,risco_seca,66.667,static
1823,Viseu,risco_sismo,33.338,static
1823,Viseu,risco_tsunami,0,static
1823,Viseu,taxa_bruta_natalidade,7.8,static
1823,Viseu,taxa_crescimento_efetivo,1.48,static
1823,Viseu,taxa_desemprego,7.02,static
1823,Viseu,taxa_esforco_arrendamento,28.91573527,static
1823,Viseu,valor_mediano_vendas_m2,1273,static
1824,Vouzela,acessos_internet_banda_larga,33.86,static
1824,Vouzela,certificacao_energetica_cf,46.30872483,static
1824,Vouzela,coeficiente_gini,37.8,static
1824,Vouzela,consumo_energia_eletrica,1378.7,static
1824,Vouzela,densidade_populacional,50.6,static
1824,Vouzela,disparidade_ganho_mensal,8.9,static
1824,Vouzela,duracao_pendulares,18.6,static
1824,Vouzela,emissoes_gee_edificios,1.72,static
1824,Vouzela,emissoes_gee_transportes,30.36,static
1824,Vouzela,empresas_volume_negocios,182663.6,static
1824,Vouzela,indice_envelhecimento_edificios,529.8,static
1824,Vouzela,percentagem_poder_compra,0.064,static
1824,Vouzela,prop_agregados_unipessoais,23.04,static
1824,Vouzela,prop_alojamentos_arrendados,0.1414,static
1824,Vouzela,prop_alojamentos_locais,0,static
1824,Vouzela,prop_alojamentos_nao_classicos,0.03,static
1824,Vouzela,prop_alojamentos_sobrelotados,7.55118319595852,static
1824,Vouzela,prop_alojamentos_vagos,16.1,static
1824,Vouzela,prop_ar_condicionado,5.955862802,static
1824,Vouzela,prop_edificios_fora_urbano,23.8,static
1824,Vouzela,prop_ensino_secundario,32.33,static
1824,Vouzela,prop_habitacao_social,0.192279249,static
1824,Vouzela,prop_mais_20min_escola,88.68,static
1824,Vouzela,prop_mais_30min_hospital,4,static
1824,Vouzela,prop_modo_pedonal,11.1,static
1824,Vouzela,prop_nacionalidade_estrangeira,0.042,static
1824,Vouzela,prop_necessidade_reparacao,23.06,static
1824,Vouzela,prop_pop_65_mais,31.52,static
1824,Vouzela,prop_reabilitacao_edificado,0,static
1824,Vouzela,prop_risco_pobreza,22.01330798,static
1824,Vouzela,prop_sem_aquecimento,13.56,static
1824,Vouzela,prop_transporte_coletivo,15.1,static
1824,Vouzela,prop_vagos_bom_estado,42.36818,static
1824,Vouzela,racio_vendas_estrangeiros,1,static
1824,Vouzela,risco_galgamentos_costeiros,0,static
1824,Vouzela,risco_incendio_rural,75.476,static
1824,Vouzela,risco_inundacao,0,static
1824,Vouzela,risco_movimento_massa,19.64,static
1824,Vouzela,risco_nevao,27.238,static
1824,Vouzela,risco_ondas_calor,50,static
1824,Vouzela,risco_ondas_frio,66.667,static
1824,Vouzela,risco_seca,50.474,static
1824,Vouzela,risco_sismo,34.411,static
1824,Vouzela,risco_tsunami,0,static
1824,Vouzela,taxa_bruta_natalidade,4.9,static
1824,Vouzela,taxa_crescimento_efetivo,0.43,static
1824,Vouzela,taxa_desemprego,7.81,static
1824,Vouzela,taxa_esforco_arrendamento,22.89584101,static
1824,Vouzela,valor_mediano_vendas_m2,516,static
3101,Calheta (R.A.M.),acessos_internet_banda_larga,49.95,static
3101,Calheta (R.A.M.),certificacao_energetica_cf,32.87981859,static
3101,Calheta (R.A.M.),coeficiente_gini,45.1,static
3101,Calheta (R.A.M.),consumo_energia_eletrica,1668.6,static
3101,Calheta (R.A.M.),densidade_populacional,102,static
3101,Calheta (R.A.M.),disparidade_ganho_mensal,9.5,static
3101,Calheta (R.A.M.),duracao_pendulares,17.09,static
3101,Calheta (R.A.M.),emissoes_gee_edificios,NA,static
3101,Calheta (R.A.M.),emissoes_gee_transportes,9.45,static
3101,Calheta (R.A.M.),empresas_volume_negocios,168219.6,static
3101,Calheta (R.A.M.),indice_envelhecimento_edificios,468.4,static
3101,Calheta (R.A.M.),percentagem_poder_compra,0.072,static
3101,Calheta (R.A.M.),prop_agregados_unipessoais,28.45,static
3101,Calheta (R.A.M.),prop_alojamentos_arrendados,0.0566,static
3101,Calheta (R.A.M.),prop_alojamentos_locais,NA,static
3101,Calheta (R.A.M.),prop_alojamentos_nao_classicos,0.03,static
3101,Calheta (R.A.M.),prop_alojamentos_sobrelotados,14.7394881170018,static
3101,Calheta (R.A.M.),prop_alojamentos_vagos,18.7,static
3101,Calheta (R.A.M.),prop_ar_condicionado,2.513711152,static
3101,Calheta (R.A.M.),prop_edificios_fora_urbano,NA,static
3101,Calheta (R.A.M.),prop_ensino_secundario,33.01,static
3101,Calheta (R.A.M.),prop_habitacao_social,0.768211921,static
3101,Calheta (R.A.M.),prop_mais_20min_escola,NA,static
3101,Calheta (R.A.M.),prop_mais_30min_hospital,NA,static
3101,Calheta (R.A.M.),prop_modo_pedonal,15.8,static
3101,Calheta (R.A.M.),prop_nacionalidade_estrangeira,0.137,static
3101,Calheta (R.A.M.),prop_necessidade_reparacao,16.83,static
3101,Calheta (R.A.M.),prop_pop_65_mais,25.36,static
3101,Calheta (R.A.M.),prop_reabilitacao_edificado,0,static
3101,Calheta (R.A.M.),prop_risco_pobreza,28.61551433,static
3101,Calheta (R.A.M.),prop_sem_aquecimento,88.41,static
3101,Calheta (R.A.M.),prop_transporte_coletivo,16.2,static
3101,Calheta (R.A.M.),prop_vagos_bom_estado,55.78136,static
3101,Calheta (R.A.M.),racio_vendas_estrangeiros,1.8,static
3101,Calheta (R.A.M.),risco_galgamentos_costeiros,NA,static
3101,Calheta (R.A.M.),risco_incendio_rural,NA,static
3101,Calheta (R.A.M.),risco_inundacao,NA,static
3101,Calheta (R.A.M.),risco_movimento_massa,NA,static
3101,Calheta (R.A.M.),risco_nevao,NA,static
3101,Calheta (R.A.M.),risco_ondas_calor,NA,static
3101,Calheta (R.A.M.),risco_ondas_frio,NA,static
3101,Calheta (R.A.M.),risco_seca,NA,static
3101,Calheta (R.A.M.),risco_sismo,NA,static
3101,Calheta (R.A.M.),risco_tsunami,NA,static
3101,Calheta (R.A.M.),taxa_bruta_natalidade,6.9,static
3101,Calheta (R.A.M.),taxa_crescimento_efetivo,1.91,static
3101,Calheta (R.A.M.),taxa_desemprego,11.71,static
3101,Calheta (R.A.M.),taxa_esforco_arrendamento,38.35317073,static
3101,Calheta (R.A.M.),valor_mediano_vendas_m2,1293,static
3102,Câmara de Lobos,acessos_internet_banda_larga,33.97,static
3102,Câmara de Lobos,certificacao_energetica_cf,31.36882129,static
3102,Câmara de Lobos,coeficiente_gini,38.4,static
3102,Câmara de Lobos,consumo_energia_eletrica,974,static
3102,Câmara de Lobos,densidade_populacional,637.2,static
3102,Câmara de Lobos,disparidade_ganho_mensal,3.5,static
3102,Câmara de Lobos,duracao_pendulares,20.85,static
3102,Câmara de Lobos,emissoes_gee_edificios,NA,static
3102,Câmara de Lobos,emissoes_gee_transportes,47.22,static
3102,Câmara de Lobos,empresas_volume_negocios,120040.4,static
3102,Câmara de Lobos,indice_envelhecimento_edificios,919.8,static
3102,Câmara de Lobos,percentagem_poder_compra,0.205,static
3102,Câmara de Lobos,prop_agregados_unipessoais,16.62,static
3102,Câmara de Lobos,prop_alojamentos_arrendados,0.1871,static
3102,Câmara de Lobos,prop_alojamentos_locais,NA,static
3102,Câmara de Lobos,prop_alojamentos_nao_classicos,0,static
3102,Câmara de Lobos,prop_alojamentos_sobrelotados,30.1092334982728,static
3102,Câmara de Lobos,prop_alojamentos_vagos,12.1,static
3102,Câmara de Lobos,prop_ar_condicionado,1.082998786,static
3102,Câmara de Lobos,prop_edificios_fora_urbano,NA,static
3102,Câmara de Lobos,prop_ensino_secundario,31.13,static
3102,Câmara de Lobos,prop_habitacao_social,6.613093483,static
3102,Câmara de Lobos,prop_mais_20min_escola,NA,static
3102,Câmara de Lobos,prop_mais_30min_hospital,NA,static
3102,Câmara de Lobos,prop_modo_pedonal,14.9,static
3102,Câmara de Lobos,prop_nacionalidade_estrangeira,0.027,static
3102,Câmara de Lobos,prop_necessidade_reparacao,19.18,static
3102,Câmara de Lobos,prop_pop_65_mais,15.08,static
3102,Câmara de Lobos,prop_reabilitacao_edificado,3.1,static
3102,Câmara de Lobos,prop_risco_pobreza,23.43911439,static
3102,Câmara de Lobos,prop_sem_aquecimento,92.94,static
3102,Câmara de Lobos,prop_transporte_coletivo,26.2,static
3102,Câmara de Lobos,prop_vagos_bom_estado,46.76259,static
3102,Câmara de Lobos,racio_vendas_estrangeiros,1,static
3102,Câmara de Lobos,risco_galgamentos_costeiros,NA,static
3102,Câmara de Lobos,risco_incendio_rural,NA,static
3102,Câmara de Lobos,risco_inundacao,NA,static
3102,Câmara de Lobos,risco_movimento_massa,NA,static
3102,Câmara de Lobos,risco_nevao,NA,static
3102,Câmara de Lobos,risco_ondas_calor,NA,static
3102,Câmara de Lobos,risco_ondas_frio,NA,static
3102,Câmara de Lobos,risco_seca,NA,static
3102,Câmara de Lobos,risco_sismo,NA,static
3102,Câmara de Lobos,risco_tsunami,NA,static
3102,Câmara de Lobos,taxa_bruta_natalidade,9.3,static
3102,Câmara de Lobos,taxa_crescimento_efetivo,1.38,static
3102,Câmara de Lobos,taxa_desemprego,13.81,static
3102,Câmara de Lobos,taxa_esforco_arrendamento,39.54154728,static
3102,Câmara de Lobos,valor_mediano_vendas_m2,2237,static
3103,Funchal,acessos_internet_banda_larga,47.68,static
3103,Funchal,certificacao_energetica_cf,36.40222005,static
3103,Funchal,coeficiente_gini,46.3,static
3103,Funchal,consumo_energia_eletrica,1139.6,static
3103,Funchal,densidade_populacional,1418.6,static
3103,Funchal,disparidade_ganho_mensal,5.4,static
3103,Funchal,duracao_pendulares,16.62,static
3103,Funchal,emissoes_gee_edificios,NA,static
3103,Funchal,emissoes_gee_transportes,151.77,static
3103,Funchal,empresas_volume_negocios,425262.1,static
3103,Funchal,indice_envelhecimento_edificios,814.5,static
3103,Funchal,percentagem_poder_compra,1.103,static
3103,Funchal,prop_agregados_unipessoais,25.1,static
3103,Funchal,prop_alojamentos_arrendados,0.1674,static
3103,Funchal,prop_alojamentos_locais,NA,static
3103,Funchal,prop_alojamentos_nao_classicos,0.01,static
3103,Funchal,prop_alojamentos_sobrelotados,25.1367721766314,static
3103,Funchal,prop_alojamentos_vagos,13.2,static
3103,Funchal,prop_ar_condicionado,3.86625635,static
3103,Funchal,prop_edificios_fora_urbano,NA,static
3103,Funchal,prop_ensino_secundario,47.15,static
3103,Funchal,prop_habitacao_social,6.487568956,static
3103,Funchal,prop_mais_20min_escola,NA,static
3103,Funchal,prop_mais_30min_hospital,NA,static
3103,Funchal,prop_modo_pedonal,13.6,static
3103,Funchal,prop_nacionalidade_estrangeira,0.096,static
3103,Funchal,prop_necessidade_reparacao,13.29,static
3103,Funchal,prop_pop_65_mais,21.61,static
3103,Funchal,prop_reabilitacao_edificado,46.7,static
3103,Funchal,prop_risco_pobreza,16.65229722,static
3103,Funchal,prop_sem_aquecimento,87.89,static
3103,Funchal,prop_transporte_coletivo,19.4,static
3103,Funchal,prop_vagos_bom_estado,69.99855,static
3103,Funchal,racio_vendas_estrangeiros,1.247231013,static
3103,Funchal,risco_galgamentos_costeiros,NA,static
3103,Funchal,risco_incendio_rural,NA,static
3103,Funchal,risco_inundacao,NA,static
3103,Funchal,risco_movimento_massa,NA,static
3103,Funchal,risco_nevao,NA,static
3103,Funchal,risco_ondas_calor,NA,static
3103,Funchal,risco_ondas_frio,NA,static
3103,Funchal,risco_seca,NA,static
3103,Funchal,risco_sismo,NA,static
3103,Funchal,risco_tsunami,NA,static
3103,Funchal,taxa_bruta_natalidade,6.5,static
3103,Funchal,taxa_crescimento_efetivo,0.53,static
3103,Funchal,taxa_desemprego,12.05,static
3103,Funchal,taxa_esforco_arrendamento,55.15253574,static
3103,Funchal,valor_mediano_vendas_m2,3061,static
3104,Machico,acessos_internet_banda_larga,41.15,static
3104,Machico,certificacao_energetica_cf,34.66489126,static
3104,Machico,coeficiente_gini,39.5,static
3104,Machico,consumo_energia_eletrica,1121.8,static
3104,Machico,densidade_populacional,288.3,static
3104,Machico,disparidade_ganho_mensal,7.4,static
3104,Machico,duracao_pendulares,18.92,static
3104,Machico,emissoes_gee_edificios,NA,static
3104,Machico,emissoes_gee_transportes,27.16,static
3104,Machico,empresas_volume_negocios,376975,static
3104,Machico,indice_envelhecimento_edificios,744.4,static
3104,Machico,percentagem_poder_compra,0.153,static
3104,Machico,prop_agregados_unipessoais,20.82,static
3104,Machico,prop_alojamentos_arrendados,0.2015,static
3104,Machico,prop_alojamentos_locais,NA,static
3104,Machico,prop_alojamentos_nao_classicos,0.01,static
3104,Machico,prop_alojamentos_sobrelotados,19.6210352876561,static
3104,Machico,prop_alojamentos_vagos,13.3,static
3104,Machico,prop_ar_condicionado,0.79637512,static
3104,Machico,prop_edificios_fora_urbano,NA,static
3104,Machico,prop_ensino_secundario,33.52,static
3104,Machico,prop_habitacao_social,2.902508091,static
3104,Machico,prop_mais_20min_escola,NA,static
3104,Machico,prop_mais_30min_hospital,NA,static
3104,Machico,prop_modo_pedonal,18.1,static
3104,Machico,prop_nacionalidade_estrangeira,0.047,static
3104,Machico,prop_necessidade_reparacao,11.48,static
3104,Machico,prop_pop_65_mais,20.52,static
3104,Machico,prop_reabilitacao_edificado,35.3,static
3104,Machico,prop_risco_pobreza,21.4521576,static
3104,Machico,prop_sem_aquecimento,92.96,static
3104,Machico,prop_transporte_coletivo,17.5,static
3104,Machico,prop_vagos_bom_estado,65.53288,static
3104,Machico,racio_vendas_estrangeiros,1,static
3104,Machico,risco_galgamentos_costeiros,NA,static
3104,Machico,risco_incendio_rural,NA,static
3104,Machico,risco_inundacao,NA,static
3104,Machico,risco_movimento_massa,NA,static
3104,Machico,risco_nevao,NA,static
3104,Machico,risco_ondas_calor,NA,static
3104,Machico,risco_ondas_frio,NA,static
3104,Machico,risco_seca,NA,static
3104,Machico,risco_sismo,NA,static
3104,Machico,risco_tsunami,NA,static
3104,Machico,taxa_bruta_natalidade,6.3,static
3104,Machico,taxa_crescimento_efetivo,0.43,static
3104,Machico,taxa_desemprego,11.35,static
3104,Machico,taxa_esforco_arrendamento,32.96410856,static
3104,Machico,valor_mediano_vendas_m2,1908,static
3105,Ponta do Sol,acessos_internet_banda_larga,42.31,static
3105,Ponta do Sol,certificacao_energetica_cf,44.38502674,static
3105,Ponta do Sol,coeficiente_gini,42.8,static
3105,Ponta do Sol,consumo_energia_eletrica,1298.2,static
3105,Ponta do Sol,densidade_populacional,192.8,static
3105,Ponta do Sol,disparidade_ganho_mensal,0.8,static
3105,Ponta do Sol,duracao_pendulares,17.8,static
3105,Ponta do Sol,emissoes_gee_edificios,NA,static
3105,Ponta do Sol,emissoes_gee_transportes,6.88,static
3105,Ponta do Sol,empresas_volume_negocios,67723.36,static
3105,Ponta do Sol,indice_envelhecimento_edificios,701.1,static
3105,Ponta do Sol,percentagem_poder_compra,0.051,static
3105,Ponta do Sol,prop_agregados_unipessoais,26.27,static
3105,Ponta do Sol,prop_alojamentos_arrendados,0.056,static
3105,Ponta do Sol,prop_alojamentos_locais,NA,static
3105,Ponta do Sol,prop_alojamentos_nao_classicos,0,static
3105,Ponta do Sol,prop_alojamentos_sobrelotados,22.1039448966812,static
3105,Ponta do Sol,prop_alojamentos_vagos,14.6,static
3105,Ponta do Sol,prop_ar_condicionado,1.690670006,static
3105,Ponta do Sol,prop_edificios_fora_urbano,NA,static
3105,Ponta do Sol,prop_ensino_secundario,33.07,static
3105,Ponta do Sol,prop_habitacao_social,0.040966817,static
3105,Ponta do Sol,prop_mais_20min_escola,NA,static
3105,Ponta do Sol,prop_mais_30min_hospital,NA,static
3105,Ponta do Sol,prop_modo_pedonal,14.3,static
3105,Ponta do Sol,prop_nacionalidade_estrangeira,0.077,static
3105,Ponta do Sol,prop_necessidade_reparacao,19.97,static
3105,Ponta do Sol,prop_pop_65_mais,21.72,static
3105,Ponta do Sol,prop_reabilitacao_edificado,37.8,static
3105,Ponta do Sol,prop_risco_pobreza,27.72644377,static
3105,Ponta do Sol,prop_sem_aquecimento,91.83,static
3105,Ponta do Sol,prop_transporte_coletivo,18.8,static
3105,Ponta do Sol,prop_vagos_bom_estado,45.08427,static
3105,Ponta do Sol,racio_vendas_estrangeiros,1,static
3105,Ponta do Sol,risco_galgamentos_costeiros,NA,static
3105,Ponta do Sol,risco_incendio_rural,NA,static
3105,Ponta do Sol,risco_inundacao,NA,static
3105,Ponta do Sol,risco_movimento_massa,NA,static
3105,Ponta do Sol,risco_nevao,NA,static
3105,Ponta do Sol,risco_ondas_calor,NA,static
3105,Ponta do Sol,risco_ondas_frio,NA,static
3105,Ponta do Sol,risco_seca,NA,static
3105,Ponta do Sol,risco_sismo,NA,static
3105,Ponta do Sol,risco_tsunami,NA,static
3105,Ponta do Sol,taxa_bruta_natalidade,7.4,static
3105,Ponta do Sol,taxa_crescimento_efetivo,2.39,static
3105,Ponta do Sol,taxa_desemprego,11.16,static
3105,Ponta do Sol,taxa_esforco_arrendamento,58.24797667,static
3105,Ponta do Sol,valor_mediano_vendas_m2,1429,static
3106,Porto Moniz,acessos_internet_banda_larga,49.51,static
3106,Porto Moniz,certificacao_energetica_cf,46.15384615,static
3106,Porto Moniz,coeficiente_gini,44.2,static
3106,Porto Moniz,consumo_energia_eletrica,1259.1,static
3106,Porto Moniz,densidade_populacional,31.3,static
3106,Porto Moniz,disparidade_ganho_mensal,7.2,static
3106,Porto Moniz,duracao_pendulares,15.72,static
3106,Porto Moniz,emissoes_gee_edificios,NA,static
3106,Porto Moniz,emissoes_gee_transportes,2.1,static
3106,Porto Moniz,empresas_volume_negocios,214292.7,static
3106,Porto Moniz,indice_envelhecimento_edificios,376.7,static
3106,Porto Moniz,percentagem_poder_compra,0.015,static
3106,Porto Moniz,prop_agregados_unipessoais,34.44,static
3106,Porto Moniz,prop_alojamentos_arrendados,0.1081,static
3106,Porto Moniz,prop_alojamentos_locais,NA,static
3106,Porto Moniz,prop_alojamentos_nao_classicos,0,static
3106,Porto Moniz,prop_alojamentos_sobrelotados,13.6279926335174,static
3106,Porto Moniz,prop_alojamentos_vagos,19.2,static
3106,Porto Moniz,prop_ar_condicionado,1.104972376,static
3106,Porto Moniz,prop_edificios_fora_urbano,NA,static
3106,Porto Moniz,prop_ensino_secundario,28.19,static
3106,Porto Moniz,prop_habitacao_social,2.42814668,static
3106,Porto Moniz,prop_mais_20min_escola,NA,static
3106,Porto Moniz,prop_mais_30min_hospital,NA,static
3106,Porto Moniz,prop_modo_pedonal,22.8,static
3106,Porto Moniz,prop_nacionalidade_estrangeira,0.063,static
3106,Porto Moniz,prop_necessidade_reparacao,14.53,static
3106,Porto Moniz,prop_pop_65_mais,29.64,static
3106,Porto Moniz,prop_reabilitacao_edificado,NA,static
3106,Porto Moniz,prop_risco_pobreza,19.3454075,static
3106,Porto Moniz,prop_sem_aquecimento,89.87,static
3106,Porto Moniz,prop_transporte_coletivo,21.2,static
3106,Porto Moniz,prop_vagos_bom_estado,62.1134,static
3106,Porto Moniz,racio_vendas_estrangeiros,1,static
3106,Porto Moniz,risco_galgamentos_costeiros,NA,static
3106,Porto Moniz,risco_incendio_rural,NA,static
3106,Porto Moniz,risco_inundacao,NA,static
3106,Porto Moniz,risco_movimento_massa,NA,static
3106,Porto Moniz,risco_nevao,NA,static
3106,Porto Moniz,risco_ondas_calor,NA,static
3106,Porto Moniz,risco_ondas_frio,NA,static
3106,Porto Moniz,risco_seca,NA,static
3106,Porto Moniz,risco_sismo,NA,static
3106,Porto Moniz,risco_tsunami,NA,static
3106,Porto Moniz,taxa_bruta_natalidade,5.5,static
3106,Porto Moniz,taxa_crescimento_efetivo,2.73,static
3106,Porto Moniz,taxa_desemprego,11.21,static
3106,Porto Moniz,taxa_esforco_arrendamento,50.16813049,static
3106,Porto Moniz,valor_mediano_vendas_m2,1028,static
3107,Ribeira Brava,acessos_internet_banda_larga,37.6,static
3107,Ribeira Brava,certificacao_energetica_cf,60.73619632,static
3107,Ribeira Brava,coeficiente_gini,40,static
3107,Ribeira Brava,consumo_energia_eletrica,1131,static
3107,Ribeira Brava,densidade_populacional,203.5,static
3107,Ribeira Brava,disparidade_ganho_mensal,3,static
3107,Ribeira Brava,duracao_pendulares,19.58,static
3107,Ribeira Brava,emissoes_gee_edificios,NA,static
3107,Ribeira Brava,emissoes_gee_transportes,16.86,static
3107,Ribeira Brava,empresas_volume_negocios,118592.3,static
3107,Ribeira Brava,indice_envelhecimento_edificios,500,static
3107,Ribeira Brava,percentagem_poder_compra,0.087,static
3107,Ribeira Brava,prop_agregados_unipessoais,24.22,static
3107,Ribeira Brava,prop_alojamentos_arrendados,0.0803,static
3107,Ribeira Brava,prop_alojamentos_locais,NA,static
3107,Ribeira Brava,prop_alojamentos_nao_classicos,0.11,static
3107,Ribeira Brava,prop_alojamentos_sobrelotados,21.2860780984719,static
3107,Ribeira Brava,prop_alojamentos_vagos,15.4,static
3107,Ribeira Brava,prop_ar_condicionado,1.103565365,static
3107,Ribeira Brava,prop_edificios_fora_urbano,NA,static
3107,Ribeira Brava,prop_ensino_secundario,34.03,static
3107,Ribeira Brava,prop_habitacao_social,0.30403938,static
3107,Ribeira Brava,prop_mais_20min_escola,NA,static
3107,Ribeira Brava,prop_mais_30min_hospital,NA,static
3107,Ribeira Brava,prop_modo_pedonal,13.9,static
3107,Ribeira Brava,prop_nacionalidade_estrangeira,0.048,static
3107,Ribeira Brava,prop_necessidade_reparacao,21.16,static
3107,Ribeira Brava,prop_pop_65_mais,20.8,static
3107,Ribeira Brava,prop_reabilitacao_edificado,NA,static
3107,Ribeira Brava,prop_risco_pobreza,24.04285714,static
3107,Ribeira Brava,prop_sem_aquecimento,92.23,static
3107,Ribeira Brava,prop_transporte_coletivo,20.1,static
3107,Ribeira Brava,prop_vagos_bom_estado,49.53358,static
3107,Ribeira Brava,racio_vendas_estrangeiros,1,static
3107,Ribeira Brava,risco_galgamentos_costeiros,NA,static
3107,Ribeira Brava,risco_incendio_rural,NA,static
3107,Ribeira Brava,risco_inundacao,NA,static
3107,Ribeira Brava,risco_movimento_massa,NA,static
3107,Ribeira Brava,risco_nevao,NA,static
3107,Ribeira Brava,risco_ondas_calor,NA,static
3107,Ribeira Brava,risco_ondas_frio,NA,static
3107,Ribeira Brava,risco_seca,NA,static
3107,Ribeira Brava,risco_sismo,NA,static
3107,Ribeira Brava,risco_tsunami,NA,static
3107,Ribeira Brava,taxa_bruta_natalidade,6.3,static
3107,Ribeira Brava,taxa_crescimento_efetivo,1.83,static
3107,Ribeira Brava,taxa_desemprego,13.73,static
3107,Ribeira Brava,taxa_esforco_arrendamento,55.97822196,static
3107,Ribeira Brava,valor_mediano_vendas_m2,1467,static
3108,Santa Cruz,acessos_internet_banda_larga,41.77,static
3108,Santa Cruz,certificacao_energetica_cf,45.71428571,static
3108,Santa Cruz,coeficiente_gini,41.6,static
3108,Santa Cruz,consumo_energia_eletrica,1094.4,static
3108,Santa Cruz,densidade_populacional,551.2,static
3108,Santa Cruz,disparidade_ganho_mensal,5.1,static
3108,Santa Cruz,duracao_pendulares,19.15,static
3108,Santa Cruz,emissoes_gee_edificios,NA,static
3108,Santa Cruz,emissoes_gee_transportes,53.6,static
3108,Santa Cruz,empresas_volume_negocios,169603.2,static
3108,Santa Cruz,indice_envelhecimento_edificios,375.4,static
3108,Santa Cruz,percentagem_poder_compra,0.319,static
3108,Santa Cruz,prop_agregados_unipessoais,20.89,static
3108,Santa Cruz,prop_alojamentos_arrendados,0.1166,static
3108,Santa Cruz,prop_alojamentos_locais,NA,static
3108,Santa Cruz,prop_alojamentos_nao_classicos,0.02,static
3108,Santa Cruz,prop_alojamentos_sobrelotados,23.5531112105902,static
3108,Santa Cruz,prop_alojamentos_vagos,11.3,static
3108,Santa Cruz,prop_ar_condicionado,1.918526572,static
3108,Santa Cruz,prop_edificios_fora_urbano,NA,static
3108,Santa Cruz,prop_ensino_secundario,48.37,static
3108,Santa Cruz,prop_habitacao_social,2.944507361,static
3108,Santa Cruz,prop_mais_20min_escola,NA,static
3108,Santa Cruz,prop_mais_30min_hospital,NA,static
3108,Santa Cruz,prop_modo_pedonal,8.2,static
3108,Santa Cruz,prop_nacionalidade_estrangeira,0.053,static
3108,Santa Cruz,prop_necessidade_reparacao,11.85,static
3108,Santa Cruz,prop_pop_65_mais,14.68,static
3108,Santa Cruz,prop_reabilitacao_edificado,NA,static
3108,Santa Cruz,prop_risco_pobreza,15.96518607,static
3108,Santa Cruz,prop_sem_aquecimento,86.35,static
3108,Santa Cruz,prop_transporte_coletivo,14.9,static
3108,Santa Cruz,prop_vagos_bom_estado,61.41801,static
3108,Santa Cruz,racio_vendas_estrangeiros,1.134573304,static
3108,Santa Cruz,risco_galgamentos_costeiros,NA,static
3108,Santa Cruz,risco_incendio_rural,NA,static
3108,Santa Cruz,risco_inundacao,NA,static
3108,Santa Cruz,risco_movimento_massa,NA,static
3108,Santa Cruz,risco_nevao,NA,static
3108,Santa Cruz,risco_ondas_calor,NA,static
3108,Santa Cruz,risco_ondas_frio,NA,static
3108,Santa Cruz,risco_seca,NA,static
3108,Santa Cruz,risco_sismo,NA,static
3108,Santa Cruz,risco_tsunami,NA,static
3108,Santa Cruz,taxa_bruta_natalidade,7.2,static
3108,Santa Cruz,taxa_crescimento_efetivo,1.43,static
3108,Santa Cruz,taxa_desemprego,11.27,static
3108,Santa Cruz,taxa_esforco_arrendamento,43.15705766,static
3108,Santa Cruz,valor_mediano_vendas_m2,2269,static
3109,Santana,acessos_internet_banda_larga,42.66,static
3109,Santana,certificacao_energetica_cf,44.58762887,static
3109,Santana,coeficiente_gini,39,static
3109,Santana,consumo_energia_eletrica,1186.1,static
3109,Santana,densidade_populacional,68.3,static
3109,Santana,disparidade_ganho_mensal,6.3,static
3109,Santana,duracao_pendulares,19.08,static
3109,Santana,emissoes_gee_edificios,NA,static
3109,Santana,emissoes_gee_transportes,5.99,static
3109,Santana,empresas_volume_negocios,83365.84,static
3109,Santana,indice_envelhecimento_edificios,1719.2,static
3109,Santana,percentagem_poder_compra,0.04,static
3109,Santana,prop_agregados_unipessoais,28.57,static
3109,Santana,prop_alojamentos_arrendados,0.2759,static
3109,Santana,prop_alojamentos_locais,NA,static
3109,Santana,prop_alojamentos_nao_classicos,0,static
3109,Santana,prop_alojamentos_sobrelotados,11.7493472584856,static
3109,Santana,prop_alojamentos_vagos,16,static
3109,Santana,prop_ar_condicionado,0.857888847,static
3109,Santana,prop_edificios_fora_urbano,NA,static
3109,Santana,prop_ensino_secundario,29.98,static
3109,Santana,prop_habitacao_social,1.651560926,static
3109,Santana,prop_mais_20min_escola,NA,static
3109,Santana,prop_mais_30min_hospital,NA,static
3109,Santana,prop_modo_pedonal,14.8,static
3109,Santana,prop_nacionalidade_estrangeira,0.049,static
3109,Santana,prop_necessidade_reparacao,12.28,static
3109,Santana,prop_pop_65_mais,28.54,static
3109,Santana,prop_reabilitacao_edificado,NA,static
3109,Santana,prop_risco_pobreza,25.65820643,static
3109,Santana,prop_sem_aquecimento,75.72,static
3109,Santana,prop_transporte_coletivo,13.8,static
3109,Santana,prop_vagos_bom_estado,66.53846,static
3109,Santana,racio_vendas_estrangeiros,1,static
3109,Santana,risco_galgamentos_costeiros,NA,static
3109,Santana,risco_incendio_rural,NA,static
3109,Santana,risco_inundacao,NA,static
3109,Santana,risco_movimento_massa,NA,static
3109,Santana,risco_nevao,NA,static
3109,Santana,risco_ondas_calor,NA,static
3109,Santana,risco_ondas_frio,NA,static
3109,Santana,risco_seca,NA,static
3109,Santana,risco_sismo,NA,static
3109,Santana,risco_tsunami,NA,static
3109,Santana,taxa_bruta_natalidade,4.9,static
3109,Santana,taxa_crescimento_efetivo,0.43,static
3109,Santana,taxa_desemprego,9.91,static
3109,Santana,taxa_esforco_arrendamento,57.85466236,static
3109,Santana,valor_mediano_vendas_m2,1023,static
3110,São Vicente,acessos_internet_banda_larga,48.92,static
3110,São Vicente,certificacao_energetica_cf,44.68770122,static
3110,São Vicente,coeficiente_gini,41,static
3110,São Vicente,consumo_energia_eletrica,1349.9,static
3110,São Vicente,densidade_populacional,65,static
3110,São Vicente,disparidade_ganho_mensal,3.5,static
3110,São Vicente,duracao_pendulares,17.07,static
3110,São Vicente,emissoes_gee_edificios,NA,static
3110,São Vicente,emissoes_gee_transportes,4.44,static
3110,São Vicente,empresas_volume_negocios,94763.77,static
3110,São Vicente,indice_envelhecimento_edificios,438.7,static
3110,São Vicente,percentagem_poder_compra,0.03,static
3110,São Vicente,prop_agregados_unipessoais,29.61,static
3110,São Vicente,prop_alojamentos_arrendados,0.1641,static
3110,São Vicente,prop_alojamentos_locais,NA,static
3110,São Vicente,prop_alojamentos_nao_classicos,0,static
3110,São Vicente,prop_alojamentos_sobrelotados,12.7236580516898,static
3110,São Vicente,prop_alojamentos_vagos,14.8,static
3110,São Vicente,prop_ar_condicionado,1.590457256,static
3110,São Vicente,prop_edificios_fora_urbano,NA,static
3110,São Vicente,prop_ensino_secundario,29.74,static
3110,São Vicente,prop_habitacao_social,0.420609884,static
3110,São Vicente,prop_mais_20min_escola,NA,static
3110,São Vicente,prop_mais_30min_hospital,NA,static
3110,São Vicente,prop_modo_pedonal,14.3,static
3110,São Vicente,prop_nacionalidade_estrangeira,0.07,static
3110,São Vicente,prop_necessidade_reparacao,11.5,static
3110,São Vicente,prop_pop_65_mais,27.36,static
3110,São Vicente,prop_reabilitacao_edificado,NA,static
3110,São Vicente,prop_risco_pobreza,26.98974359,static
3110,São Vicente,prop_sem_aquecimento,86.08,static
3110,São Vicente,prop_transporte_coletivo,14.9,static
3110,São Vicente,prop_vagos_bom_estado,60.39427,static
3110,São Vicente,racio_vendas_estrangeiros,1,static
3110,São Vicente,risco_galgamentos_costeiros,NA,static
3110,São Vicente,risco_incendio_rural,NA,static
3110,São Vicente,risco_inundacao,NA,static
3110,São Vicente,risco_movimento_massa,NA,static
3110,São Vicente,risco_nevao,NA,static
3110,São Vicente,risco_ondas_calor,NA,static
3110,São Vicente,risco_ondas_frio,NA,static
3110,São Vicente,risco_seca,NA,static
3110,São Vicente,risco_sismo,NA,static
3110,São Vicente,risco_tsunami,NA,static
3110,São Vicente,taxa_bruta_natalidade,7.3,static
3110,São Vicente,taxa_crescimento_efetivo,2.99,static
3110,São Vicente,taxa_desemprego,11.82,static
3110,São Vicente,taxa_esforco_arrendamento,59.17710903,static
3110,São Vicente,valor_mediano_vendas_m2,1050,static
3201,Porto Santo,acessos_internet_banda_larga,58.46,static
3201,Porto Santo,certificacao_energetica_cf,40.12345679,static
3201,Porto Santo,coeficiente_gini,44.3,static
3201,Porto Santo,consumo_energia_eletrica,1325.8,static
3201,Porto Santo,densidade_populacional,134,static
3201,Porto Santo,disparidade_ganho_mensal,11.7,static
3201,Porto Santo,duracao_pendulares,9.76,static
3201,Porto Santo,emissoes_gee_edificios,NA,static
3201,Porto Santo,emissoes_gee_transportes,4.26,static
3201,Porto Santo,empresas_volume_negocios,116508.2,static
3201,Porto Santo,indice_envelhecimento_edificios,509.4,static
3201,Porto Santo,percentagem_poder_compra,0.051,static
3201,Porto Santo,prop_agregados_unipessoais,27.3,static
3201,Porto Santo,prop_alojamentos_arrendados,0.0762,static
3201,Porto Santo,prop_alojamentos_locais,NA,static
3201,Porto Santo,prop_alojamentos_nao_classicos,0.19,static
3201,Porto Santo,prop_alojamentos_sobrelotados,18.6920222634508,static
3201,Porto Santo,prop_alojamentos_vagos,19.1,static
3201,Porto Santo,prop_ar_condicionado,3.107606679,static
3201,Porto Santo,prop_edificios_fora_urbano,NA,static
3201,Porto Santo,prop_ensino_secundario,40.6,static
3201,Porto Santo,prop_habitacao_social,1.122082585,static
3201,Porto Santo,prop_mais_20min_escola,NA,static
3201,Porto Santo,prop_mais_30min_hospital,NA,static
3201,Porto Santo,prop_modo_pedonal,15.5,static
3201,Porto Santo,prop_nacionalidade_estrangeira,0.113,static
3201,Porto Santo,prop_necessidade_reparacao,13.3,static
3201,Porto Santo,prop_pop_65_mais,18.82,static
3201,Porto Santo,prop_reabilitacao_edificado,NA,static
3201,Porto Santo,prop_risco_pobreza,13.98189563,static
3201,Porto Santo,prop_sem_aquecimento,91.74,static
3201,Porto Santo,prop_transporte_coletivo,5.3,static
3201,Porto Santo,prop_vagos_bom_estado,76.29459,static
3201,Porto Santo,racio_vendas_estrangeiros,1,static
3201,Porto Santo,risco_galgamentos_costeiros,NA,static
3201,Porto Santo,risco_incendio_rural,NA,static
3201,Porto Santo,risco_inundacao,NA,static
3201,Porto Santo,risco_movimento_massa,NA,static
3201,Porto Santo,risco_nevao,NA,static
3201,Porto Santo,risco_ondas_calor,NA,static
3201,Porto Santo,risco_ondas_frio,NA,static
3201,Porto Santo,risco_seca,NA,static
3201,Porto Santo,risco_sismo,NA,static
3201,Porto Santo,risco_tsunami,NA,static
3201,Porto Santo,taxa_bruta_natalidade,6,static
3201,Porto Santo,taxa_crescimento_efetivo,2.75,static
3201,Porto Santo,taxa_desemprego,12.52,static
3201,Porto Santo,taxa_esforco_arrendamento,42.92687581,static
3201,Porto Santo,valor_mediano_vendas_m2,1873,static
4101,Vila do Porto,acessos_internet_banda_larga,49.35,static
4101,Vila do Porto,certificacao_energetica_cf,NA,static
4101,Vila do Porto,coeficiente_gini,51.6,static
4101,Vila do Porto,consumo_energia_eletrica,1308.9,static
4101,Vila do Porto,densidade_populacional,56.8,static
4101,Vila do Porto,disparidade_ganho_mensal,26.1,static
4101,Vila do Porto,duracao_pendulares,11.23,static
4101,Vila do Porto,emissoes_gee_edificios,NA,static
4101,Vila do Porto,emissoes_gee_transportes,4.31,static
4101,Vila do Porto,empresas_volume_negocios,80867.37,static
4101,Vila do Porto,indice_envelhecimento_edificios,464.3,static
4101,Vila do Porto,percentagem_poder_compra,0.048,static
4101,Vila do Porto,prop_agregados_unipessoais,25.35,static
4101,Vila do Porto,prop_alojamentos_arrendados,0.1095,static
4101,Vila do Porto,prop_alojamentos_locais,NA,static
4101,Vila do Porto,prop_alojamentos_nao_classicos,0.17,static
4101,Vila do Porto,prop_alojamentos_sobrelotados,18.2955071792496,static
4101,Vila do Porto,prop_alojamentos_vagos,14.7,static
4101,Vila do Porto,prop_ar_condicionado,5.974988421,static
4101,Vila do Porto,prop_edificios_fora_urbano,NA,static
4101,Vila do Porto,prop_ensino_secundario,38.28,static
4101,Vila do Porto,prop_habitacao_social,0.142166619,static
4101,Vila do Porto,prop_mais_20min_escola,NA,static
4101,Vila do Porto,prop_mais_30min_hospital,NA,static
4101,Vila do Porto,prop_modo_pedonal,14.3,static
4101,Vila do Porto,prop_nacionalidade_estrangeira,0.054,static
4101,Vila do Porto,prop_necessidade_reparacao,13.19,static
4101,Vila do Porto,prop_pop_65_mais,17.48,static
4101,Vila do Porto,prop_reabilitacao_edificado,NA,static
4101,Vila do Porto,prop_risco_pobreza,17.0779298,static
4101,Vila do Porto,prop_sem_aquecimento,76.61,static
4101,Vila do Porto,prop_transporte_coletivo,6.5,static
4101,Vila do Porto,prop_vagos_bom_estado,68.2243,static
4101,Vila do Porto,racio_vendas_estrangeiros,1,static
4101,Vila do Porto,risco_galgamentos_costeiros,NA,static
4101,Vila do Porto,risco_incendio_rural,NA,static
4101,Vila do Porto,risco_inundacao,NA,static
4101,Vila do Porto,risco_movimento_massa,NA,static
4101,Vila do Porto,risco_nevao,NA,static
4101,Vila do Porto,risco_ondas_calor,NA,static
4101,Vila do Porto,risco_ondas_frio,NA,static
4101,Vila do Porto,risco_seca,NA,static
4101,Vila do Porto,risco_sismo,NA,static
4101,Vila do Porto,risco_tsunami,NA,static
4101,Vila do Porto,taxa_bruta_natalidade,7.6,static
4101,Vila do Porto,taxa_crescimento_efetivo,0.04,static
4101,Vila do Porto,taxa_desemprego,3.72,static
4101,Vila do Porto,taxa_esforco_arrendamento,27.45293073,static
4101,Vila do Porto,valor_mediano_vendas_m2,1188,static
4201,Lagoa (R.A.A.),acessos_internet_banda_larga,35.79,static
4201,Lagoa (R.A.A.),certificacao_energetica_cf,NA,static
4201,Lagoa (R.A.A.),coeficiente_gini,45.9,static
4201,Lagoa (R.A.A.),consumo_energia_eletrica,1051.5,static
4201,Lagoa (R.A.A.),densidade_populacional,331.9,static
4201,Lagoa (R.A.A.),disparidade_ganho_mensal,3.7,static
4201,Lagoa (R.A.A.),duracao_pendulares,14.44,static
4201,Lagoa (R.A.A.),emissoes_gee_edificios,NA,static
4201,Lagoa (R.A.A.),emissoes_gee_transportes,15.46,static
4201,Lagoa (R.A.A.),empresas_volume_negocios,163349.3,static
4201,Lagoa (R.A.A.),indice_envelhecimento_edificios,436.2,static
4201,Lagoa (R.A.A.),percentagem_poder_compra,0.112,static
4201,Lagoa (R.A.A.),prop_agregados_unipessoais,14,static
4201,Lagoa (R.A.A.),prop_alojamentos_arrendados,0.2161,static
4201,Lagoa (R.A.A.),prop_alojamentos_locais,NA,static
4201,Lagoa (R.A.A.),prop_alojamentos_nao_classicos,0.02,static
4201,Lagoa (R.A.A.),prop_alojamentos_sobrelotados,25.2788933511825,static
4201,Lagoa (R.A.A.),prop_alojamentos_vagos,8.8,static
4201,Lagoa (R.A.A.),prop_ar_condicionado,5.109326194,static
4201,Lagoa (R.A.A.),prop_edificios_fora_urbano,NA,static
4201,Lagoa (R.A.A.),prop_ensino_secundario,33.35,static
4201,Lagoa (R.A.A.),prop_habitacao_social,3.728748068,static
4201,Lagoa (R.A.A.),prop_mais_20min_escola,NA,static
4201,Lagoa (R.A.A.),prop_mais_30min_hospital,NA,static
4201,Lagoa (R.A.A.),prop_modo_pedonal,19.4,static
4201,Lagoa (R.A.A.),prop_nacionalidade_estrangeira,0.019,static
4201,Lagoa (R.A.A.),prop_necessidade_reparacao,6.48,static
4201,Lagoa (R.A.A.),prop_pop_65_mais,12.83,static
4201,Lagoa (R.A.A.),prop_reabilitacao_edificado,NA,static
4201,Lagoa (R.A.A.),prop_risco_pobreza,25.47746479,static
4201,Lagoa (R.A.A.),prop_sem_aquecimento,82.42,static
4201,Lagoa (R.A.A.),prop_transporte_coletivo,10.5,static
4201,Lagoa (R.A.A.),prop_vagos_bom_estado,73.33333,static
4201,Lagoa (R.A.A.),racio_vendas_estrangeiros,1,static
4201,Lagoa (R.A.A.),risco_galgamentos_costeiros,NA,static
4201,Lagoa (R.A.A.),risco_incendio_rural,NA,static
4201,Lagoa (R.A.A.),risco_inundacao,NA,static
4201,Lagoa (R.A.A.),risco_movimento_massa,NA,static
4201,Lagoa (R.A.A.),risco_nevao,NA,static
4201,Lagoa (R.A.A.),risco_ondas_calor,NA,static
4201,Lagoa (R.A.A.),risco_ondas_frio,NA,static
4201,Lagoa (R.A.A.),risco_seca,NA,static
4201,Lagoa (R.A.A.),risco_sismo,NA,static
4201,Lagoa (R.A.A.),risco_tsunami,NA,static
4201,Lagoa (R.A.A.),taxa_bruta_natalidade,8.7,static
4201,Lagoa (R.A.A.),taxa_crescimento_efetivo,1.4,static
4201,Lagoa (R.A.A.),taxa_desemprego,7.44,static
4201,Lagoa (R.A.A.),taxa_esforco_arrendamento,29.9198056,static
4201,Lagoa (R.A.A.),valor_mediano_vendas_m2,1419,static
4202,Nordeste,acessos_internet_banda_larga,45.59,static
4202,Nordeste,certificacao_energetica_cf,NA,static
4202,Nordeste,coeficiente_gini,41.2,static
4202,Nordeste,consumo_energia_eletrica,1219.7,static
4202,Nordeste,densidade_populacional,43.7,static
4202,Nordeste,disparidade_ganho_mensal,0.6,static
4202,Nordeste,duracao_pendulares,15.86,static
4202,Nordeste,emissoes_gee_edificios,NA,static
4202,Nordeste,emissoes_gee_transportes,3.83,static
4202,Nordeste,empresas_volume_negocios,82072.55,static
4202,Nordeste,indice_envelhecimento_edificios,660.4,static
4202,Nordeste,percentagem_poder_compra,0.028,static
4202,Nordeste,prop_agregados_unipessoais,24,static
4202,Nordeste,prop_alojamentos_arrendados,0.1156,static
4202,Nordeste,prop_alojamentos_locais,NA,static
4202,Nordeste,prop_alojamentos_nao_classicos,0,static
4202,Nordeste,prop_alojamentos_sobrelotados,16.1405598570577,static
4202,Nordeste,prop_alojamentos_vagos,11.8,static
4202,Nordeste,prop_ar_condicionado,1.488981537,static
4202,Nordeste,prop_edificios_fora_urbano,NA,static
4202,Nordeste,prop_ensino_secundario,27.83,static
4202,Nordeste,prop_habitacao_social,1.826484018,static
4202,Nordeste,prop_mais_20min_escola,NA,static
4202,Nordeste,prop_mais_30min_hospital,NA,static
4202,Nordeste,prop_modo_pedonal,19.8,static
4202,Nordeste,prop_nacionalidade_estrangeira,0.026,static
4202,Nordeste,prop_necessidade_reparacao,11.74,static
4202,Nordeste,prop_pop_65_mais,21.15,static
4202,Nordeste,prop_reabilitacao_edificado,NA,static
4202,Nordeste,prop_risco_pobreza,29.87692308,static
4202,Nordeste,prop_sem_aquecimento,86.12,static
4202,Nordeste,prop_transporte_coletivo,22.9,static
4202,Nordeste,prop_vagos_bom_estado,62.13592,static
4202,Nordeste,racio_vendas_estrangeiros,1,static
4202,Nordeste,risco_galgamentos_costeiros,NA,static
4202,Nordeste,risco_incendio_rural,NA,static
4202,Nordeste,risco_inundacao,NA,static
4202,Nordeste,risco_movimento_massa,NA,static
4202,Nordeste,risco_nevao,NA,static
4202,Nordeste,risco_ondas_calor,NA,static
4202,Nordeste,risco_ondas_frio,NA,static
4202,Nordeste,risco_seca,NA,static
4202,Nordeste,risco_sismo,NA,static
4202,Nordeste,risco_tsunami,NA,static
4202,Nordeste,taxa_bruta_natalidade,5.9,static
4202,Nordeste,taxa_crescimento_efetivo,0.07,static
4202,Nordeste,taxa_desemprego,8.84,static
4202,Nordeste,taxa_esforco_arrendamento,34.15550826,static
4202,Nordeste,valor_mediano_vendas_m2,866,static
4203,Ponta Delgada,acessos_internet_banda_larga,43.63,static
4203,Ponta Delgada,certificacao_energetica_cf,NA,static
4203,Ponta Delgada,coeficiente_gini,45.7,static
4203,Ponta Delgada,consumo_energia_eletrica,1230.3,static
4203,Ponta Delgada,densidade_populacional,296.3,static
4203,Ponta Delgada,disparidade_ganho_mensal,10.3,static
4203,Ponta Delgada,duracao_pendulares,14.67,static
4203,Ponta Delgada,emissoes_gee_edificios,NA,static
4203,Ponta Delgada,emissoes_gee_transportes,73.52,static
4203,Ponta Delgada,empresas_volume_negocios,446322.3,static
4203,Ponta Delgada,indice_envelhecimento_edificios,871.4,static
4203,Ponta Delgada,percentagem_poder_compra,0.661,static
4203,Ponta Delgada,prop_agregados_unipessoais,20.26,static
4203,Ponta Delgada,prop_alojamentos_arrendados,0.1665,static
4203,Ponta Delgada,prop_alojamentos_locais,NA,static
4203,Ponta Delgada,prop_alojamentos_nao_classicos,0.01,static
4203,Ponta Delgada,prop_alojamentos_sobrelotados,18.6172880789165,static
4203,Ponta Delgada,prop_alojamentos_vagos,11.8,static
4203,Ponta Delgada,prop_ar_condicionado,8.769436549,static
4203,Ponta Delgada,prop_edificios_fora_urbano,NA,static
4203,Ponta Delgada,prop_ensino_secundario,44.91,static
4203,Ponta Delgada,prop_habitacao_social,1.653930702,static
4203,Ponta Delgada,prop_mais_20min_escola,NA,static
4203,Ponta Delgada,prop_mais_30min_hospital,NA,static
4203,Ponta Delgada,prop_modo_pedonal,13.8,static
4203,Ponta Delgada,prop_nacionalidade_estrangeira,0.041,static
4203,Ponta Delgada,prop_necessidade_reparacao,8.83,static
4203,Ponta Delgada,prop_pop_65_mais,15.03,static
4203,Ponta Delgada,prop_reabilitacao_edificado,NA,static
4203,Ponta Delgada,prop_risco_pobreza,15.58938724,static
4203,Ponta Delgada,prop_sem_aquecimento,75.54,static
4203,Ponta Delgada,prop_transporte_coletivo,11.2,static
4203,Ponta Delgada,prop_vagos_bom_estado,74.34631,static
4203,Ponta Delgada,racio_vendas_estrangeiros,1.037283622,static
4203,Ponta Delgada,risco_galgamentos_costeiros,NA,static
4203,Ponta Delgada,risco_incendio_rural,NA,static
4203,Ponta Delgada,risco_inundacao,NA,static
4203,Ponta Delgada,risco_movimento_massa,NA,static
4203,Ponta Delgada,risco_nevao,NA,static
4203,Ponta Delgada,risco_ondas_calor,NA,static
4203,Ponta Delgada,risco_ondas_frio,NA,static
4203,Ponta Delgada,risco_seca,NA,static
4203,Ponta Delgada,risco_sismo,NA,static
4203,Ponta Delgada,risco_tsunami,NA,static
4203,Ponta Delgada,taxa_bruta_natalidade,8.5,static
4203,Ponta Delgada,taxa_crescimento_efetivo,0.41,static
4203,Ponta Delgada,taxa_desemprego,7.76,static
4203,Ponta Delgada,taxa_esforco_arrendamento,30.78639152,static
4203,Ponta Delgada,valor_mediano_vendas_m2,1667,static
4204,Povoação,acessos_internet_banda_larga,46.28,static
4204,Povoação,certificacao_energetica_cf,NA,static
4204,Povoação,coeficiente_gini,44.1,static
4204,Povoação,consumo_energia_eletrica,1296.9,static
4204,Povoação,densidade_populacional,55.3,static
4204,Povoação,disparidade_ganho_mensal,7.4,static
4204,Povoação,duracao_pendulares,14.26,static
4204,Povoação,emissoes_gee_edificios,NA,static
4204,Povoação,emissoes_gee_transportes,4.91,static
4204,Povoação,empresas_volume_negocios,132739.2,static
4204,Povoação,indice_envelhecimento_edificios,1747.4,static
4204,Povoação,percentagem_poder_compra,0.038,static
4204,Povoação,prop_agregados_unipessoais,20.1,static
4204,Povoação,prop_alojamentos_arrendados,0.1003,static
4204,Povoação,prop_alojamentos_locais,NA,static
4204,Povoação,prop_alojamentos_nao_classicos,0.03,static
4204,Povoação,prop_alojamentos_sobrelotados,19.8594847775175,static
4204,Povoação,prop_alojamentos_vagos,12.8,static
4204,Povoação,prop_ar_condicionado,3.887587822,static
4204,Povoação,prop_edificios_fora_urbano,NA,static
4204,Povoação,prop_ensino_secundario,29.79,static
4204,Povoação,prop_habitacao_social,1.99382196,static
4204,Povoação,prop_mais_20min_escola,NA,static
4204,Povoação,prop_mais_30min_hospital,NA,static
4204,Povoação,prop_modo_pedonal,27.7,static
4204,Povoação,prop_nacionalidade_estrangeira,0.027,static
4204,Povoação,prop_necessidade_reparacao,11.08,static
4204,Povoação,prop_pop_65_mais,17.29,static
4204,Povoação,prop_reabilitacao_edificado,NA,static
4204,Povoação,prop_risco_pobreza,30.89868668,static
4204,Povoação,prop_sem_aquecimento,78.45,static
4204,Povoação,prop_transporte_coletivo,15.5,static
4204,Povoação,prop_vagos_bom_estado,62.5,static
4204,Povoação,racio_vendas_estrangeiros,1,static
4204,Povoação,risco_galgamentos_costeiros,NA,static
4204,Povoação,risco_incendio_rural,NA,static
4204,Povoação,risco_inundacao,NA,static
4204,Povoação,risco_movimento_massa,NA,static
4204,Povoação,risco_nevao,NA,static
4204,Povoação,risco_ondas_calor,NA,static
4204,Povoação,risco_ondas_frio,NA,static
4204,Povoação,risco_seca,NA,static
4204,Povoação,risco_sismo,NA,static
4204,Povoação,risco_tsunami,NA,static
4204,Povoação,taxa_bruta_natalidade,5.4,static
4204,Povoação,taxa_crescimento_efetivo,0.27,static
4204,Povoação,taxa_desemprego,10.84,static
4204,Povoação,taxa_esforco_arrendamento,35.08297604,static
4204,Povoação,valor_mediano_vendas_m2,1164,static
4205,Ribeira Grande,acessos_internet_banda_larga,34.51,static
4205,Ribeira Grande,certificacao_energetica_cf,NA,static
4205,Ribeira Grande,coeficiente_gini,42.8,static
4205,Ribeira Grande,consumo_energia_eletrica,984.4,static
4205,Ribeira Grande,densidade_populacional,179.8,static
4205,Ribeira Grande,disparidade_ganho_mensal,5,static
4205,Ribeira Grande,duracao_pendulares,15.88,static
4205,Ribeira Grande,emissoes_gee_edificios,NA,static
4205,Ribeira Grande,emissoes_gee_transportes,34.06,static
4205,Ribeira Grande,empresas_volume_negocios,330897.9,static
4205,Ribeira Grande,indice_envelhecimento_edificios,679.5,static
4205,Ribeira Grande,percentagem_poder_compra,0.231,static
4205,Ribeira Grande,prop_agregados_unipessoais,13.91,static
4205,Ribeira Grande,prop_alojamentos_arrendados,0.2141,static
4205,Ribeira Grande,prop_alojamentos_locais,NA,static
4205,Ribeira Grande,prop_alojamentos_nao_classicos,0,static
4205,Ribeira Grande,prop_alojamentos_sobrelotados,25.8328160562797,static
4205,Ribeira Grande,prop_alojamentos_vagos,12.6,static
4205,Ribeira Grande,prop_ar_condicionado,3.85888682,static
4205,Ribeira Grande,prop_edificios_fora_urbano,NA,static
4205,Ribeira Grande,prop_ensino_secundario,31.95,static
4205,Ribeira Grande,prop_habitacao_social,5.877268799,static
4205,Ribeira Grande,prop_mais_20min_escola,NA,static
4205,Ribeira Grande,prop_mais_30min_hospital,NA,static
4205,Ribeira Grande,prop_modo_pedonal,23.6,static
4205,Ribeira Grande,prop_nacionalidade_estrangeira,0.015,static
4205,Ribeira Grande,prop_necessidade_reparacao,6.4,static
4205,Ribeira Grande,prop_pop_65_mais,10.64,static
4205,Ribeira Grande,prop_reabilitacao_edificado,NA,static
4205,Ribeira Grande,prop_risco_pobreza,25.03044872,static
4205,Ribeira Grande,prop_sem_aquecimento,83.16,static
4205,Ribeira Grande,prop_transporte_coletivo,12.4,static
4205,Ribeira Grande,prop_vagos_bom_estado,78.85522,static
4205,Ribeira Grande,racio_vendas_estrangeiros,1,static
4205,Ribeira Grande,risco_galgamentos_costeiros,NA,static
4205,Ribeira Grande,risco_incendio_rural,NA,static
4205,Ribeira Grande,risco_inundacao,NA,static
4205,Ribeira Grande,risco_movimento_massa,NA,static
4205,Ribeira Grande,risco_nevao,NA,static
4205,Ribeira Grande,risco_ondas_calor,NA,static
4205,Ribeira Grande,risco_ondas_frio,NA,static
4205,Ribeira Grande,risco_seca,NA,static
4205,Ribeira Grande,risco_sismo,NA,static
4205,Ribeira Grande,risco_tsunami,NA,static
4205,Ribeira Grande,taxa_bruta_natalidade,8.9,static
4205,Ribeira Grande,taxa_crescimento_efetivo,0.36,static
4205,Ribeira Grande,taxa_desemprego,9.16,static
4205,Ribeira Grande,taxa_esforco_arrendamento,24.80227853,static
4205,Ribeira Grande,valor_mediano_vendas_m2,849,static
4206,Vila Franca do Campo,acessos_internet_banda_larga,36.49,static
4206,Vila Franca do Campo,certificacao_energetica_cf,NA,static
4206,Vila Franca do Campo,coeficiente_gini,43,static
4206,Vila Franca do Campo,consumo_energia_eletrica,1056.2,static
4206,Vila Franca do Campo,densidade_populacional,133,static
4206,Vila Franca do Campo,disparidade_ganho_mensal,0.4,static
4206,Vila Franca do Campo,duracao_pendulares,17.2,static
4206,Vila Franca do Campo,emissoes_gee_edificios,NA,static
4206,Vila Franca do Campo,emissoes_gee_transportes,9.55,static
4206,Vila Franca do Campo,empresas_volume_negocios,184955.5,static
4206,Vila Franca do Campo,indice_envelhecimento_edificios,812.4,static
4206,Vila Franca do Campo,percentagem_poder_compra,0.072,static
4206,Vila Franca do Campo,prop_agregados_unipessoais,14.48,static
4206,Vila Franca do Campo,prop_alojamentos_arrendados,0.177,static
4206,Vila Franca do Campo,prop_alojamentos_locais,NA,static
4206,Vila Franca do Campo,prop_alojamentos_nao_classicos,0.02,static
4206,Vila Franca do Campo,prop_alojamentos_sobrelotados,23.6826347305389,static
4206,Vila Franca do Campo,prop_alojamentos_vagos,11.1,static
4206,Vila Franca do Campo,prop_ar_condicionado,3.80239521,static
4206,Vila Franca do Campo,prop_edificios_fora_urbano,NA,static
4206,Vila Franca do Campo,prop_ensino_secundario,29.76,static
4206,Vila Franca do Campo,prop_habitacao_social,4.320691311,static
4206,Vila Franca do Campo,prop_mais_20min_escola,NA,static
4206,Vila Franca do Campo,prop_mais_30min_hospital,NA,static
4206,Vila Franca do Campo,prop_modo_pedonal,22.3,static
4206,Vila Franca do Campo,prop_nacionalidade_estrangeira,0.017,static
4206,Vila Franca do Campo,prop_necessidade_reparacao,3.3,static
4206,Vila Franca do Campo,prop_pop_65_mais,14.91,static
4206,Vila Franca do Campo,prop_reabilitacao_edificado,NA,static
4206,Vila Franca do Campo,prop_risco_pobreza,32.84275618,static
4206,Vila Franca do Campo,prop_sem_aquecimento,89.55,static
4206,Vila Franca do Campo,prop_transporte_coletivo,17.6,static
4206,Vila Franca do Campo,prop_vagos_bom_estado,82.20339,static
4206,Vila Franca do Campo,racio_vendas_estrangeiros,1,static
4206,Vila Franca do Campo,risco_galgamentos_costeiros,NA,static
4206,Vila Franca do Campo,risco_incendio_rural,NA,static
4206,Vila Franca do Campo,risco_inundacao,NA,static
4206,Vila Franca do Campo,risco_movimento_massa,NA,static
4206,Vila Franca do Campo,risco_nevao,NA,static
4206,Vila Franca do Campo,risco_ondas_calor,NA,static
4206,Vila Franca do Campo,risco_ondas_frio,NA,static
4206,Vila Franca do Campo,risco_seca,NA,static
4206,Vila Franca do Campo,risco_sismo,NA,static
4206,Vila Franca do Campo,risco_tsunami,NA,static
4206,Vila Franca do Campo,taxa_bruta_natalidade,7.8,static
4206,Vila Franca do Campo,taxa_crescimento_efetivo,-0.29,static
4206,Vila Franca do Campo,taxa_desemprego,9.87,static
4206,Vila Franca do Campo,taxa_esforco_arrendamento,34.96246649,static
4206,Vila Franca do Campo,valor_mediano_vendas_m2,1154,static
4301,Angra do Heroísmo,acessos_internet_banda_larga,43.9,static
4301,Angra do Heroísmo,certificacao_energetica_cf,NA,static
4301,Angra do Heroísmo,coeficiente_gini,43.7,static
4301,Angra do Heroísmo,consumo_energia_eletrica,1236.2,static
4301,Angra do Heroísmo,densidade_populacional,141,static
4301,Angra do Heroísmo,disparidade_ganho_mensal,0.5,static
4301,Angra do Heroísmo,duracao_pendulares,13.87,static
4301,Angra do Heroísmo,emissoes_gee_edificios,NA,static
4301,Angra do Heroísmo,emissoes_gee_transportes,37.54,static
4301,Angra do Heroísmo,empresas_volume_negocios,192725.4,static
4301,Angra do Heroísmo,indice_envelhecimento_edificios,379.9,static
4301,Angra do Heroísmo,percentagem_poder_compra,0.295,static
4301,Angra do Heroísmo,prop_agregados_unipessoais,22.26,static
4301,Angra do Heroísmo,prop_alojamentos_arrendados,0.2397,static
4301,Angra do Heroísmo,prop_alojamentos_locais,NA,static
4301,Angra do Heroísmo,prop_alojamentos_nao_classicos,0.02,static
4301,Angra do Heroísmo,prop_alojamentos_sobrelotados,12.8269776236999,static
4301,Angra do Heroísmo,prop_alojamentos_vagos,11.5,static
4301,Angra do Heroísmo,prop_ar_condicionado,4.262527576,static
4301,Angra do Heroísmo,prop_edificios_fora_urbano,NA,static
4301,Angra do Heroísmo,prop_ensino_secundario,39.7,static
4301,Angra do Heroísmo,prop_habitacao_social,3.136851578,static
4301,Angra do Heroísmo,prop_mais_20min_escola,NA,static
4301,Angra do Heroísmo,prop_mais_30min_hospital,NA,static
4301,Angra do Heroísmo,prop_modo_pedonal,13.8,static
4301,Angra do Heroísmo,prop_nacionalidade_estrangeira,0.024,static
4301,Angra do Heroísmo,prop_necessidade_reparacao,10.92,static
4301,Angra do Heroísmo,prop_pop_65_mais,19.28,static
4301,Angra do Heroísmo,prop_reabilitacao_edificado,NA,static
4301,Angra do Heroísmo,prop_risco_pobreza,16.11713396,static
4301,Angra do Heroísmo,prop_sem_aquecimento,71.38,static
4301,Angra do Heroísmo,prop_transporte_coletivo,9.8,static
4301,Angra do Heroísmo,prop_vagos_bom_estado,67.79755,static
4301,Angra do Heroísmo,racio_vendas_estrangeiros,1,static
4301,Angra do Heroísmo,risco_galgamentos_costeiros,NA,static
4301,Angra do Heroísmo,risco_incendio_rural,NA,static
4301,Angra do Heroísmo,risco_inundacao,NA,static
4301,Angra do Heroísmo,risco_movimento_massa,NA,static
4301,Angra do Heroísmo,risco_nevao,NA,static
4301,Angra do Heroísmo,risco_ondas_calor,NA,static
4301,Angra do Heroísmo,risco_ondas_frio,NA,static
4301,Angra do Heroísmo,risco_seca,NA,static
4301,Angra do Heroísmo,risco_sismo,NA,static
4301,Angra do Heroísmo,risco_tsunami,NA,static
4301,Angra do Heroísmo,taxa_bruta_natalidade,6.5,static
4301,Angra do Heroísmo,taxa_crescimento_efetivo,-0.25,static
4301,Angra do Heroísmo,taxa_desemprego,6.06,static
4301,Angra do Heroísmo,taxa_esforco_arrendamento,25.81593132,static
4301,Angra do Heroísmo,valor_mediano_vendas_m2,1070,static
4302,Vila da Praia da Vitória,acessos_internet_banda_larga,45.42,static
4302,Vila da Praia da Vitória,certificacao_energetica_cf,NA,static
4302,Vila da Praia da Vitória,coeficiente_gini,41.1,static
4302,Vila da Praia da Vitória,consumo_energia_eletrica,1309.1,static
4302,Vila da Praia da Vitória,densidade_populacional,123.2,static
4302,Vila da Praia da Vitória,disparidade_ganho_mensal,6.7,static
4302,Vila da Praia da Vitória,duracao_pendulares,14.4,static
4302,Vila da Praia da Vitória,emissoes_gee_edificios,NA,static
4302,Vila da Praia da Vitória,emissoes_gee_transportes,18.5,static
4302,Vila da Praia da Vitória,empresas_volume_negocios,153838.8,static
4302,Vila da Praia da Vitória,indice_envelhecimento_edificios,861.8,static
4302,Vila da Praia da Vitória,percentagem_poder_compra,0.155,static
4302,Vila da Praia da Vitória,prop_agregados_unipessoais,20.25,static
4302,Vila da Praia da Vitória,prop_alojamentos_arrendados,0.3207,static
4302,Vila da Praia da Vitória,prop_alojamentos_locais,NA,static
4302,Vila da Praia da Vitória,prop_alojamentos_nao_classicos,0.12,static
4302,Vila da Praia da Vitória,prop_alojamentos_sobrelotados,12.1961102106969,static
4302,Vila da Praia da Vitória,prop_alojamentos_vagos,14.6,static
4302,Vila da Praia da Vitória,prop_ar_condicionado,7.387898433,static
4302,Vila da Praia da Vitória,prop_edificios_fora_urbano,NA,static
4302,Vila da Praia da Vitória,prop_ensino_secundario,34.69,static
4302,Vila da Praia da Vitória,prop_habitacao_social,2.330617717,static
4302,Vila da Praia da Vitória,prop_mais_20min_escola,NA,static
4302,Vila da Praia da Vitória,prop_mais_30min_hospital,NA,static
4302,Vila da Praia da Vitória,prop_modo_pedonal,9.8,static
4302,Vila da Praia da Vitória,prop_nacionalidade_estrangeira,0.022,static
4302,Vila da Praia da Vitória,prop_necessidade_reparacao,7.32,static
4302,Vila da Praia da Vitória,prop_pop_65_mais,18.35,static
4302,Vila da Praia da Vitória,prop_reabilitacao_edificado,NA,static
4302,Vila da Praia da Vitória,prop_risco_pobreza,16.67854785,static
4302,Vila da Praia da Vitória,prop_sem_aquecimento,73.87,static
4302,Vila da Praia da Vitória,prop_transporte_coletivo,11.5,static
4302,Vila da Praia da Vitória,prop_vagos_bom_estado,76.44163,static
4302,Vila da Praia da Vitória,racio_vendas_estrangeiros,1,static
4302,Vila da Praia da Vitória,risco_galgamentos_costeiros,NA,static
4302,Vila da Praia da Vitória,risco_incendio_rural,NA,static
4302,Vila da Praia da Vitória,risco_inundacao,NA,static
4302,Vila da Praia da Vitória,risco_movimento_massa,NA,static
4302,Vila da Praia da Vitória,risco_nevao,NA,static
4302,Vila da Praia da Vitória,risco_ondas_calor,NA,static
4302,Vila da Praia da Vitória,risco_ondas_frio,NA,static
4302,Vila da Praia da Vitória,risco_seca,NA,static
4302,Vila da Praia da Vitória,risco_sismo,NA,static
4302,Vila da Praia da Vitória,risco_tsunami,NA,static
4302,Vila da Praia da Vitória,taxa_bruta_natalidade,7.3,static
4302,Vila da Praia da Vitória,taxa_crescimento_efetivo,0.62,static
4302,Vila da Praia da Vitória,taxa_desemprego,6.03,static
4302,Vila da Praia da Vitória,taxa_esforco_arrendamento,31.82918149,static
4302,Vila da Praia da Vitória,valor_mediano_vendas_m2,1046,static
4401,Santa Cruz da Graciosa,acessos_internet_banda_larga,44.92,static
4401,Santa Cruz da Graciosa,certificacao_energetica_cf,NA,static
4401,Santa Cruz da Graciosa,coeficiente_gini,42.3,static
4401,Santa Cruz da Graciosa,consumo_energia_eletrica,1204.3,static
4401,Santa Cruz da Graciosa,densidade_populacional,67.1,static
4401,Santa Cruz da Graciosa,disparidade_ganho_mensal,10.1,static
4401,Santa Cruz da Graciosa,duracao_pendulares,10.23,static
4401,Santa Cruz da Graciosa,emissoes_gee_edificios,NA,static
4401,Santa Cruz da Graciosa,emissoes_gee_transportes,3.41,static
4401,Santa Cruz da Graciosa,empresas_volume_negocios,77185.3,static
4401,Santa Cruz da Graciosa,indice_envelhecimento_edificios,2064.4,static
4401,Santa Cruz da Graciosa,percentagem_poder_compra,0.03,static
4401,Santa Cruz da Graciosa,prop_agregados_unipessoais,25.11,static
4401,Santa Cruz da Graciosa,prop_alojamentos_arrendados,0.2233,static
4401,Santa Cruz da Graciosa,prop_alojamentos_locais,NA,static
4401,Santa Cruz da Graciosa,prop_alojamentos_nao_classicos,0.07,static
4401,Santa Cruz da Graciosa,prop_alojamentos_sobrelotados,10.6022584692597,static
4401,Santa Cruz da Graciosa,prop_alojamentos_vagos,12.1,static
4401,Santa Cruz da Graciosa,prop_ar_condicionado,3.074027604,static
4401,Santa Cruz da Graciosa,prop_edificios_fora_urbano,NA,static
4401,Santa Cruz da Graciosa,prop_ensino_secundario,29.8,static
4401,Santa Cruz da Graciosa,prop_habitacao_social,2.03870076,static
4401,Santa Cruz da Graciosa,prop_mais_20min_escola,NA,static
4401,Santa Cruz da Graciosa,prop_mais_30min_hospital,NA,static
4401,Santa Cruz da Graciosa,prop_modo_pedonal,14.6,static
4401,Santa Cruz da Graciosa,prop_nacionalidade_estrangeira,0.023,static
4401,Santa Cruz da Graciosa,prop_necessidade_reparacao,22.74,static
4401,Santa Cruz da Graciosa,prop_pop_65_mais,21.76,static
4401,Santa Cruz da Graciosa,prop_reabilitacao_edificado,NA,static
4401,Santa Cruz da Graciosa,prop_risco_pobreza,21.64963504,static
4401,Santa Cruz da Graciosa,prop_sem_aquecimento,85.82,static
4401,Santa Cruz da Graciosa,prop_transporte_coletivo,10.2,static
4401,Santa Cruz da Graciosa,prop_vagos_bom_estado,49.57265,static
4401,Santa Cruz da Graciosa,racio_vendas_estrangeiros,1,static
4401,Santa Cruz da Graciosa,risco_galgamentos_costeiros,NA,static
4401,Santa Cruz da Graciosa,risco_incendio_rural,NA,static
4401,Santa Cruz da Graciosa,risco_inundacao,NA,static
4401,Santa Cruz da Graciosa,risco_movimento_massa,NA,static
4401,Santa Cruz da Graciosa,risco_nevao,NA,static
4401,Santa Cruz da Graciosa,risco_ondas_calor,NA,static
4401,Santa Cruz da Graciosa,risco_ondas_frio,NA,static
4401,Santa Cruz da Graciosa,risco_seca,NA,static
4401,Santa Cruz da Graciosa,risco_sismo,NA,static
4401,Santa Cruz da Graciosa,risco_tsunami,NA,static
4401,Santa Cruz da Graciosa,taxa_bruta_natalidade,7.6,static
4401,Santa Cruz da Graciosa,taxa_crescimento_efetivo,-0.73,static
4401,Santa Cruz da Graciosa,taxa_desemprego,5.68,static
4401,Santa Cruz da Graciosa,taxa_esforco_arrendamento,30.97854652,static
4401,Santa Cruz da Graciosa,valor_mediano_vendas_m2,369,static
4501,Calheta (R.A.A.),acessos_internet_banda_larga,40.69,static
4501,Calheta (R.A.A.),certificacao_energetica_cf,NA,static
4501,Calheta (R.A.A.),coeficiente_gini,39.4,static
4501,Calheta (R.A.A.),consumo_energia_eletrica,1359.6,static
4501,Calheta (R.A.A.),densidade_populacional,27.6,static
4501,Calheta (R.A.A.),disparidade_ganho_mensal,4.8,static
4501,Calheta (R.A.A.),duracao_pendulares,13.68,static
4501,Calheta (R.A.A.),emissoes_gee_edificios,NA,static
4501,Calheta (R.A.A.),emissoes_gee_transportes,2.93,static
4501,Calheta (R.A.A.),empresas_volume_negocios,120689.4,static
4501,Calheta (R.A.A.),indice_envelhecimento_edificios,951.1,static
4501,Calheta (R.A.A.),percentagem_poder_compra,0.024,static
4501,Calheta (R.A.A.),prop_agregados_unipessoais,27.51,static
4501,Calheta (R.A.A.),prop_alojamentos_arrendados,0.1932,static
4501,Calheta (R.A.A.),prop_alojamentos_locais,NA,static
4501,Calheta (R.A.A.),prop_alojamentos_nao_classicos,0,static
4501,Calheta (R.A.A.),prop_alojamentos_sobrelotados,13.3379888268156,static
4501,Calheta (R.A.A.),prop_alojamentos_vagos,10.9,static
4501,Calheta (R.A.A.),prop_ar_condicionado,6.145251397,static
4501,Calheta (R.A.A.),prop_edificios_fora_urbano,NA,static
4501,Calheta (R.A.A.),prop_ensino_secundario,27.69,static
4501,Calheta (R.A.A.),prop_habitacao_social,0.081766149,static
4501,Calheta (R.A.A.),prop_mais_20min_escola,NA,static
4501,Calheta (R.A.A.),prop_mais_30min_hospital,NA,static
4501,Calheta (R.A.A.),prop_modo_pedonal,11.3,static
4501,Calheta (R.A.A.),prop_nacionalidade_estrangeira,0.027,static
4501,Calheta (R.A.A.),prop_necessidade_reparacao,17.79,static
4501,Calheta (R.A.A.),prop_pop_65_mais,23.65,static
4501,Calheta (R.A.A.),prop_reabilitacao_edificado,NA,static
4501,Calheta (R.A.A.),prop_risco_pobreza,22.68210863,static
4501,Calheta (R.A.A.),prop_sem_aquecimento,78.56,static
4501,Calheta (R.A.A.),prop_transporte_coletivo,15.8,static
4501,Calheta (R.A.A.),prop_vagos_bom_estado,56.43939,static
4501,Calheta (R.A.A.),racio_vendas_estrangeiros,1,static
4501,Calheta (R.A.A.),risco_galgamentos_costeiros,NA,static
4501,Calheta (R.A.A.),risco_incendio_rural,NA,static
4501,Calheta (R.A.A.),risco_inundacao,NA,static
4501,Calheta (R.A.A.),risco_movimento_massa,NA,static
4501,Calheta (R.A.A.),risco_nevao,NA,static
4501,Calheta (R.A.A.),risco_ondas_calor,NA,static
4501,Calheta (R.A.A.),risco_ondas_frio,NA,static
4501,Calheta (R.A.A.),risco_seca,NA,static
4501,Calheta (R.A.A.),risco_sismo,NA,static
4501,Calheta (R.A.A.),risco_tsunami,NA,static
4501,Calheta (R.A.A.),taxa_bruta_natalidade,6.6,static
4501,Calheta (R.A.A.),taxa_crescimento_efetivo,-0.23,static
4501,Calheta (R.A.A.),taxa_desemprego,2.69,static
4501,Calheta (R.A.A.),taxa_esforco_arrendamento,31.83886473,static
4501,Calheta (R.A.A.),valor_mediano_vendas_m2,691,static
4502,Velas,acessos_internet_banda_larga,45.77,static
4502,Velas,certificacao_energetica_cf,NA,static
4502,Velas,coeficiente_gini,42,static
4502,Velas,consumo_energia_eletrica,1468.5,static
4502,Velas,densidade_populacional,42.2,static
4502,Velas,disparidade_ganho_mensal,8.8,static
4502,Velas,duracao_pendulares,12.81,static
4502,Velas,emissoes_gee_edificios,NA,static
4502,Velas,emissoes_gee_transportes,4.19,static
4502,Velas,empresas_volume_negocios,139733.7,static
4502,Velas,indice_envelhecimento_edificios,608.8,static
4502,Velas,percentagem_poder_compra,0.039,static
4502,Velas,prop_agregados_unipessoais,25.7,static
4502,Velas,prop_alojamentos_arrendados,0.2656,static
4502,Velas,prop_alojamentos_locais,NA,static
4502,Velas,prop_alojamentos_nao_classicos,0,static
4502,Velas,prop_alojamentos_sobrelotados,12.48149975333,static
4502,Velas,prop_alojamentos_vagos,17.8,static
4502,Velas,prop_ar_condicionado,6.660088801,static
4502,Velas,prop_edificios_fora_urbano,NA,static
4502,Velas,prop_ensino_secundario,33.62,static
4502,Velas,prop_habitacao_social,0.432098765,static
4502,Velas,prop_mais_20min_escola,NA,static
4502,Velas,prop_mais_30min_hospital,NA,static
4502,Velas,prop_modo_pedonal,19.1,static
4502,Velas,prop_nacionalidade_estrangeira,0.035,static
4502,Velas,prop_necessidade_reparacao,9.36,static
4502,Velas,prop_pop_65_mais,20.89,static
4502,Velas,prop_reabilitacao_edificado,NA,static
4502,Velas,prop_risco_pobreza,20.43289474,static
4502,Velas,prop_sem_aquecimento,74,static
4502,Velas,prop_transporte_coletivo,11,static
4502,Velas,prop_vagos_bom_estado,71.42857,static
4502,Velas,racio_vendas_estrangeiros,1,static
4502,Velas,risco_galgamentos_costeiros,NA,static
4502,Velas,risco_incendio_rural,NA,static
4502,Velas,risco_inundacao,NA,static
4502,Velas,risco_movimento_massa,NA,static
4502,Velas,risco_nevao,NA,static
4502,Velas,risco_ondas_calor,NA,static
4502,Velas,risco_ondas_frio,NA,static
4502,Velas,risco_seca,NA,static
4502,Velas,risco_sismo,NA,static
4502,Velas,risco_tsunami,NA,static
4502,Velas,taxa_bruta_natalidade,5.5,static
4502,Velas,taxa_crescimento_efetivo,-0.06,static
4502,Velas,taxa_desemprego,3.53,static
4502,Velas,taxa_esforco_arrendamento,25.75317525,static
4502,Velas,valor_mediano_vendas_m2,750,static
4601,Lajes do Pico,acessos_internet_banda_larga,44.95,static
4601,Lajes do Pico,certificacao_energetica_cf,NA,static
4601,Lajes do Pico,coeficiente_gini,39.9,static
4601,Lajes do Pico,consumo_energia_eletrica,1375.3,static
4601,Lajes do Pico,densidade_populacional,28.3,static
4601,Lajes do Pico,disparidade_ganho_mensal,4.3,static
4601,Lajes do Pico,duracao_pendulares,16.36,static
4601,Lajes do Pico,emissoes_gee_edificios,NA,static
4601,Lajes do Pico,emissoes_gee_transportes,3.66,static
4601,Lajes do Pico,empresas_volume_negocios,63689.91,static
4601,Lajes do Pico,indice_envelhecimento_edificios,554.2,static
4601,Lajes do Pico,percentagem_poder_compra,0.03,static
4601,Lajes do Pico,prop_agregados_unipessoais,22.26,static
4601,Lajes do Pico,prop_alojamentos_arrendados,0.0811,static
4601,Lajes do Pico,prop_alojamentos_locais,NA,static
4601,Lajes do Pico,prop_alojamentos_nao_classicos,0.07,static
4601,Lajes do Pico,prop_alojamentos_sobrelotados,11.1044417767106,static
4601,Lajes do Pico,prop_alojamentos_vagos,11.6,static
4601,Lajes do Pico,prop_ar_condicionado,2.941176471,static
4601,Lajes do Pico,prop_edificios_fora_urbano,NA,static
4601,Lajes do Pico,prop_ensino_secundario,32.84,static
4601,Lajes do Pico,prop_habitacao_social,0.156054931,static
4601,Lajes do Pico,prop_mais_20min_escola,NA,static
4601,Lajes do Pico,prop_mais_30min_hospital,NA,static
4601,Lajes do Pico,prop_modo_pedonal,12.7,static
4601,Lajes do Pico,prop_nacionalidade_estrangeira,0.058,static
4601,Lajes do Pico,prop_necessidade_reparacao,12.26,static
4601,Lajes do Pico,prop_pop_65_mais,24.86,static
4601,Lajes do Pico,prop_reabilitacao_edificado,NA,static
4601,Lajes do Pico,prop_risco_pobreza,18.77414449,static
4601,Lajes do Pico,prop_sem_aquecimento,80.73,static
4601,Lajes do Pico,prop_transporte_coletivo,15.3,static
4601,Lajes do Pico,prop_vagos_bom_estado,63.03191,static
4601,Lajes do Pico,racio_vendas_estrangeiros,1,static
4601,Lajes do Pico,risco_galgamentos_costeiros,NA,static
4601,Lajes do Pico,risco_incendio_rural,NA,static
4601,Lajes do Pico,risco_inundacao,NA,static
4601,Lajes do Pico,risco_movimento_massa,NA,static
4601,Lajes do Pico,risco_nevao,NA,static
4601,Lajes do Pico,risco_ondas_calor,NA,static
4601,Lajes do Pico,risco_ondas_frio,NA,static
4601,Lajes do Pico,risco_seca,NA,static
4601,Lajes do Pico,risco_sismo,NA,static
4601,Lajes do Pico,risco_tsunami,NA,static
4601,Lajes do Pico,taxa_bruta_natalidade,8.6,static
4601,Lajes do Pico,taxa_crescimento_efetivo,-0.11,static
4601,Lajes do Pico,taxa_desemprego,4.04,static
4601,Lajes do Pico,taxa_esforco_arrendamento,30.15260116,static
4601,Lajes do Pico,valor_mediano_vendas_m2,994,static
4602,Madalena,acessos_internet_banda_larga,45.45,static
4602,Madalena,certificacao_energetica_cf,NA,static
4602,Madalena,coeficiente_gini,40.4,static
4602,Madalena,consumo_energia_eletrica,1420,static
4602,Madalena,densidade_populacional,44.6,static
4602,Madalena,disparidade_ganho_mensal,4.6,static
4602,Madalena,duracao_pendulares,12.46,static
4602,Madalena,emissoes_gee_edificios,NA,static
4602,Madalena,emissoes_gee_transportes,4.7,static
4602,Madalena,empresas_volume_negocios,104025.2,static
4602,Madalena,indice_envelhecimento_edificios,156.1,static
4602,Madalena,percentagem_poder_compra,0.051,static
4602,Madalena,prop_agregados_unipessoais,21.38,static
4602,Madalena,prop_alojamentos_arrendados,0.1279,static
4602,Madalena,prop_alojamentos_locais,NA,static
4602,Madalena,prop_alojamentos_nao_classicos,0,static
4602,Madalena,prop_alojamentos_sobrelotados,14.1112047177759,static
4602,Madalena,prop_alojamentos_vagos,12,static
4602,Madalena,prop_ar_condicionado,9.51979781,static
4602,Madalena,prop_edificios_fora_urbano,NA,static
4602,Madalena,prop_ensino_secundario,37.06,static
4602,Madalena,prop_habitacao_social,0.17366136,static
4602,Madalena,prop_mais_20min_escola,NA,static
4602,Madalena,prop_mais_30min_hospital,NA,static
4602,Madalena,prop_modo_pedonal,12.4,static
4602,Madalena,prop_nacionalidade_estrangeira,0.069,static
4602,Madalena,prop_necessidade_reparacao,17.93,static
4602,Madalena,prop_pop_65_mais,19.97,static
4602,Madalena,prop_reabilitacao_edificado,NA,static
4602,Madalena,prop_risco_pobreza,15.96226415,static
4602,Madalena,prop_sem_aquecimento,73.93,static
4602,Madalena,prop_transporte_coletivo,9.8,static
4602,Madalena,prop_vagos_bom_estado,55.63218,static
4602,Madalena,racio_vendas_estrangeiros,1,static
4602,Madalena,risco_galgamentos_costeiros,NA,static
4602,Madalena,risco_incendio_rural,NA,static
4602,Madalena,risco_inundacao,NA,static
4602,Madalena,risco_movimento_massa,NA,static
4602,Madalena,risco_nevao,NA,static
4602,Madalena,risco_ondas_calor,NA,static
4602,Madalena,risco_ondas_frio,NA,static
4602,Madalena,risco_seca,NA,static
4602,Madalena,risco_sismo,NA,static
4602,Madalena,risco_tsunami,NA,static
4602,Madalena,taxa_bruta_natalidade,7.3,static
4602,Madalena,taxa_crescimento_efetivo,0.4,static
4602,Madalena,taxa_desemprego,3.93,static
4602,Madalena,taxa_esforco_arrendamento,47.40584146,static
4602,Madalena,valor_mediano_vendas_m2,1220,static
4603,São Roque do Pico,acessos_internet_banda_larga,51.19,static
4603,São Roque do Pico,certificacao_energetica_cf,NA,static
4603,São Roque do Pico,coeficiente_gini,43.8,static
4603,São Roque do Pico,consumo_energia_eletrica,1563.9,static
4603,São Roque do Pico,densidade_populacional,24.3,static
4603,São Roque do Pico,disparidade_ganho_mensal,15,static
4603,São Roque do Pico,duracao_pendulares,13.54,static
4603,São Roque do Pico,emissoes_gee_edificios,NA,static
4603,São Roque do Pico,emissoes_gee_transportes,2.63,static
4603,São Roque do Pico,empresas_volume_negocios,73183.5,static
4603,São Roque do Pico,indice_envelhecimento_edificios,597.6,static
4603,São Roque do Pico,percentagem_poder_compra,0.025,static
4603,São Roque do Pico,prop_agregados_unipessoais,23.64,static
4603,São Roque do Pico,prop_alojamentos_arrendados,0.1935,static
4603,São Roque do Pico,prop_alojamentos_locais,NA,static
4603,São Roque do Pico,prop_alojamentos_nao_classicos,0.12,static
4603,São Roque do Pico,prop_alojamentos_sobrelotados,13.2716049382716,static
4603,São Roque do Pico,prop_alojamentos_vagos,11.9,static
4603,São Roque do Pico,prop_ar_condicionado,4.783950617,static
4603,São Roque do Pico,prop_edificios_fora_urbano,NA,static
4603,São Roque do Pico,prop_ensino_secundario,37.05,static
4603,São Roque do Pico,prop_habitacao_social,0.17905103,static
4603,São Roque do Pico,prop_mais_20min_escola,NA,static
4603,São Roque do Pico,prop_mais_30min_hospital,NA,static
4603,São Roque do Pico,prop_modo_pedonal,13,static
4603,São Roque do Pico,prop_nacionalidade_estrangeira,0.072,static
4603,São Roque do Pico,prop_necessidade_reparacao,18.97,static
4603,São Roque do Pico,prop_pop_65_mais,21.24,static
4603,São Roque do Pico,prop_reabilitacao_edificado,NA,static
4603,São Roque do Pico,prop_risco_pobreza,19.11921296,static
4603,São Roque do Pico,prop_sem_aquecimento,72.76,static
4603,São Roque do Pico,prop_transporte_coletivo,11.3,static
4603,São Roque do Pico,prop_vagos_bom_estado,64.46886,static
4603,São Roque do Pico,racio_vendas_estrangeiros,1,static
4603,São Roque do Pico,risco_galgamentos_costeiros,NA,static
4603,São Roque do Pico,risco_incendio_rural,NA,static
4603,São Roque do Pico,risco_inundacao,NA,static
4603,São Roque do Pico,risco_movimento_massa,NA,static
4603,São Roque do Pico,risco_nevao,NA,static
4603,São Roque do Pico,risco_ondas_calor,NA,static
4603,São Roque do Pico,risco_ondas_frio,NA,static
4603,São Roque do Pico,risco_seca,NA,static
4603,São Roque do Pico,risco_sismo,NA,static
4603,São Roque do Pico,risco_tsunami,NA,static
4603,São Roque do Pico,taxa_bruta_natalidade,5.5,static
4603,São Roque do Pico,taxa_crescimento_efetivo,1.46,static
4603,São Roque do Pico,taxa_desemprego,3.75,static
4603,São Roque do Pico,taxa_esforco_arrendamento,30.21372719,static
4603,São Roque do Pico,valor_mediano_vendas_m2,1116,static
4701,Horta,acessos_internet_banda_larga,46.43,static
4701,Horta,certificacao_energetica_cf,NA,static
4701,Horta,coeficiente_gini,43.5,static
4701,Horta,consumo_energia_eletrica,1320.8,static
4701,Horta,densidade_populacional,83.6,static
4701,Horta,disparidade_ganho_mensal,7.7,static
4701,Horta,duracao_pendulares,12.16,static
4701,Horta,emissoes_gee_edificios,NA,static
4701,Horta,emissoes_gee_transportes,15.19,static
4701,Horta,empresas_volume_negocios,98945.27,static
4701,Horta,indice_envelhecimento_edificios,321.6,static
4701,Horta,percentagem_poder_compra,0.118,static
4701,Horta,prop_agregados_unipessoais,23.69,static
4701,Horta,prop_alojamentos_arrendados,0.1305,static
4701,Horta,prop_alojamentos_locais,NA,static
4701,Horta,prop_alojamentos_nao_classicos,0.14,static
4701,Horta,prop_alojamentos_sobrelotados,13.2718239886444,static
4701,Horta,prop_alojamentos_vagos,11.4,static
4701,Horta,prop_ar_condicionado,9.776437189,static
4701,Horta,prop_edificios_fora_urbano,NA,static
4701,Horta,prop_ensino_secundario,41.73,static
4701,Horta,prop_habitacao_social,1.148942133,static
4701,Horta,prop_mais_20min_escola,NA,static
4701,Horta,prop_mais_30min_hospital,NA,static
4701,Horta,prop_modo_pedonal,13.4,static
4701,Horta,prop_nacionalidade_estrangeira,0.075,static
4701,Horta,prop_necessidade_reparacao,6.36,static
4701,Horta,prop_pop_65_mais,19.94,static
4701,Horta,prop_reabilitacao_edificado,NA,static
4701,Horta,prop_risco_pobreza,14.944777910000001,static
4701,Horta,prop_sem_aquecimento,67.1,static
4701,Horta,prop_transporte_coletivo,8.4,static
4701,Horta,prop_vagos_bom_estado,74.4352,static
4701,Horta,racio_vendas_estrangeiros,1,static
4701,Horta,risco_galgamentos_costeiros,NA,static
4701,Horta,risco_incendio_rural,NA,static
4701,Horta,risco_inundacao,NA,static
4701,Horta,risco_movimento_massa,NA,static
4701,Horta,risco_nevao,NA,static
4701,Horta,risco_ondas_calor,NA,static
4701,Horta,risco_ondas_frio,NA,static
4701,Horta,risco_seca,NA,static
4701,Horta,risco_sismo,NA,static
4701,Horta,risco_tsunami,NA,static
4701,Horta,taxa_bruta_natalidade,7.7,static
4701,Horta,taxa_crescimento_efetivo,0,static
4701,Horta,taxa_desemprego,3.83,static
4701,Horta,taxa_esforco_arrendamento,22.65919196,static
4701,Horta,valor_mediano_vendas_m2,1069,static
4801,Lajes das Flores,acessos_internet_banda_larga,47.9,static
4801,Lajes das Flores,certificacao_energetica_cf,NA,static
4801,Lajes das Flores,coeficiente_gini,44.5,static
4801,Lajes das Flores,consumo_energia_eletrica,1842.7,static
4801,Lajes das Flores,densidade_populacional,20.8,static
4801,Lajes das Flores,disparidade_ganho_mensal,10.5,static
4801,Lajes das Flores,duracao_pendulares,15.77,static
4801,Lajes das Flores,emissoes_gee_edificios,NA,static
4801,Lajes das Flores,emissoes_gee_transportes,1.17,static
4801,Lajes das Flores,empresas_volume_negocios,72496.06,static
4801,Lajes das Flores,indice_envelhecimento_edificios,615.9,static
4801,Lajes das Flores,percentagem_poder_compra,0.01,static
4801,Lajes das Flores,prop_agregados_unipessoais,30.91,static
4801,Lajes das Flores,prop_alojamentos_arrendados,0.0667,static
4801,Lajes das Flores,prop_alojamentos_locais,NA,static
4801,Lajes das Flores,prop_alojamentos_nao_classicos,0.21,static
4801,Lajes das Flores,prop_alojamentos_sobrelotados,13.8333333333333,static
4801,Lajes das Flores,prop_alojamentos_vagos,18.9,static
4801,Lajes das Flores,prop_ar_condicionado,1.333333333,static
4801,Lajes das Flores,prop_edificios_fora_urbano,NA,static
4801,Lajes das Flores,prop_ensino_secundario,31.96,static
4801,Lajes das Flores,prop_habitacao_social,0.197628458,static
4801,Lajes das Flores,prop_mais_20min_escola,NA,static
4801,Lajes das Flores,prop_mais_30min_hospital,NA,static
4801,Lajes das Flores,prop_modo_pedonal,18.7,static
4801,Lajes das Flores,prop_nacionalidade_estrangeira,0.094,static
4801,Lajes das Flores,prop_necessidade_reparacao,29.67,static
4801,Lajes das Flores,prop_pop_65_mais,20.74,static
4801,Lajes das Flores,prop_reabilitacao_edificado,NA,static
4801,Lajes das Flores,prop_risco_pobreza,19.20516129,static
4801,Lajes das Flores,prop_sem_aquecimento,66.17,static
4801,Lajes das Flores,prop_transporte_coletivo,16.1,static
4801,Lajes das Flores,prop_vagos_bom_estado,40.72165,static
4801,Lajes das Flores,racio_vendas_estrangeiros,1,static
4801,Lajes das Flores,risco_galgamentos_costeiros,NA,static
4801,Lajes das Flores,risco_incendio_rural,NA,static
4801,Lajes das Flores,risco_inundacao,NA,static
4801,Lajes das Flores,risco_movimento_massa,NA,static
4801,Lajes das Flores,risco_nevao,NA,static
4801,Lajes das Flores,risco_ondas_calor,NA,static
4801,Lajes das Flores,risco_ondas_frio,NA,static
4801,Lajes das Flores,risco_seca,NA,static
4801,Lajes das Flores,risco_sismo,NA,static
4801,Lajes das Flores,risco_tsunami,NA,static
4801,Lajes das Flores,taxa_bruta_natalidade,7.6,static
4801,Lajes das Flores,taxa_crescimento_efetivo,0.69,static
4801,Lajes das Flores,taxa_desemprego,2.82,static
4801,Lajes das Flores,taxa_esforco_arrendamento,28.76426799,static
4801,Lajes das Flores,valor_mediano_vendas_m2,1179,static
4802,Santa Cruz das Flores,acessos_internet_banda_larga,41.5,static
4802,Santa Cruz das Flores,certificacao_energetica_cf,NA,static
4802,Santa Cruz das Flores,coeficiente_gini,44.5,static
4802,Santa Cruz das Flores,consumo_energia_eletrica,984.2,static
4802,Santa Cruz das Flores,densidade_populacional,29.8,static
4802,Santa Cruz das Flores,disparidade_ganho_mensal,18.9,static
4802,Santa Cruz das Flores,duracao_pendulares,11.3,static
4802,Santa Cruz das Flores,emissoes_gee_edificios,NA,static
4802,Santa Cruz das Flores,emissoes_gee_transportes,1.78,static
4802,Santa Cruz das Flores,empresas_volume_negocios,57661.5,static
4802,Santa Cruz das Flores,indice_envelhecimento_edificios,1083.8,static
4802,Santa Cruz das Flores,percentagem_poder_compra,0.016,static
4802,Santa Cruz das Flores,prop_agregados_unipessoais,28.54,static
4802,Santa Cruz das Flores,prop_alojamentos_arrendados,0.1746,static
4802,Santa Cruz das Flores,prop_alojamentos_locais,NA,static
4802,Santa Cruz das Flores,prop_alojamentos_nao_classicos,0.2,static
4802,Santa Cruz das Flores,prop_alojamentos_sobrelotados,16.2162162162162,static
4802,Santa Cruz das Flores,prop_alojamentos_vagos,21.6,static
4802,Santa Cruz das Flores,prop_ar_condicionado,2.825552826,static
4802,Santa Cruz das Flores,prop_edificios_fora_urbano,NA,static
4802,Santa Cruz das Flores,prop_ensino_secundario,32.78,static
4802,Santa Cruz das Flores,prop_habitacao_social,0.766609881,static
4802,Santa Cruz das Flores,prop_mais_20min_escola,NA,static
4802,Santa Cruz das Flores,prop_mais_30min_hospital,NA,static
4802,Santa Cruz das Flores,prop_modo_pedonal,19.2,static
4802,Santa Cruz das Flores,prop_nacionalidade_estrangeira,0.03,static
4802,Santa Cruz das Flores,prop_necessidade_reparacao,21.1,static
4802,Santa Cruz das Flores,prop_pop_65_mais,19.16,static
4802,Santa Cruz das Flores,prop_reabilitacao_edificado,NA,static
4802,Santa Cruz das Flores,prop_risco_pobreza,19.20516129,static
4802,Santa Cruz das Flores,prop_sem_aquecimento,74.57,static
4802,Santa Cruz das Flores,prop_transporte_coletivo,9.2,static
4802,Santa Cruz das Flores,prop_vagos_bom_estado,54.11765,static
4802,Santa Cruz das Flores,racio_vendas_estrangeiros,1,static
4802,Santa Cruz das Flores,risco_galgamentos_costeiros,NA,static
4802,Santa Cruz das Flores,risco_incendio_rural,NA,static
4802,Santa Cruz das Flores,risco_inundacao,NA,static
4802,Santa Cruz das Flores,risco_movimento_massa,NA,static
4802,Santa Cruz das Flores,risco_nevao,NA,static
4802,Santa Cruz das Flores,risco_ondas_calor,NA,static
4802,Santa Cruz das Flores,risco_ondas_frio,NA,static
4802,Santa Cruz das Flores,risco_seca,NA,static
4802,Santa Cruz das Flores,risco_sismo,NA,static
4802,Santa Cruz das Flores,risco_tsunami,NA,static
4802,Santa Cruz das Flores,taxa_bruta_natalidade,5.7,static
4802,Santa Cruz das Flores,taxa_crescimento_efetivo,0.76,static
4802,Santa Cruz das Flores,taxa_desemprego,3,static
4802,Santa Cruz das Flores,taxa_esforco_arrendamento,28.76426799,static
4802,Santa Cruz das Flores,valor_mediano_vendas_m2,1179,static
4901,Corvo,acessos_internet_banda_larga,46.79,static
4901,Corvo,certificacao_energetica_cf,NA,static
4901,Corvo,coeficiente_gini,44.5,static
4901,Corvo,consumo_energia_eletrica,1581.6,static
4901,Corvo,densidade_populacional,25.5,static
4901,Corvo,disparidade_ganho_mensal,9.5,static
4901,Corvo,duracao_pendulares,9.57,static
4901,Corvo,emissoes_gee_edificios,NA,static
4901,Corvo,emissoes_gee_transportes,0.33,static
4901,Corvo,empresas_volume_negocios,37578.53,static
4901,Corvo,indice_envelhecimento_edificios,82.1,static
4901,Corvo,percentagem_poder_compra,0.003,static
4901,Corvo,prop_agregados_unipessoais,25.81,static
4901,Corvo,prop_alojamentos_arrendados,0,static
4901,Corvo,prop_alojamentos_locais,NA,static
4901,Corvo,prop_alojamentos_nao_classicos,0.26,static
4901,Corvo,prop_alojamentos_sobrelotados,24.6753246753246,static
4901,Corvo,prop_alojamentos_vagos,23,static
4901,Corvo,prop_ar_condicionado,5.194805195,static
4901,Corvo,prop_edificios_fora_urbano,NA,static
4901,Corvo,prop_ensino_secundario,34.89,static
4901,Corvo,prop_habitacao_social,0,static
4901,Corvo,prop_mais_20min_escola,NA,static
4901,Corvo,prop_mais_30min_hospital,NA,static
4901,Corvo,prop_modo_pedonal,60.3,static
4901,Corvo,prop_nacionalidade_estrangeira,0.039,static
4901,Corvo,prop_necessidade_reparacao,16.67,static
4901,Corvo,prop_pop_65_mais,15.36,static
4901,Corvo,prop_reabilitacao_edificado,NA,static
4901,Corvo,prop_risco_pobreza,19.20516129,static
4901,Corvo,prop_sem_aquecimento,85.06,static
4901,Corvo,prop_transporte_coletivo,0.8,static
4901,Corvo,prop_vagos_bom_estado,63.82979,static
4901,Corvo,racio_vendas_estrangeiros,1,static
4901,Corvo,risco_galgamentos_costeiros,NA,static
4901,Corvo,risco_incendio_rural,NA,static
4901,Corvo,risco_inundacao,NA,static
4901,Corvo,risco_movimento_massa,NA,static
4901,Corvo,risco_nevao,NA,static
4901,Corvo,risco_ondas_calor,NA,static
4901,Corvo,risco_ondas_frio,NA,static
4901,Corvo,risco_seca,NA,static
4901,Corvo,risco_sismo,NA,static
4901,Corvo,risco_tsunami,NA,static
4901,Corvo,taxa_bruta_natalidade,2.3,static
4901,Corvo,taxa_crescimento_efetivo,0.46,static
4901,Corvo,taxa_desemprego,4.37,static
4901,Corvo,taxa_esforco_arrendamento,28.76426799,static
4901,Corvo,valor_mediano_vendas_m2,1179,static
